Gitcoin Round Id,Gitcoin Grants #,Round Name,Gitcoin Project Id,Application Title,Matching Amount,# of Contributors,Contribution Amount
9,20,Token Engineering QF Grants Round: Spring 2024,0xaa57e092bd3351948df6efb86191e742c98016bfb02df621b86dde05880d40a1,"Pairwise: Simplifying Choices, Amplifying Voices",0.0,45,122.62067191297501
9,20,Token Engineering QF Grants Round: Spring 2024,0xbc0c38f75ec02f37af3c6cc5acef9951e0f69c0b49a26e9bf680b1fbcf4f76cb,Turtleshell,0.0,31,242.55365250259638
9,20,Token Engineering QF Grants Round: Spring 2024,0xbe06726f599e6b4bd2b62abe149983d7181f651dac949f3ea04fefa5d6455e55,Kairos Research,0.0,73,502.20441539213061
9,20,Token Engineering QF Grants Round: Spring 2024,0xc38085c70302514af4aaf56a46fdb31c0acb6ae29cfc15fd1cf004902f2eed21,Crypto Commons Association,0.0,49,325.86547706276178
9,20,Token Engineering QF Grants Round: Spring 2024,0xcf11630dc86ab8f11b4da861f737540108c8a0b58c26b592c7734c1d67f2245e,The cadCAD Foundation,0.0,85,289.9382898844251
9,20,Token Engineering QF Grants Round: Spring 2024,0xd0a20305ec0f8817a697447a80b59db2772df8cf03ab6e2e4cc266567327fb52,Gobying,0.0,57,754.44073837995529
9,20,Token Engineering QF Grants Round: Spring 2024,0xe3c5497e3073669d3788a015ce9e89fd2ba14028af892c613b7dad8e742d7b46,1Hive Gardens,0.0,42,145.42694953451246
9,20,Token Engineering QF Grants Round: Spring 2024,0xecbb293513e9d1f104645a6adfa636f216648facfed9394405264596ffa60b09,Moos Modular Money Framework,0.0,35,141.38675329834223
9,20,Token Engineering QF Grants Round: Spring 2024,0xf828b825d535b1f80699d17c59e1f98ac9c157d9e529231d6ab50ad7bf3f6cf5,$EARTH - OSS,0.0,32,107.82406058907509
9,20,Token Engineering QF Grants Round: Spring 2024,0x9419b95649be555380b4aea50155f6921f1057993bdd79eda92f2a2c0b33bbee,Lived experience-based Weighted Voting Mechanism Design,0.0,30,273.47536585479975
9,20,Token Engineering QF Grants Round: Spring 2024,0xa37658ed45bb954b5bc89672cfaf820200500a7bfeb0f9e0333a1ec5dfa64292,Super DCA: Innovating Decentralized Finance with Time-Weighted Average Market Making,0.0,169,1886.70579187572
9,20,Token Engineering QF Grants Round: Spring 2024,0x23e24c26ee9c0e22b4682f34631b62c59a6eaff7419f93c9c001315e740f676b,DeFinomics Labs,0.0,47,411.01307992637157
9,20,Token Engineering QF Grants Round: Spring 2024,0x77ad10f6532a1fe22e28870d7f4d73eb3b05331c9470ebf1356aed5d5a9ef240,Bonding Curve Research Group (BCRG),0.0,66,356.17657924810737
9,20,Token Engineering QF Grants Round: Spring 2024,0x017cc70946e91d8d0c99c9fe98e0627854e9f23df8ff78e64f6e1be2822ebde5,Network of Trust,0.0,60,250.98222453892231
9,20,Token Engineering QF Grants Round: Spring 2024,0x1aeef6017a648aa54fa27a65664ecb26c34e113c813b05e8d3f16b84cc45c323,"C–ATTS, Composite Attestations",0.0,29,124.49327707290649
9,20,Token Engineering QF Grants Round: Spring 2024,0x2407ce2fcd01ecc5096a6e79cf3db70ec5d4dd81626740afb0b1023e201c4b24,HonorCode,0.0,15,27.026367425918579
9,20,Token Engineering QF Grants Round: Spring 2024,0x3438002cc3cf9cb80519485ae44ae77d0320cbd376653720aa84796f0931a05e,Commons Stack,0.0,100,350.22395100811809
9,20,Token Engineering QF Grants Round: Spring 2024,0x71796853285df4330ab451e4ad0698ef0d1996489ea453016791ed9341b935ef,Casually Looped,0.0,28,65.466757103800774
9,20,Token Engineering QF Grants Round: Spring 2024,0x94f36635e8aaa3bda6839c1cacaca205d052333dbced3618c883095416bd81ae,SymVal,0.0,25,61.829818531870842
9,20,Token Engineering QF Grants Round: Spring 2024,0xebbb5975b9287212f48472fdd32f353505612cb7ed32432bbc482175dce627c2,EVMcrispr,0.0,34,149.56421373039484
9,20,Token Engineering QF Grants Round: Spring 2024,0x372fc74bc7a101e1608769ca917fcc014a5455eae9d780ebca483702a1a343b9,Token Engineering Dialogues,0.0,47,187.14201913028955
9,20,Token Engineering QF Grants Round: Spring 2024,0x6e16ed35e9c46115e7fb5ba2bbe83f7d35f330b16af66410e7025951ae9a7b82,Streaming Quadratic Funding,0.0,61,473.87626267969608
9,20,Token Engineering QF Grants Round: Spring 2024,0x8f34bacb77437c6106a90913ed6c580b640ed3ca94ee17c1fa86efdf86eb22e3,Tokenization for Inflation-Alleviation,0.0,15,109.75429993867874
9,20,Token Engineering QF Grants Round: Spring 2024,0xa85846ff84be765917ff18d1302d7cbdc0acf225edcac0ecddd72d369dc804d6,NERD DAO: Decentralized Science and Web3 Innovation,0.0,25,60.047264911234379
9,20,Token Engineering QF Grants Round: Spring 2024,0xc40ec80fa730472b3584b2da1ed3e43c26b494d8b384d6f12ab761e9d83ad82c,Armitage,0.0,37,125.68142328033537
9,20,Token Engineering QF Grants Round: Spring 2024,0x91d6de0fc79b6a1c3c89a208b8083260bee0547991c0d01923b06da4f28aec57,Index Wallets,0.0,31,135.1339022032389
9,20,Token Engineering QF Grants Round: Spring 2024,0xcb644adff5d7ac911ccf7769d837b15b7b979a5a5771c3482ef70d5f1e46f5f6,Metrics Garden Labs,0.0,70,314.16176755348533
9,20,Token Engineering QF Grants Round: Spring 2024,0x318cd6daa8ae7afc3c051f9fa809e04641e34babf6bbe3b96eab7aa2a6c767cc,Change Code,0.0,32,541.77563220262527
9,20,Token Engineering QF Grants Round: Spring 2024,0x6a10904eb40d73ad7db6807abc680848f31c0f08c9efebd3ab416282f767a1f8,Trusted Seed: A value-driven community advancing Regen Economies,0.0,68,279.760509565099
9,20,Token Engineering QF Grants Round: Spring 2024,0xf950b4748fc24df033c021936537a037929a635d3933072f5877b83df0dfddb3,$REGEN Tokenomics DAO,0.0,49,193.97218801081181
9,20,Token Engineering QF Grants Round: Spring 2024,0x1eb6bbad0896e16d57cca476cb0a37f0adf1dede385378d8f65224a09bc8fa51,Breadchain Cooperative,0.0,60,211.16457098722458
9,20,Token Engineering QF Grants Round: Spring 2024,0x73b8a33232d9c2d55a8336d440cb9adb07a22d7502aef64f00bd1ebea273d0e3,ProtocolGuard：AI-Driven Exploring Potential Malicious Strategies in PAMMs & SAMMs,0.0,32,110.08320678770542
648,22,GG22: Crypto Advocacy,0xfe52cd978403356b33662a384cf084a1f7d0b9d28e0f2369e6ff1b49a86a780c,DeFi Education Fund,9240.282196875,84,578.26452868472552
648,22,GG22: Crypto Advocacy,0x4aef44f3c5f7135c0f6e41041473cf32bee54d6e1b715174ff34060631d3411f,Blockchain Association,19990.875,393,665.55898152221926
648,22,GG22: Crypto Advocacy,0x91ef76af3009f3690f9e59fbb691313282dfb56140b65fedf968aa3cd474db08,Stand With Crypto,19990.875,1240,2750.3128792856951
648,22,GG22: Crypto Advocacy,0x0ff0fded33a0028c4c1af4286fac5d8f9f3ec3932f3fb7543acbfa258c6805ed,Coin Center,19990.875,113,507.30853433270568
648,22,GG22: Crypto Advocacy,0x36074bb0f7a2b40acd42a82a58c2ca5087c7d10475d2e55e652c42028bea2c4c,Satoshi Action Fund,8572.786880624999,56,51.158692689612508
648,22,GG22: Crypto Advocacy,0xccdbd48c4f32f1fd7c409bbcf048f19a0184ad58859a1fa1b54eefb77a7d47d8,Bitcoin Voter Project,2074.952870625,50,46.391553968423977
648,22,GG22: Crypto Advocacy,0x0e6e052755b3c84f67c71addbf921576bacb6ca1e8c66ad740e1733ff63e2f2a,Blockchain Foundation,11599.105492499999,29,41.921647296287119
648,22,GG22: Crypto Advocacy,0xb0e9902fea0e4efe301f7e97b427284890e3822833d70eebd136857be83cca35,Decentralization Research Center,8494.422650625,58,104.91786654759198
646,22,Youth In Need,0x6313c54d9811409f7515658600078f28b48a93284e70ae5114e1c63f0d5cc091,AYOWECCA UGANDA,2804.0551493398434,53,496.39709607604891
646,22,Youth In Need,0x64510f5dfd7ff2973c92a19834236b818108b5daae1b40ff7d7e218cd2324380,Alkaml Youth Institute,0.0,22,54.33690457046032
646,22,Youth In Need,0x713d0639fff735a23ed277abbf0fd9455318d897758c059660a96ba5ba857a5e,New Hope Kids Shelter in Ecuador,3496.7130140234376,43,1682.2981168534607
646,22,Youth In Need,0xf5b7e3c70c0c255d60a6aaf4057966d65267987e49cc9648a1a1ba35aaf02d9c,Adopt a Tree,379.38513734375005,41,60.530787002295256
646,22,Youth In Need,0x09895628c7c533d76aa14b7d45bf584fec7cb8d89fcdae113cf3fa3be853b0e9,The TechLit Nonprofit,572.87505725195319,32,74.661475853994489
646,22,Youth In Need,0xd799558b643ecf459d0348b2c11fa182c337d5b27e3888f6ad17381ad880fe29,Ayni Educativo,28.94386610546875,29,69.058729166165
646,22,Youth In Need,0x0f64b32b14fdc704b1de6f4a91a2bf3abf43accc2a20e8d626a8015423b5e306,Send vulnerable children to school,3499.8453913105473,49,201.95649576280266
646,22,Youth In Need,0xdcaf7444def837c10043fccd5d7391b81165a5c7f3fb28aff62de073a55fa00d,Polymath Foundation,1921.1622372363281,63,344.37162642553449
646,22,Youth In Need,0xf4203a8d94df878e2be2565c5229d8ec2ea183135d6e03ee493a985723583a73,Chuyen rau vui ve,777.19705280664061,19,49.549685561098158
646,22,Youth In Need,0x4dbde73c364c57618c56c53fd5e4696ef90ce9704a4ed121b7e4832eeb913d72,The Build to Become Club,186.17520646679685,18,25.330174203030765
646,22,Youth In Need,0x35f783e7e90f2a953a0db863bbfb5328723d6fb76620abdf6465dbe87f012269,Based Chicks for Eissa,34.613643988281254,23,174.24730821326375
646,22,Youth In Need,0x4105e0f2487632e118e89bcb6b3bc1e1d2c2d36e1cbcdf57c7fc90950d5e48c9,Prescott Circus’ 2024-2025 School and Community Youth Programs,1165.2093521757813,43,460.64000407233834
646,22,Youth In Need,0x83fa7a54fea9abf941e6c9aecb7b1994a20cf9ee89229f641b62ea1b26445d33,Ava's House Kids Shelter in Chiang Mai,2633.0343491894528,40,2750.9835240356624
643,22,Land Regenerators,0xab96038ddec21839138fbfedd04e209c9ee2acccb81e7d8c14f4069cc4afe2c1,Revitalization of Marine Ecosystems and Community Development through Regenerative Tourism in Tamarindo,1965.3469445312498,51,491.76796098891646
643,22,Land Regenerators,0xcca9037486595a4008824ab11079520a4a1c1a665687fe9954bb96f3aaa1246d,Rewilding for Ecovillages in Ukraine. Implementing climate solutions for resilient communities in the context of war.,2836.34616015625,107,1020.7628844104474
643,22,Land Regenerators,0xd897d6a4e31726711f9b8a45fc662ac44d10d7767603b1a4e210b04e89193858,Tamera Peace Research & Education Center,24994.038327343751,109,6035.2479581460357
643,22,Land Regenerators,0xe60ee4f016f62252d1678566685cd045ea5145765fcdbefb4355c117d1e411e2,NARA Climate,998.1699,45,221.23251294810325
643,22,Land Regenerators,0x4ccf8804d9f2133cc18a656f244efddc9a9ed4faec65caa82d646176bf964c1c,Rifai Sicilia,7202.7396109374995,66,783.20798048039433
643,22,Land Regenerators,0x54c2c0539050cca13309d10cef90fb2c0e0913c27fd57a9d1919c8c7bbab5341,The Learning Environment,4880.67489765625,119,1482.216096223332
643,22,Land Regenerators,0x8991371ae6879b44257ff36116d7332917450cf7535d75d07495a709e1287dbc,Barichara Regeneration Fund – Prototyping a Bioregional Regenerative Economy,24994.038327343751,139,2727.2729090284556
643,22,Land Regenerators,0x9fd67a948a8f0646c29047463cb38d601d145baa9024498062b00497833b9e52,Tierra Valiente (Brave Earth),13097.980628906249,63,1999.1609610337764
643,22,Land Regenerators,0xc04d42d24a654096462e2f26b7e7acbc58479b2adf0fbb3dffdcf4ed91753e52,Roots of Renewal: Sustainable Soil & Agriculture in Keur Ndiol Senegal,1312.29748671875,36,182.79417370632291
643,22,Land Regenerators,0xd7c0cc66728a3c201749b13ab71d40ff7e26ec76b24cf0704b983519dbb55279,South Rift Association of Land Owners,659.44798281250007,39,193.69418989479891
643,22,Land Regenerators,0xeabb12840e5b50adc4c47dc9d2d964175dce37167fc4106a54f65d3dead86f5c,Restoration of the Wetland Cocha Amalia in the Manu Biosphere Reserve,1795.78603203125,40,244.13302536759875
643,22,Land Regenerators,0xf8ea713a58dffbd4fbb666bc8d008da29a4b2eebceaf710bd0feb6c0eddc6bf1,Landia,1827.1787953125001,43,321.03380179591477
643,22,Land Regenerators,0x49bf8980ba8c3c294a7c32580b8e4774fc5ae88fba3a4ec5dfc5679cbe83d19c,HeartSeed Farm at Landwell,9077.107528125,45,568.59261870756745
643,22,Land Regenerators,0x56d401a413489925a919f1cdb2b09efd43cad29bd929158352f11ffe20c615c1,Shantigar,971.97593828125,35,160.97902360372245
643,22,Land Regenerators,0x57d52218721f672636a59e3df0d9a1524b7dd9747f46ac444226689f54c0c1dd,Kolektivo Curaçao,24994.038327343751,80,3062.3071831054986
643,22,Land Regenerators,0x8222591a1c0d3d1a995b284a6fbea04e86cf79b230479cd8b1b02ca1ecdd709b,Bees and Trees Uganda,2930.72440390625,57,387.65673428494483
643,22,Land Regenerators,0x06601b43c436454e71cd93172b5af99079da9d0131d5d93ec92f8f38f64ab4da,GainForest,1959.54828125,72,787.66164672747254
643,22,Land Regenerators,0x1c69bc5829750227aef0a11303218f38b5cc2840041259a5fb0b8c15fe0c403c,Grassroots Economics,18996.220955468751,178,2481.8185841245577
643,22,Land Regenerators,0x2ac66b6ed8945abf61418efc9fc160738b0211255e643f41b58e036b36cda74e,Seeds of Change: Empowering Communities through Reforestation in Azuero,1429.270521875,50,243.13020888995379
643,22,Land Regenerators,0xbe950bccca88063c7424e41b437f98afabe3b714596991754977e25b7f4a7c5e,Silvi at Kakamega Forest,9744.3537132812489,111,1331.0179022969678
643,22,Land Regenerators,0x03d76a6578b0c5f7bc93c2c8cdd9171160a5b2dd4c25a818a3b36d3e63fff334,Origins.coop: Solidarity Economies in Service to Life,1600.0311578125002,42,250.20433796316502
643,22,Land Regenerators,0x21562afd1babee1cc56742a1672e3022533d2fa5cf5331119fa083635af3414f,Nalubaaga Valley Community: Returning Impala in Kampala,125.1711453125,25,210.5521442303434
643,22,Land Regenerators,0x22104344ca642f47895d03a161740b9de97f326a70544febc415242dca6bcbb6,Ama Earth Group - Ecosystem Regeneration Platform 🛖,961.97824296875,39,146.29609313327819
643,22,Land Regenerators,0x332d2dd024668d534e7e2c84a5ae62733fea4317910a9155128f2459136c52bf,Redemption Hill,1755.1953890624998,65,436.51794047560543
643,22,Land Regenerators,0x842d5f3b992cd061145b2257e2363a40929dc8e84178fbb1581446dd67703f09,CHATEAU DU FEŸ - The Regen House,24994.038327343751,91,2719.2886448223144
643,22,Land Regenerators,0x9da6cd1581bb8e263c558fbfa876eb12bf1391e6535c7fa175a45ebd614d249b,Agrarian Trust: Rebuilding the Commons,2189.69522734375,31,776.6141319712624
643,22,Land Regenerators,0x4641d11c2788b1336ba77463c486a965e6d41920497f06b0a9fe35875a18b10f,Lake Hāwea Station,278.53579140625,27,97.017285807058215
643,22,Land Regenerators,0x4dcebba7be9ee6c0faa15fae4a00e33934bde5cae2515769bd2e0a90b08dc2d9,"Ayowecca Uganda: Training rural farmers & indigenous communities on regenerative agriculture, providing women & girls with new skills for economic empowerment, and planting fruit trees in schools, health centers & churches.",4042.2681687500003,55,748.37247281242162
643,22,Land Regenerators,0x0d7a4be78e753256539dfb609104f7607621373baedc0cc5de3c2d7e8116b800,Organic Technology Extension and Promotion of Initiative Centre (OTEPIC),2878.33648046875,36,375.99922966491431
643,22,Land Regenerators,0x8204ba744b1e6fd145cb6e9f9048117902e3e35d5be9325280538dd1ac3638f6,Urban House Farms,4457.7723859375,57,1000.1145672383718
642,22,ENS Ecosystem,0xcbb363783fddd273e8a74b9d05e9a96499c2c9cc83d1871fc5e52aa876d49316,ethers.js,3710.6918984374997,61,116.84218621905893
642,22,ENS Ecosystem,0xcc28f92ff050c17f27dfa6fdd744d2769f2930e95fd1cd3bc02dcc4940afafc7,Brianknowsai,2159.6226848906249,72,1510.8130072318017
642,22,ENS Ecosystem,0xd6334c5ea598b4335bbc74e8137bec7bf4ff2cd5237a86f24b71190e8a0bee1d,FILMFUND.ETH,236.224046515625,25,154.15531439718325
642,22,ENS Ecosystem,0xdaf7588714a0008d7ee1fe317a87c80a6f64cb8881c016a1d87bc704eb3b115f,eth.limo,4620.02145271875,87,283.92892427183688
642,22,ENS Ecosystem,0xde89deb7c913c18bce5d3abe054482245ba7079b2232b2a98fedebb6677ed2ce,Engagement.Vision,95.007715210937491,22,30.298258349299431
642,22,ENS Ecosystem,0xfbdf0059d795e71cbe29ff8ae00469c9b26ed7293ff47d753fe246185223cb03,Fluidkey,5182.36630796875,162,657.49231914617121
642,22,ENS Ecosystem,0x433f3d13927533e99c1b0f7a67ddb3f6c4ca347530f1df32230f592d31663dd2,Zenbit Badges,2.940548296875,32,323.94965385552496
642,22,ENS Ecosystem,0x5ea85fe928dde57ff7c29a10a86134ccd85f541da2626809b162524622a16a7e,ENS Data,2327.8640553046876,47,72.169444412924349
642,22,ENS Ecosystem,0x6990dec9fbeac77f80378edd8e194687fcf2160a8e0790e0bc4122d688f3c5f4,Web3Domains.com,808.58076858593756,33,40.35597107000649
642,22,ENS Ecosystem,0x93bb9f3af81e3d09a21b9842dc3b34f37724a6023e4071560a134826835c50f9,Web3.bio,1446.5397228984375,68,707.42993637453765
642,22,ENS Ecosystem,0x9aba986e5a1628f7cad35a182c7b0e51011dd92219abbf990dba0e75773fb47d,Blockscout Open-Source Block Explorer,2243.2882852421876,1414,2325.9011261741925
642,22,ENS Ecosystem,0xa69971a1d0e5b72ec73d6504b6a67ed620f837dd10ec9aaeda1d5847d29cf272,WebHash,3118.1014035625,38,249.96959002595395
642,22,ENS Ecosystem,0xeb0cb41a127cf09b1ec440c88baa618e63bcd9361331162b46118dcf738f8076,ENS - ZKsync L2 Resolution by Clave,2278.2948125859375,168,372.71243745787069
642,22,ENS Ecosystem,0x31f8a890bdbfb5f1cb78b1c7d482071d06dd4bcc876b35d19652c9bdf2ea6265,Unlock Labs Apps,438.35173539843748,36,65.231923646293581
642,22,ENS Ecosystem,0xcb7b646968f41874279dba18e364c4b3a76c23fb5adff74bd99f0ebcf5368adc,Renew ENS farcaster frame,226.35220580468751,34,92.126589077524841
642,22,ENS Ecosystem,0xd6ce11daba43daa4e26082b6a2fd57bb2562ec1c90956ad88eb83f308ac47dda,Hedgey,3335.4219253125,118,343.56944602448493
642,22,ENS Ecosystem,0xd77bec3500a1b3e54ead391aeaad9a664f92643beaa8a50d4302bd67ef7949cf,Plebbit,223.621696671875,26,132.82958006393164
642,22,ENS Ecosystem,0xf1082b71aa913e5749b81b0c1f9c0be7fc94b60c1d34a9d668575a0b141e59e6,blocksmith.js,4529.424559953125,29,255.7179046469264
642,22,ENS Ecosystem,0xf838a4863313dcc01882dd8dc1791becd561789115429a2f548bb5caa61be20f,NebulaID,67.2125325,33,52.409424348734319
642,22,ENS Ecosystem,0x033cd0b083f2c87fc51492f1a8e323a67cf6dea4a29534f1ab65f06f35b41c26,Persona,1517.8130125703126,55,124.58367679361254
642,22,ENS Ecosystem,0x4d7102735c03d2bf7016523cfe39a977dc44f6162d94fcf1b3dcb3de7b540244,EVM Explorer: ENS,164.39065240624998,50,359.85224243812263
642,22,ENS Ecosystem,0x94a3569995bd09c8073e035bed3834971c1c5a85971348ab863bf45a62764c50,Planetable,1852.7554661953125,22,61.089757815003395
642,22,ENS Ecosystem,0xaa493b613108571145821c77d2487b734419fde47c45775989a471c3d4eb2927,Namespace - ENS Subname Sorcery,4201.3433856875,81,288.83434320893139
642,22,ENS Ecosystem,0xfccd0395874a361b116f8de18145f65e5269f65d6970d663e1f3a3dc486609a9,Rescue.name,139.60603104687502,18,27.2974990690127
642,22,ENS Ecosystem,0x28abadcfc1b699a08a998341120adaca679155b8ac0b579bf275531d74e3f7b9,ETH Daily,2267.302763,44,79.634483178146183
642,22,ENS Ecosystem,0x39cbbc2cd73282ce25831d9f98d2ec277ace75a4750945930a7a349819dcc6c5,Dhive,824.75378421875007,40,55.478073200210929
642,22,ENS Ecosystem,0x4f7082e1303f23d0b33ae714335707d34e78c71995eeb6628c17794fa3efd30c,Wildcards Protocol,159.489738578125,16,13.341255047358572
642,22,ENS Ecosystem,0x90bdfa3bb1531e48941a7fcac56709909b7d3142264f2c49c7783638d8b1f3af,Eppie: the web3-native email,212.2795818125,19,16.7403137460351
642,22,ENS Ecosystem,0x32904b351f232304f2e7816aca7d7a355f58beed975b6a2d3f09fece0847d20f,eth.cd: decentralised interaction with decentralized identities (ENS).,4404.5212703906245,51,271.39281718246639
642,22,ENS Ecosystem,0x5835509c2f77616d4742b2bb87ff82a4998d8519158015ac23df762154493185,Show Up Protocol,323.67035182031253,20,12.83187382100089
642,22,ENS Ecosystem,0x0b99649c9e7950827a0802fd5930ccdec2cdad5b8954f0178920dc25091995e7,Unruggable,3497.6421730234374,68,232.71750323101878
642,22,ENS Ecosystem,0x29ad9960f571f57cd741c47f1371dd036a57ecdeabac6f9cc018e0372d4f0a2f,Ethereum Subdomain Factory,2538.11325853125,28,236.58881546929479
642,22,ENS Ecosystem,0xa40bea19733bd9fad64d6c9807497041f379c12d93af17a6283e2761e20917ad,Bankless Academy,678.91659130468759,46,54.852768691256642
642,22,ENS Ecosystem,0x549fbaa0732edba9e3733a20281d2591c7090598aa323117800675c4a1c81498,Faster API for resolving ENS names and avatars for web3 projects,1451.3706236718749,30,43.131681928294711
642,22,ENS Ecosystem,0x1887e83ef45a249378281ffcddcf692ec0d29e177a4391f398db7e6ff6c5af6b,dm3 protocol - we make web3 messaging a public good.,319.399555484375,25,20.603771194815636
642,22,ENS Ecosystem,0x25f4b3a0ac5d08bd1c84b8bfa95b4cc329695d3206b0c436bf730a4b424b30c2,GitcoinDonorData,375.83007756250004,35,49.053279716987163
642,22,ENS Ecosystem,0xca5797a71ca6f849ba9c366972d47c01061949d5cdf7fa61e20a229e035d877b,rotki,3078.2639754453126,64,109.97018475085497
642,22,ENS Ecosystem,0x11ad5b43ed18ff7a1f2d06140e6c664c79e74c99815c71381ffc96ff8fb7f37e,Glo Dollar,1397.3205454531251,21,33.189096896807314
642,22,ENS Ecosystem,0x1dc7e30aee00d956bee67832c9b291729969effb66395f030747c246ac2e4a88,ENS Road Around Brazil – by blockful,1277.9482872109375,31,166.56752631440759
642,22,ENS Ecosystem,0x19b8fdb6bdea6cdb71a19f43c0ec0962ec08b563c57f4c2307d0b954123dd67e,Kiwi News,1493.098404265625,29,45.468394201248884
642,22,ENS Ecosystem,0x813701762a90688a047a16dd088edae9a2387e0ed4c3732b0d76783530a6cc53,JustaName,67.072506390625,19,11.097605127841234
642,22,ENS Ecosystem,0xc58301096e11db709751beaacd227bc035ecbbcd23ba93e4d0af9c63646c0738,Heavens Tools,718.68400636718752,18,20.997744959779084
641,22,Growing the Public Gardens,0xa7b8948d5c8b8d2cd502cd9c8638dda011ecfbfc10abe0df58a504e4802f5d6d,Passport XYZ (formerly Gitcoin Passport),1170.6362635429687,164,287.93049096356845
641,22,Growing the Public Gardens,0xae67ff3dd6f8af650728074f67a21343399c27ede1d391fb1860df8aaffd97c2,Greenpill Kenya Gardens V2,358.84986420507812,36,117.9907442645781
641,22,Growing the Public Gardens,0xd3808f52c5f0b088cfb4d0d5509ad0946021b7a05eecb46b7cc64675a0c0d87d,Mars College,441.56210186914063,33,100.85149817517959
641,22,Growing the Public Gardens,0xdce9247fb94e7db0ec152d6c7e6db5db7ba3d8bcfc0874694ac3c41a86c48a27,Public Nouns Operations,1435.7896088847656,46,60.619361286750063
641,22,Growing the Public Gardens,0x9522fa9c7c1aad58a692092f5220ef379bafdf09b72ddffcaf063e800902347c,Holon Lab,45.9779202109375,23,34.533569608815014
641,22,Growing the Public Gardens,0xe3c5497e3073669d3788a015ce9e89fd2ba14028af892c613b7dad8e742d7b46,1Hive Gardens,4501.75458984375,66,163.90090012247674
641,22,Growing the Public Gardens,0xf95e12fcd7d8e794e51a8c3e78a553a76a22eb776e821defb7d056d262df5347,Crypto Commons Association,773.01128647070311,26,55.871736544184387
641,22,Growing the Public Gardens,0xfed13b482b90435f0fb2d886a97757a7a1c4f9a4f6e4cd2d10298669054c1f08,GreenPill India Chapter,747.95151925390621,62,79.526803906774148
641,22,Growing the Public Gardens,0x0d4f2dde3e97f9d331e7043b02e990fefb640d7e4485723f45d0d0980b9db0e0,1Hive 🐝,588.85951204882815,47,98.084132393589243
641,22,Growing the Public Gardens,0xa7955756c527b07db326305f4754ce2fc97b2231b64ffcffb6add6c0cfa7eb63,GG21 DeSci Round Operators & Stewards,772.29100573632809,31,33.4649714709376
641,22,Growing the Public Gardens,0xf248e1f4b9930b1908002a7cf90ff8a294a8d2ccc2372a8dd48062e6d43e7219,$EARTH,3499.0637841992188,74,244.96491964696907
641,22,Growing the Public Gardens,0x73e339b7cfb75775d6ba550e94d3877d4cba9938cd5a1e0217ff6ab7394977bd,ReFi DAO Local Node Network,977.96116709765613,43,132.21637589210877
641,22,Growing the Public Gardens,0xa49a05812014de4fe8b6612d519817b2571ec788ee2e13f6d7f43b770a6559f9,DeSci LATAM,263.4726902949219,37,215.5175563255325
641,22,Growing the Public Gardens,0xf42c345d1a3ae64d5953ebf95fe1f294509df92cd4be45675db90febb70ad8f2,Token Engineering Commons,4356.73806865625,54,260.60591400763951
641,22,Growing the Public Gardens,0xd47fd963eb454ac90ed0002e216ed40903e8c50a34e4829e68a6c9361de19ba6,GreenPill Brasil,2359.1895103535157,66,327.3010244385805
641,22,Growing the Public Gardens,0xe580fae15fc5319c502b249663655c248bf998e6a26ca993d11465ea2d9e9c22,GreenPill Nigeria: Impact=Profit,829.46328902734376,31,124.28039695764892
641,22,Growing the Public Gardens,0x611f1323118db9846b22e4e29d4706eae6bb84289c4746aff689c91d3d66f6c8,BrightID 🔆 Universal Proof of Uniqueness,674.72297792578115,84,134.55639962269925
641,22,Growing the Public Gardens,0x7e2f8282fb470955338fe9e0545ad1fa935164e6409d09eb52bee74bb4532b82,Ethereal Forest,947.3492358867187,23,568.31843570139154
641,22,Growing the Public Gardens,0x0437032e14a7f0f8cb9f90f0f9a02d0038c40e009ccd00b46681b3dbd57922db,Beez Faucet,122.83787690820313,36,164.21151847275905
641,22,Growing the Public Gardens,0x1e5a87139d4cdc8b55407a0fd80318dcbe7b3d43dacda24e4a5beb687a045743,A Natureza das Coisas,284.9310538398438,31,21.238615946378559
641,22,Growing the Public Gardens,0x37c5574cdd1b1fb2d3157e73c192bb6d31f5c14fbd9e88a759cfa9ef587adad6,Proof of Vibes,318.9943302363281,25,19.248860385967419
641,22,Growing the Public Gardens,0x7462a2b32ff49bd27d9e72fa8f5f96a4613ce16890004ed9d49ebf71637de819,Zuzalu City (ZuSoftware),223.85724990429688,15,17.429089269600809
641,22,Growing the Public Gardens,0x8bb3d75e78d32c5f85e3b1898a09be5bddfe462c184a677a0c986c566e7ad028,HyperDeSci 🧠🔬📖,446.93419567968755,30,20.130080461269245
641,22,Growing the Public Gardens,0x13d905b85e4af8c8f7d0d1270fe631b0440ec9ab7cfe0c37bd45be902a86d2bc,Treegens🌳,2934.3036650546874,87,189.50913175451569
641,22,Growing the Public Gardens,0x2c5b8e4b1f54a179fee93a010b917105cecf9bb378bd73f0005053608ed96e4c,Public Optimism,120.82709319140625,39,110.69110784470104
641,22,Growing the Public Gardens,0x3efa023c78e703ae42196026c25a72463124c50c00ddd1fba6af56cddeb44708,Convex Funding(ex-Gitcoin🤖 reviewers),408.1590828125,34,132.18830399960279
641,22,Growing the Public Gardens,0x163a0361d46769a7d676c5f9bd4782dcd7d2263eb9d02077f4f484ee4deeffdf,NFBeez,151.43902440234376,20,11.719780013663694
641,22,Growing the Public Gardens,0xde083990bfd35bf8ccdf418589e2923cf3aaef5cbabfa22703eb6e5abc64541b,Web3UNILAG,0.0,22,433.05883803684264
641,22,Growing the Public Gardens,0x238b4130dd2da87ffe6703667146d1325d285944a7e4177ea305c9b820eecf38,Cartographer Syndicate,254.37914602343747,17,19.444850933738053
636,22,Allo Builders Advancement Round,0xca460772f5ba0840a589d2c19fb7e17ac259e4be884313e3712c06c9c885dc93,Giveth,2071.114348261719,129,340.62869006255642
636,22,Allo Builders Advancement Round,0xfa16d7d0c1c13c2821d3d94e8bbc9aa7f2c1219d057e1e747ea6db4bc4712fc3,Flow State (Streaming Quadratic Funding),1219.9414246757813,41,139.29928867332637
636,22,Allo Builders Advancement Round,0x6649852db5092781fa9c7d42577609e9c45480db4c59966639df7f865471b349,Atlantis,3683.124621947266,92,381.98258434329182
636,22,Allo Builders Advancement Round,0x7db138952e569707526b028c218f0ba4d41189f90a97f544b16e7a989e1b0fb1,ggframe,379.6087699082031,36,100.40529637411237
636,22,Allo Builders Advancement Round,0x82065b1ab5c0dd7ed2c8aa484ab46405d98a39f2ff18448aa9db1f65ffe704f8,Doogly,263.92939552929687,39,167.54268915485591
636,22,Allo Builders Advancement Round,0xb30e9a03fe9391b289331bc8d4f3ad6aa31db301447025f92b8275bc88d447f9,VoiceDeck: A Marketplace for Impact Certificates,3128.4019003457033,57,720.3335136147216
636,22,Allo Builders Advancement Round,0xb7d47c9c126bd90b1bd55d6bc5f2f4925ad683ca3dcfb3eda43289b277225fcf,2077 Bounty,577.35022525,49,903.38783184811473
636,22,Allo Builders Advancement Round,0x0051576d30c539cbfb0de951c1631507e3d68cb4dadd129c6e5936d7467a3498,viaPrize Gitcoin Fiat Integration,4424.5740889648441,59,1141.1180943762884
636,22,Allo Builders Advancement Round,0x2fd12cb88cba8d832aaca4cfb55962a2adc78491132d388586b3f58afb1264e3,Open Source Observer,2439.5838074531248,60,160.05486402660608
636,22,Allo Builders Advancement Round,0x7b1678eff65de6c2afaafbf3807bf320ff707c03430ad2bfea1cd7b3c9f25e58,DAOIP-5 Grants Standard by DAOstar - Improving the web3 grants ecosystem for everyone,759.11785918359374,37,103.34135812800378
636,22,Allo Builders Advancement Round,0x83d93dce3d3992664f719a788b04b38039b4d5df200ec5074475b6ab06a9fb81,Allo Hacker Abode,610.31959455273432,45,326.89099139068276
636,22,Allo Builders Advancement Round,0x25d27ed8c40c7fb723366910e8a08fa53af2b73757772c571835fc0b1e18e5aa,Karma GAP - Funding Map on Allo,2052.9226327734373,61,139.16661416721763
636,22,Allo Builders Advancement Round,0xa87f5348653ff983aab7e9fcaf3aa8164780b06087734949d751bc197b8b24ba,Zazelenimo,374.599818109375,34,111.48481065966189
636,22,Allo Builders Advancement Round,0xfd3c441151a0267402323d878d8d1c37def65e0948e1d7e292cc7aea2d92818c,Grant Ships,423.59284913671871,35,128.7949826112017
636,22,Allo Builders Advancement Round,0x25f4b3a0ac5d08bd1c84b8bfa95b4cc329695d3206b0c436bf730a4b424b30c2,GitcoinDonorData,130.00846534570314,41,105.4777434207499
636,22,Allo Builders Advancement Round,0xe3c5497e3073669d3788a015ce9e89fd2ba14028af892c613b7dad8e742d7b46,1Hive Gardens,2054.6919640058591,46,184.31535199098289
636,22,Allo Builders Advancement Round,0x32e6fef88d79abc979796fb8a442455af0d749a947a0e894fe506a307265e708,Trustful – Allo Protocol Integration,327.07707641601559,36,99.945853806100786
611,22,GG22 OSS - Hackathon Alumni,0xa746fbdbb9dcdb5356741759b67aeed5308b339fd0b2c9d51ab2745123fd0d47,Solid Grant,0.0,29,106.75585833285004
611,22,GG22 OSS - Hackathon Alumni,0xb525bba2365edf674998b6282431e30b4fae4fb4f1dad9e2e700dd5292b4161d,AsteriskDAO,2649.7545920781249,45,75.150436459516641
611,22,GG22 OSS - Hackathon Alumni,0xc3dd0086d1972b4d51aaf1fdab9438d4e38ed8dccd6c19b1a34d03e5b4c76692,Ecosystem Accounts,9992.2867187500015,370,804.30270741094137
611,22,GG22 OSS - Hackathon Alumni,0xdebe51a2b4727f5eb6fab0c707a4f6507e542a8bdcd031eb10c7035799ed0ba0,IusNaturalis,0.0,27,35.424211622623261
611,22,GG22 OSS - Hackathon Alumni,0xe16e069d2d3bda1fb44acfb65c933ddf0f7bbcbac042e80f3c86b634e040d27b,Geist dApp Kit,9992.2867187500015,286,1052.7508565056487
611,22,GG22 OSS - Hackathon Alumni,0xfc2b194a96cddbaf81f7423f5ba672bc71d0a7d2b8d5de92f0e11b30675a3891,Realize It,9992.2867187500015,153,448.83725959062576
611,22,GG22 OSS - Hackathon Alumni,0x455a568be64843690b179b7d32d44e7bfc53e71815e18cb699af2c5ec80c2a6e,Sablier Extension for Scaffold-ETH 2,5323.3907494140631,74,187.18973504513269
611,22,GG22 OSS - Hackathon Alumni,0x6c47fddc46b9749c04588d2bb8ac7e7fceaa9093660c9a0f9beec9aeaab3c332,DMNO Config Engine,0.0,29,149.67125027481234
611,22,GG22 OSS - Hackathon Alumni,0xa0bbd6a88f6ae3b3226f280737cca8681235502da868d4f36d798582f5b90038,AttestDeFi,9992.2867187500015,388,720.09983777174057
611,22,GG22 OSS - Hackathon Alumni,0xdc2fe4c3c319dd2fbe6b1ecb8be07d6b41582116d991bc235c305eaf4aa6e5a8,Stack Shack,0.0,43,44.861366220226046
611,22,GG22 OSS - Hackathon Alumni,0xf838a4863313dcc01882dd8dc1791becd561789115429a2f548bb5caa61be20f,NebulaID,333.942222140625,85,167.123793676903
611,22,GG22 OSS - Hackathon Alumni,0x0a20445056c91be20dac69d794c92f57e0eb88ad54f2ef4106d7026bc4c6fdc1,UpStore🛡️,9992.2867187500015,286,601.88470868417062
611,22,GG22 OSS - Hackathon Alumni,0x22d16f2c1e30709d9a6430d0b3c7fedfd7616222c33312f75aeb74ec8404da3e,Warp Ads,9992.2867187500015,327,754.61312888434622
611,22,GG22 OSS - Hackathon Alumni,0x2bbec224f03382287e3b20396b3c2681105fc5661c398fc8ce45422f95ad505d,cherry.builders,759.51371349218755,40,173.31758286315016
611,22,GG22 OSS - Hackathon Alumni,0x5be4e7aeeb5698c95f55c1adaaf751165fbbe244af5040ba854efcb423eccd35,Postino,9992.2867187500015,63,143.58347279153531
611,22,GG22 OSS - Hackathon Alumni,0xafa569b3df50c6c51374bf2b214eb7c948cf3dce2a65c3f627bce0a2603cec72,Stogram,273.78865609375,41,72.185721632500645
611,22,GG22 OSS - Hackathon Alumni,0xd44778a4454ae02b2240c95c29de63c7dad866b802ecb103e8efcaf14731959f,Aurum,0.0,28,83.764522954297718
611,22,GG22 OSS - Hackathon Alumni,0xf4f3e33783fbc6285c5e66c03b96a996acd1e7e5235b15137ec3be82ca725e61,DaoTao,0.0,17,18.383416524156928
611,22,GG22 OSS - Hackathon Alumni,0x2407ce2fcd01ecc5096a6e79cf3db70ec5d4dd81626740afb0b1023e201c4b24,HonorCode,0.0,14,8.7992445677518845
611,22,GG22 OSS - Hackathon Alumni,0xd71334a228d2c9f81d67cba4f06896afa8255951444cd57e3c3a2299822e979e,DAO Driven,1208.866847234375,56,269.27710174530512
611,22,GG22 OSS - Hackathon Alumni,0xeec99a85aa2aa2d763ba15567ddbaa91e2a34952249eb2d4077f1e61e611cbcb,Governor Haus,6971.0189064687511,25,28.871418619004544
611,22,GG22 OSS - Hackathon Alumni,0xf43f0484bcd7afb2089b2e9da87eca40bef717a0d86dd98b696b24c9bc3e7356,TriggerX,0.0,25,101.10397252999246
611,22,GG22 OSS - Hackathon Alumni,0x7086370d6c02fd0520ba88216949f58d3e3a9f83d0fa98446291ceacc2579c42,EAS Pulse,9992.2867187500015,38,57.655585776490625
611,22,GG22 OSS - Hackathon Alumni,0xa9f81b644e254cae000667aec8c64355d16a483c954351b36070a5ba5ba9c556,Euterpe,0.0,17,18.47530073300004
611,22,GG22 OSS - Hackathon Alumni,0x4186255b8b5aa132bcd1d9d03a4698e33992b410a34726205cf551dbb337635d,Luckybet,0.0,30,101.22647687606514
611,22,GG22 OSS - Hackathon Alumni,0x516c5de42ab87ace201b76af95626784e60b8f3e5b38517a2fe21f327d78bae8,Monas,0.0,28,49.779066599905491
611,22,GG22 OSS - Hackathon Alumni,0xb65c77b152ba9df65567b63fb402b694b18c70dfac476f719bb7fa160399d387,Dynamic Governance Liqidator,0.0,22,298.62625603511697
611,22,GG22 OSS - Hackathon Alumni,0x8f11f1bc1e4bdabc526b47f17b364725f8d184e77600a9d67dc84bc974581652,UpCaptcha,0.0,20,79.454806641675532
611,22,GG22 OSS - Hackathon Alumni,0x2d510a87f17bbf9e54b2042c66b614366478456616f0c7683d327d084005fa5d,Bulwark,709.15258842968751,45,57.165032869612332
611,22,GG22 OSS - Hackathon Alumni,0x9b1473ae738652de621eb5a194a82cebce9e80b945ec993871808cb3fe1cc53c,Nightly 🦉,0.0,30,168.844106933102
611,22,GG22 OSS - Hackathon Alumni,0x2155c66cdeefcbf9a0e5eb4f64eec6c2bf39966e21c8e944c4cc262db6a8d726,Calcast,1754.7454706796875,14,59.091611873358488
611,22,GG22 OSS - Hackathon Alumni,0xeee451ed00d05e7d61e43e16532f0542b62d56c646a8f521b9609961088ec9be,CouncilHaus,0.0,21,50.008432585222181
610,22,GG22 OSS - Web3 Infrastructure,0xb41886ba1efb90342778b99e54257c26a58a723ac6820b1578a359824452044f,OrbitDB,1070.1738796875,70,100.71566613548202
610,22,GG22 OSS - Web3 Infrastructure,0xbc0c38f75ec02f37af3c6cc5acef9951e0f69c0b49a26e9bf680b1fbcf4f76cb,Turtleshell,0.0,358,5867.3000142116252
610,22,GG22 OSS - Web3 Infrastructure,0xc3addde14b0efcb8057b6d3b2ad3630bc9aa62f49c57cf8999a92cefbd32eff3,Gitcoin Grants Data Portal,7945.06680875,480,748.48007431943552
610,22,GG22 OSS - Web3 Infrastructure,0xc8ee8595632a934b2236a03d8612e17a119fca6b5ea83e1de89f48ed7c548f4e,Solid(ar)ity,494.31841109375,76,1385.8935335234273
610,22,GG22 OSS - Web3 Infrastructure,0xcc52492e46dbd2c54cdb936a81a470abfd16bf20f0733a8734a7da9c122cbf2d,Lighthouse by Sigma Prime,9877.9747012500011,167,357.6882255517412
610,22,GG22 OSS - Web3 Infrastructure,0xcca3989883a39e5ceac10e7a29aba47ebeb6c6e051b78ad756553e426bf060be,IDENA,5387.14139828125,592,763.87224829965271
610,22,GG22 OSS - Web3 Infrastructure,0xdaf7588714a0008d7ee1fe317a87c80a6f64cb8881c016a1d87bc704eb3b115f,eth.limo,29976.859375,622,1430.0929339978538
610,22,GG22 OSS - Web3 Infrastructure,0xe2b72e4c520b305d3693b4b0c52d8279c9648121bd3c73157549e097ffa7622f,OpenPassport,5970.191313125,243,465.60253988911063
610,22,GG22 OSS - Web3 Infrastructure,0xe2c43384610aa737a111228f7f3cf745ecea1563ce5bd5d3c6f9bc9c30614df7,Tonspay,308.162114375,97,105.55987815000117
610,22,GG22 OSS - Web3 Infrastructure,0xe39c0d4cdaad8005ea412b64dec0136acbf237c0d74028f5b480c123d1442959,Nomis,13221.5935959375,3134,5776.05354364694
610,22,GG22 OSS - Web3 Infrastructure,0xe955bf7fdaaa527fdb72eeaeab78fd0be4b3acc51778471a0b394b2221fcb8cf,MiniBridge,20631.27369625,2470,4185.6044072517689
610,22,GG22 OSS - Web3 Infrastructure,0xea9cfd8f69b336eb6a64f6af1de2a27285a681f82b61e172320ad7f1eb63a208,EthPillar and Ethereum Staking Guides by CoinCashew,2195.505180625,65,85.306690632834943
610,22,GG22 OSS - Web3 Infrastructure,0xf2ce476bc1f7c6a5388136760a4c565001ff1a556363a43759e1ed00a8018677,DAOstar,5636.2490996874994,80,135.13701950595714
610,22,GG22 OSS - Web3 Infrastructure,0xfa4d3e88b6a3ac110f8a9bc79a0ac63d7cb2fb41884f4f65bb5261892a070953,The Forus,414.87973375,52,41.027803103672341
610,22,GG22 OSS - Web3 Infrastructure,0xfabc09d3228b4183d4fdac845336a131ce3564a2d0ae816510fa1d8361fce7f9,Kleo Network,2512.36058421875,445,703.86877709953114
610,22,GG22 OSS - Web3 Infrastructure,0x44a5456894e7d242e174c5f08abd0549f5bf9d5fc44fd8cc961d9cbbb74c0d6c,Blobscan,4490.2337657812495,103,464.70525041711517
610,22,GG22 OSS - Web3 Infrastructure,0x55921037f3358e07363bd874afe95a1ebd5e503923fa8f18a07f7be6c5fb0ebd,JiffyScan,129.20026390625,45,32.368737858021632
610,22,GG22 OSS - Web3 Infrastructure,0x5bcb382413123e3e0176c6480660d856d65cfbc19e0ef88557d39459d8aa4c8b,Facet,10346.513013281248,1229,6172.6048027645556
610,22,GG22 OSS - Web3 Infrastructure,0x611f1323118db9846b22e4e29d4706eae6bb84289c4746aff689c91d3d66f6c8,BrightID 🔆 Universal Proof of Uniqueness,10184.03843546875,829,1104.112747659623
610,22,GG22 OSS - Web3 Infrastructure,0x805aeaf9c52db21357df138ef7884790093f63283bce6ce2b06b69f093c767f7,L2BEAT,29976.859375,2426,5250.7208004322129
610,22,GG22 OSS - Web3 Infrastructure,0x907e3d02907d4fef4c0fb51051b2412ad7ee1637473a76cea6560aae3dfadff1,Know Your Rpc,628.31497250000007,55,40.172317881886556
610,22,GG22 OSS - Web3 Infrastructure,0x9f6555e5301957ed78151c648eaed30c24440ddf5e1ca5f3ddeb0ace3f3a052f,NiceNode,4607.4432859375,101,194.7267308888986
610,22,GG22 OSS - Web3 Infrastructure,0xa6b3ac8eaefda73ea83fbce5fd4724606f0ff6e801ef4160ef82ac37001e2a11,Pheasant Network,0.0,1785,2885.9575191734107
610,22,GG22 OSS - Web3 Infrastructure,0xda86739b749121042719f1aff25d2ab4c2e9d51efeaa01fd23759d6d39b7763c,ZeroPool Sharded Storage,1298.29777953125,88,204.05696153943427
610,22,GG22 OSS - Web3 Infrastructure,0xf8287cd5ffa3b8eab120499306c35500301567d518046700e2c4ed9bb2fc65bf,DeVouch,3143.3734740625,84,402.57444662810303
610,22,GG22 OSS - Web3 Infrastructure,0xf8eb666a7df2d28609bb67ec2c3646d46c44d8e5f78bc20e01a74e3ea6a6985f,GovGraph,4084.94662703125,80,114.89930462487973
610,22,GG22 OSS - Web3 Infrastructure,0x0d157806d0b64bcc680b8bbeeb8aea011d85ae54c7ef7c7170f30536d9f758c7,Ethereum Attestation Service (EAS),29976.859375,745,1634.6453140893063
610,22,GG22 OSS - Web3 Infrastructure,0x16d8946b35ef6cda278d9f21423525efafef16284fbe57ece22cf105dc561982,EthStaker,25691.667327343752,1033,1975.9423128268281
610,22,GG22 OSS - Web3 Infrastructure,0x22724a362754b65d9b3c7fc7dda94c7dc233a39c06ee60ee448bc38e3f8d0378,Dappnode,29976.859375,1393,3719.6421268753547
610,22,GG22 OSS - Web3 Infrastructure,0x354038bacd08a282512a03aeeb1aea45db166de0c8a7646a525989e859c07d09,EVM Explorer on Arbitrum,715.2478646875,87,214.48737835389329
610,22,GG22 OSS - Web3 Infrastructure,0x3fbd291fcb5c1c3bb2c8ce4715aa7beeb7a2745d28e355517395523a85e67d5d,ultra sound relay,9791.94111484375,231,484.03859153320082
610,22,GG22 OSS - Web3 Infrastructure,0x43c0373d0603dfa5d2582f74c7da653cc4a21ec0259fae079b56f668fbbf338c,Interplanetary Network Indexers,428.6690890625,51,103.37325528007932
610,22,GG22 OSS - Web3 Infrastructure,0x4461dd764ba9de1c4559972250f43ecac0e0bc9893c6629b1687177470c1aa72,Open to the Public,1378.93553125,70,125.97066256892867
610,22,GG22 OSS - Web3 Infrastructure,0x95c829c50b4f5cd8148deb66d89b9b881e458fbdc01d7357a262fe7bf3656e5d,WalletX | A Gasless Smart Wallet,1318.08250671875,157,183.49342185381101
610,22,GG22 OSS - Web3 Infrastructure,0xab3b35780a86f5ec610e911fe359e8cbbef9278b300e61826b1d11531d10cb62,ICDevs.org,1.199074375,45,61.86739422311075
610,22,GG22 OSS - Web3 Infrastructure,0xe963cc73082e9c00d1c45921f4c1bb3568c6d485b5f115e38193267025eb6b75,Ethereum Staking Guides,3729.4210748437504,76,378.33476989652263
610,22,GG22 OSS - Web3 Infrastructure,0x0192fd72d195ccf37dc79750b830ac24b9b3ba5fd602286e90fd7e53122cd565,EIP.Tools,2004.8523550000002,67,78.777360906642571
610,22,GG22 OSS - Web3 Infrastructure,0x62b3b673127e9511afdb47e7f0ef3f0bbc944ebf8492a88f5ed1ee9a4bfe14f2,Lodestar,3524.37935671875,54,129.8215530088637
610,22,GG22 OSS - Web3 Infrastructure,0x8f9aca2062bc256e96801e7cf7f2f6553a6dfb34c67875f2db22489fc8ad5dc9,Randamu,0.0,29,9.6107724115718156
610,22,GG22 OSS - Web3 Infrastructure,0xc4651f6757b1b769f569c182d7363fb611a54d71f9b7a6cced0bb988de07ca1f,Impact Reef,1454.477216875,49,124.1864595504012
610,22,GG22 OSS - Web3 Infrastructure,0x11fdec05421d0276e2ed523ad646343efb18d7c7309c2281ef1b10b01e6c3f49,quic-go,568.9607909375,46,56.5343235526816
610,22,GG22 OSS - Web3 Infrastructure,0x68fd0ec0d2e8de4f84960fde41c25ff504ed4764b968b94adcd4cdca9b671195,PORTERS,878.62174828125,51,47.834763373888563
610,22,GG22 OSS - Web3 Infrastructure,0x8d57648218f96a63b343285ae380a2ea5b12281c5f2c75c76ea4f569be2ddf9b,Tonspack wallet,124.40396640625,74,55.638876721444831
610,22,GG22 OSS - Web3 Infrastructure,0x9aa1813681cbc4c7acdad3f7687ee68b6c21a055f2df0d771551ad3d0a9e9d4d,Multipass,2469.79344390625,109,443.19468214706285
610,22,GG22 OSS - Web3 Infrastructure,0x2b1f7b2f91d848d911c41091d1addffd337b908834ae524e33286fa28e0ca683,MigaLabs,145.98730515625002,47,37.494172983754453
610,22,GG22 OSS - Web3 Infrastructure,0x0f643df12c9fdb6fee4cc435a7b06616807596d77c6718dfd2e4668dd27f7a30,Cos72,0.0,30,14.367834992939606
610,22,GG22 OSS - Web3 Infrastructure,0x9d84ffdf1483554511a0fa7d1dda1b2b1fa455fddb4733121a250a6d93a300f3,Ethereum on ARM,9617.775561875,128,383.927600530209
610,22,GG22 OSS - Web3 Infrastructure,0x6097d6982cd9a1d364a37e615fb31ac05e6bc6bbbf30582d18c43baef75813a6,Eth Deb repository,556.07074140625,34,74.033234809758142
610,22,GG22 OSS - Web3 Infrastructure,0x37bfa7d0eca13f7845180c78a4b7958bf99d02f25037f8903af7982dc3ea1f47,LexClinic [alpha-to-beta],317.1551721875,55,72.107923427829519
610,22,GG22 OSS - Web3 Infrastructure,0x6a2b25cbf963850d48ac9fcea30fc5df74a0faa80d479e5dc0458767d7548eff,UpStore Sheild,43.46644609375,44,296.68904897128232
610,22,GG22 OSS - Web3 Infrastructure,0xc249a45b3027e3e83196ab206e237e8b08d19b3d925cdd5ddb812c66b0aad012,Stereum - Ethereum Node Installer & Manager,515.60198125,43,29.625614858465269
609,22,GG22 OSS - Developer Tooling and Libraries,0xa7b8948d5c8b8d2cd502cd9c8638dda011ecfbfc10abe0df58a504e4802f5d6d,Passport XYZ (formerly Gitcoin Passport),29976.859375,6493,7281.8641089004159
609,22,GG22 OSS - Developer Tooling and Libraries,0xb1e2bdde0f89f071280085bf7fdbbba143408a43bd2166a87647f3326e4f57f5,Aderyn,1689.495794375,127,297.66637473370065
609,22,GG22 OSS - Developer Tooling and Libraries,0xb53b487d661f2efa3ddc77ce0f287d6b5e62b1e24aafda7fe8605d5fbc00e84b,Lighthouse,4648.2118146875,723,1079.3713654945241
609,22,GG22 OSS - Developer Tooling and Libraries,0xbb1d90979d5a76457be64366c845853b41d0f849f51c6d3570c25c9d57036a5f,DefiLlama,29976.859375,8064,12537.023826710352
609,22,GG22 OSS - Developer Tooling and Libraries,0xbc0c38f75ec02f37af3c6cc5acef9951e0f69c0b49a26e9bf680b1fbcf4f76cb,Turtleshell,14647.892565,1723,6477.391954824293
609,22,GG22 OSS - Developer Tooling and Libraries,0xbe25f387e9a599ccf2cb0525a5e69be8704ac8e610fe7b26f32023c390fcc5c4,Iggy - Web3 Social Framework,2350.48554359375,2742,668.55301798091386
609,22,GG22 OSS - Developer Tooling and Libraries,0xc0c4f5b4bbfc395170964d8f7731b3b964427a782206599be8aa2b7abbd00cb3,Open Labels Initiative (OLI),412.18181640625,87,130.59040801881929
609,22,GG22 OSS - Developer Tooling and Libraries,0xcbb363783fddd273e8a74b9d05e9a96499c2c9cc83d1871fc5e52aa876d49316,ethers.js,18672.285936093751,1359,2025.2614201014148
609,22,GG22 OSS - Developer Tooling and Libraries,0xebb33965fa7b5fb265e8354b44ae1edac4289589b5b83ad58e30406c4d21e8d0,Cannon,1203.2711353125,97,75.1101736126875
609,22,GG22 OSS - Developer Tooling and Libraries,0xf1082b71aa913e5749b81b0c1f9c0be7fc94b60c1d34a9d668575a0b141e59e6,blocksmith.js,981.4423759375,135,86.036603411390388
609,22,GG22 OSS - Developer Tooling and Libraries,0xf29bd37df548df4ad299eecbd30ccfb0d6f1affe8175b335bab40eb5dec28226,Tangled3 🪢,167.8704125,63,58.883114111289615
609,22,GG22 OSS - Developer Tooling and Libraries,0xf42c345d1a3ae64d5953ebf95fe1f294509df92cd4be45675db90febb70ad8f2,Token Engineering Commons,6576.3234096874994,123,329.15362077020109
609,22,GG22 OSS - Developer Tooling and Libraries,0xf9de2d3e800d1a9cfda4b8d634b040c2bc5ebedff641b4e6f1e26df9e6bffa15,Loop Decoder,1515.92977859375,80,110.50871769106016
609,22,GG22 OSS - Developer Tooling and Libraries,0x44eb49421b42a27fb781934866279d5603b6d2176d598c5d1372eca0073e34e9,Hyperledger Web3j,81.83682609375,91,63.016772056027548
609,22,GG22 OSS - Developer Tooling and Libraries,0x4a960782a3b8681844dfecd31dee6fcbbb06028493240b524e8fa1dab18b2b64,W3GPT,8470.8609221875,323,965.89247665114817
609,22,GG22 OSS - Developer Tooling and Libraries,0x5103b62b44ea110b8f907fa57c2684a8a03962da5414f18dd63f680f861c57cb,Vue Dapp,1429.8961921875,63,85.1044467324682
609,22,GG22 OSS - Developer Tooling and Libraries,0x51e6a19e11caa5b107e61215a94d646a1d6209e0ecb4b9c4507e568040401142,Nexth - A Next.js + Ethereum starter kit,1951.79331390625,2842,473.48021357898688
609,22,GG22 OSS - Developer Tooling and Libraries,0x5876a29572047b39be601fcd3d6ae177504d5a19fd5601c8d23b6cc3560501cb,ABI Ninja,2156.23549484375,115,173.27209926262003
609,22,GG22 OSS - Developer Tooling and Libraries,0x5d5247e032a830459eb9e597c8467b4d46d2ed4dd69b37c2cd9f82f0d6005d74,WalletLabels,948.467830625,130,837.94871249704738
609,22,GG22 OSS - Developer Tooling and Libraries,0x5f61bac522130fcc98305a95ab4379445f2f13c27632b67c3fe437835f2740f3,Scaffold-ETH2,7686.6662809375,161,261.757500297419
609,22,GG22 OSS - Developer Tooling and Libraries,0x757e371e75f8803c5e9468bc487c9030cce487cb372d45bbeac085a4c5f7be04,EAS Dev Tools,7524.4914717187494,147,215.8070021379317
609,22,GG22 OSS - Developer Tooling and Libraries,0x77ad10f6532a1fe22e28870d7f4d73eb3b05331c9470ebf1356aed5d5a9ef240,Bonding Curve Research Group (BCRG),2598.69393921875,105,139.65051627310095
609,22,GG22 OSS - Developer Tooling and Libraries,0x7bd8f08d99d1dfbd44e49fc8d3adbaba5f3d6d1d94ba5ad0ff3b2ec951b5c9a1,Otterscan,6047.23184171875,128,253.90014006526326
609,22,GG22 OSS - Developer Tooling and Libraries,0x7e1cb25f8531aa3ccd9f093ade213b00a9dea63ba303520892df624b0fe2a047,Wagmi,15986.6591046875,807,1185.6548862255513
609,22,GG22 OSS - Developer Tooling and Libraries,0x894b0042307e276dd7220307a3322db396b1744bd1b9d686318cc7a5fdce59f0,ZK Email,8916.61682109375,532,843.26342192555194
609,22,GG22 OSS - Developer Tooling and Libraries,0x8b069135d9af6e365eb454d93b94a0ccd58f9dbbcd0aa3504a90cba9093ebf73,nounspace,1002.7259460937499,60,99.714031713723671
609,22,GG22 OSS - Developer Tooling and Libraries,0x991fb97b5a103c0a62b907878690d17e287e19185a3d3211e92e98c5c8f5137a,forge-stack-tracer,41.3680659375,62,29.924297315097647
609,22,GG22 OSS - Developer Tooling and Libraries,0x9aba986e5a1628f7cad35a182c7b0e51011dd92219abbf990dba0e75773fb47d,Blockscout Open-Source Block Explorer,27259.457072656249,6322,8166.2305582139779
609,22,GG22 OSS - Developer Tooling and Libraries,0x9fb5f1ff82ff7f4e4ecf0c69d6012c8159d0694eaa193ce353b6313d819ee3bc,Echidna & Medusa,238.61580062500002,43,36.592646915174555
609,22,GG22 OSS - Developer Tooling and Libraries,0xa3817fe7f2dea260bbbec254bd464174433500969a89d3f8f227a3adca018436,Solady,7337.136100625,142,240.15152417314675
609,22,GG22 OSS - Developer Tooling and Libraries,0x051b5bdc0d04a2732212f67e321a65bcecd89226f248d5d9ef2fe0855e5f584b,Viem,17064.327199218751,288,535.91938977102836
609,22,GG22 OSS - Developer Tooling and Libraries,0x0685571a364d43f0c52de722141375d8d38e95c5354c564ac7f673d54e884f9a,Ape Framework,2931.736846875,149,226.4354101492678
609,22,GG22 OSS - Developer Tooling and Libraries,0x0ef8265983dc88987f5fc276db1094103d7b99a686bd50087feb48553998464e,Unlock Protocol,2464.9971464062496,2903,571.85217057206319
609,22,GG22 OSS - Developer Tooling and Libraries,0x1249835eaab22b2d2fd7f34556a20cae9cfd902f56c54789730081e6996ed012,Astral,5230.9619609375,694,455.03518867076491
609,22,GG22 OSS - Developer Tooling and Libraries,0x15efcb2d16f0f0233f51f59cffb576fa301cf5db6be97b890297196b13995f0b,growthepie.xyz 🥧📏 - Usage Data and Analytics for Ethereum Scaling Solutions,16256.750607656251,733,1419.1897336786496
609,22,GG22 OSS - Developer Tooling and Libraries,0x20dfd9a36a5713f967bbb578fc16de3a4fd97195c929ae5819929642de17d09b,web3.py,4396.70596453125,139,295.73391518511926
609,22,GG22 OSS - Developer Tooling and Libraries,0x2fd12cb88cba8d832aaca4cfb55962a2adc78491132d388586b3f58afb1264e3,Open Source Observer,7323.9462825,154,315.29082851673593
609,22,GG22 OSS - Developer Tooling and Libraries,0x3cc8662636a42846fa8f2c73b7c5dcca7c51610cd36aaa18b56fddc7d1d9a5f9,Scaffold-ETH-Mobile,1920.01784296875,84,84.342723385459976
609,22,GG22 OSS - Developer Tooling and Libraries,0x424fd613fbf44be00f5234e93664773a005c2b75716ef400d1b81c84218d3e80,beaconcha.in,12129.2368403125,396,822.27253930046572
609,22,GG22 OSS - Developer Tooling and Libraries,0x4c8d716d67653b5aa14300221f05e19c96cde76fcf628fbf6fb92bb014839e64,Swiss-Knife.xyz,2177.519065,81,135.65643860255295
609,22,GG22 OSS - Developer Tooling and Libraries,0x7f2586fce05d466c9fb3e509be56c02e0af6870f04209d5881c6d100534fec5d,Synpress,1595.3684559375001,135,115.0837854985366
609,22,GG22 OSS - Developer Tooling and Libraries,0x7f38a40bd304060f713fc4209a6a743114a043b9c45db1f80be3866dbe5d5e74,EVMcrispr,2686.22636859375,93,99.397593071771553
609,22,GG22 OSS - Developer Tooling and Libraries,0x82bf0d1cd9a7bc7a7f61c6b996de8f268830380ccf3cfb9d67f07fa1b000826c,framelib,527.29295640625,66,122.12542334757018
609,22,GG22 OSS - Developer Tooling and Libraries,0xe81bec1db1a71473aaa482d44f142bdfc6717e36db537372040c8db414e90e78,variance,175.96416453125,54,40.789300883276155
609,22,GG22 OSS - Developer Tooling and Libraries,0x08d70bdf8fdae9eed10ce784ebde50128c17b9319c5d7930db686c4bdffd06d9,Distributed Press,798.88330234375,49,79.815830755163915
609,22,GG22 OSS - Developer Tooling and Libraries,0x7ee2df261a02e30fa952e670db2468fc7eb1863becb6e744865faaa4e05cac83,Civikit,2171.2239245312503,61,166.7955113761418
609,22,GG22 OSS - Developer Tooling and Libraries,0x9f27e93b1b59afbe86cf2c6a47ca8a6cdfdf0421e8ee4de23cfc882c09de5c14,Polykey,1460.77235734375,106,78.414509195397841
609,22,GG22 OSS - Developer Tooling and Libraries,0xb7d47c9c126bd90b1bd55d6bc5f2f4925ad683ca3dcfb3eda43289b277225fcf,2077 Bounty,1110.9424084375,67,149.24099755792849
609,22,GG22 OSS - Developer Tooling and Libraries,0x05a5d1739241a3665c57ff73c8222fcf4dcec7f4fdf02877b237bc42150152b0,EVM Tools | Toolkit for Web3 & Zk Dapps,2643.3594596875,162,128.250229866062
609,22,GG22 OSS - Developer Tooling and Libraries,0x5af36653cb281f2364fe6939b7107c30ae0f9abb4c6aadfc1d68af73ccfd4b99,dApp BOOSTER,127.10188375,83,116.45002334794845
609,22,GG22 OSS - Developer Tooling and Libraries,0xa456c285c11b9965360010a8aeaead3e2bec49e3bade1b0f8b7cec09c245d4c4,Slither,402.58922140625,41,47.65569649884128
609,22,GG22 OSS - Developer Tooling and Libraries,0x3cae7aa84706f7032f4757311bcf2e2c632fc1383e5e0250e6a7ae599e8c2bc0,Circuitscan,357.32416374999997,104,191.58660011648317
609,22,GG22 OSS - Developer Tooling and Libraries,0x9ef3e36ef91c92f3857668552a8a57706c853550af2886019b69c4615f2f30d9,Impact Garden by Metrics Garden,1309.08944890625,77,141.84874224546365
608,22,GG22 OSS - dApps and Apps,0xa87df39f52e703cab5d5c8e27eebebefc2867f34ac9aeb28097095c8fe41a839,Hypercerts Foundation,11828.291933125,356,921.4242376415641
608,22,GG22 OSS - dApps and Apps,0xaa57e092bd3351948df6efb86191e742c98016bfb02df621b86dde05880d40a1,"Pairwise: Simplifying Choices, Amplifying Voices",4920.8379625,118,323.79375684109982
608,22,GG22 OSS - dApps and Apps,0xb6ef3de56ec058374cd8fbb76b2385811646e959b7731ed168716ca7a55fc562,Hedging Impermanent Loss - Carmine Finance,248.13969749999998,88,144.43555825116346
608,22,GG22 OSS - dApps and Apps,0xb7739fd528a96eeb4790f1d0e34e62ca7bb2d5bb4bafda2be9fe0f90e8d241f4,Pepemon Degen Battleground,133.65978875,160,124.89895919902483
608,22,GG22 OSS - dApps and Apps,0xb7875ac058e2f2c5c410bac5ab399589229525e08eeb8f7a294fe7fff4542559,Rentality,74.92140625,67,28.0416636710288
608,22,GG22 OSS - dApps and Apps,0xb7b83ad943fd3fa1d40b1590a5874431ac90be72e7f9b90db81db9294a417962,Chore Wheel,1170.871736875,116,257.82130498986226
608,22,GG22 OSS - dApps and Apps,0xb7f0a657dc2950ef2656224e7355e1d2481436c8608399d2da739749daf5d9ab,ZKP2P Fiat On Ramp,2321.664536875,253,618.079176852305
608,22,GG22 OSS - dApps and Apps,0xb98227c2207d9c784547919e52d356dbafb90814242c99e4b791a12b74fbd1f6,Better Giving,77.31889125,26,42.532110489206389
608,22,GG22 OSS - dApps and Apps,0xba1a48507d1c998eeee6bcac441efbc07538646e87aedfaf5277b9eec78c7323,$EARTH - Oss,5159.38772,118,761.247176766803
608,22,GG22 OSS - dApps and Apps,0xbe150a42d3908b81d02a0db396bfcfc1eea47a0adfa43ee22eb82f02f46b9231,Militereum,358.4240075,59,40.532545307010878
608,22,GG22 OSS - dApps and Apps,0xbe81c3716fb87ffc8f50493a99df7cded36513388f6cb9f68524a27c6a4b4bf6,Abundance Protocol,2047.4521900000002,102,217.35780242370674
608,22,GG22 OSS - dApps and Apps,0xc102c4d1950b6c73cd589a79814dd9beac9edc6269103433b6a727d93d57213b,Event Horizon,5275.366056875,1685,1960.0404700932559
608,22,GG22 OSS - dApps and Apps,0xc2c88b012016fb88be351e2c5fbb084abff646dcdf07ec1e635b8c1ef379d331,Rouge Ticket,0.0,40,38.878826824075077
608,22,GG22 OSS - dApps and Apps,0xc613d50d362ab15e07157a2cc8668cbcf8796703a538b26f4005421b61f4b9f4,DobProtocol,2860.79897625,531,4029.5221596545307
608,22,GG22 OSS - dApps and Apps,0xc8851eabed875907d1875e36d8b2c8d71edb80659ee38c04d908a9b90e3b546f,wildfiressb,32.665733125,48,42.791318184521515
608,22,GG22 OSS - dApps and Apps,0xca460772f5ba0840a589d2c19fb7e17ac259e4be884313e3712c06c9c885dc93,Giveth,14984.28125,2015,3158.2210230799974
608,22,GG22 OSS - dApps and Apps,0xca5797a71ca6f849ba9c366972d47c01061949d5cdf7fa61e20a229e035d877b,rotki,14966.000426875,312,872.32974672934506
608,22,GG22 OSS - dApps and Apps,0xd6ce11daba43daa4e26082b6a2fd57bb2562ec1c90956ad88eb83f308ac47dda,Hedgey,3437.094433125,482,629.56748132088569
608,22,GG22 OSS - dApps and Apps,0xd777ba0d028011ca1027be745d027fcab5d15cb214c612e039333e55d1d1fe14,The DeSci Journals v3,1422.3079762500001,73,71.1873274584068
608,22,GG22 OSS - dApps and Apps,0xd77bec3500a1b3e54ead391aeaad9a664f92643beaa8a50d4302bd67ef7949cf,Plebbit,15.883338125,44,21.232405929593369
608,22,GG22 OSS - dApps and Apps,0xdbffe6eafcb836ed7fb9b2b0dd8e6dbfef147ab447341cad1ad32b25e5d46b4d,GiveStation,269.11769125,51,35.698896915302612
608,22,GG22 OSS - dApps and Apps,0xdcc43a7782a75c8d14d62a2ee7d9f7eb2ec0f3281dfd4e9517b30233dc2d42e5,Rahat,249.93781125,52,103.86106026783818
608,22,GG22 OSS - dApps and Apps,0xdee6c892d6f2e2e53004d03f76076cdc8e134139ad7e0787b95492614fa6496f,Yoki Finance,4389.495349375,1762,2114.2782395011163
608,22,GG22 OSS - dApps and Apps,0xe3c5497e3073669d3788a015ce9e89fd2ba14028af892c613b7dad8e742d7b46,1Hive Gardens,1930.874481875,115,157.94630882365163
608,22,GG22 OSS - dApps and Apps,0xeff81a9b1ca1db940b74d9b8876c8d8cd62f69f0f1263c28399f4a0120cacf56,Harmonica: AI-powered facilitation of group sensemaking,4364.02207125,528,2681.7773742728168
608,22,GG22 OSS - dApps and Apps,0xf1e079f0432b8f22d831530ddcf6a15e8aacb8fd39abf7465d33be9d89286348,ShapeShift DAO,1429.800116875,333,304.32138233283649
608,22,GG22 OSS - dApps and Apps,0xf56dd3fa328f36673fd27422bf169559797919b4e8dd639b341d14127219c70a,RubyScore,6066.8357925,3721,5172.4240614033843
608,22,GG22 OSS - dApps and Apps,0xf5dbc005bb82012a9c3dbe56bd25e5aff7c17a70ea95a4497a5da3e5ae459118,Tape (formerly Lenstube),850.208118125,245,338.45235646067886
608,22,GG22 OSS - dApps and Apps,0xfccd0395874a361b116f8de18145f65e5269f65d6970d663e1f3a3dc486609a9,Rescue.name,36.861331875000005,29,35.687312442809343
608,22,GG22 OSS - dApps and Apps,0xfd061a146da1309cf6e7fb5cdd4aaab61b298ecc23d7750ab1ac21ac9b817560,WashikaDAO,83.612289375,47,39.697905351698864
608,22,GG22 OSS - dApps and Apps,0xfd3c441151a0267402323d878d8d1c37def65e0948e1d7e292cc7aea2d92818c,Grant Ships,923.63109625,59,90.1991291299928
608,22,GG22 OSS - dApps and Apps,0x4520f6b610af56dd9fb1aa85b560c5d460412285032dfbb90a47656ebc08d0b1,Kolektivo Network,8142.758116875,1649,2134.1452491807868
608,22,GG22 OSS - dApps and Apps,0x4858e0d4adce13099b9cbe25bced4c9bcc90f063dcd70a2f6f7cda15f1177687,Revoke.cash,14984.28125,6246,12897.103070731442
608,22,GG22 OSS - dApps and Apps,0x496214227541dbf74d56305a73e89c27c3b30fe85226d78266394d8e2abcd072,Radio SpaghettETH,1438.790685625,60,111.64631574985106
608,22,GG22 OSS - dApps and Apps,0x497dfa2710a57d4f8e4127bde4a2762b9de40d942d616f920a88bc4320141772,Goverland,177.713575625,35,115.85176921985112
608,22,GG22 OSS - dApps and Apps,0x4a16bd8a8366c8491b91558d249d192d696702e3037a63238c6acf648b69051e,Toban -当番-,766.296143125,78,194.71889574255329
608,22,GG22 OSS - dApps and Apps,0x588c50239a06e47416199e11a9f77e428f839befc48a2f8cba2c70e03cb3f4fc,TogetherCrew,1070.4770525000001,51,51.418173426820431
608,22,GG22 OSS - dApps and Apps,0x5a1d81860efda36bae09cb6cb491c922c0bc878ebada3a566184a27c688f5b81,Open Collective,4900.159654375,88,246.20105362741742
608,22,GG22 OSS - dApps and Apps,0x647a75de9a532daf375d077c23269226cf964f8747ebb80c97a1929e772f54f0,Smart Invoice,436.94164125000003,47,29.764549408573657
608,22,GG22 OSS - dApps and Apps,0x706bc44d0c033d10c977ac4a6193e7838b8a795ea0d62cdb8eb0aedb5feaa70c,Karma GAP,6029.375089375,135,190.89513862429885
608,22,GG22 OSS - dApps and Apps,0x785b79d887ed8ec7bd4c23739a84caefdd3c61fb6508ab37c813bfb4758e9089,Quadratic,26.97170625,46,26.623362563841511
608,22,GG22 OSS - dApps and Apps,0x7a0a0d69f38dd8e8c7d0aba9c2b5ba6444ff1941ee5e150bb9b1a46b1ac887db,Strategy Swiper || Raid Guild,1200.840299375,28,98.23939722077921
608,22,GG22 OSS - dApps and Apps,0x7c2db89015825d83f56cd55aff50b2ac0a8b50338d88c2988323ce6fa7739d1a,Hey.xyz (formerly Lenster),14984.28125,8644,16780.234409213121
608,22,GG22 OSS - dApps and Apps,0x7db138952e569707526b028c218f0ba4d41189f90a97f544b16e7a989e1b0fb1,ggframe,237.351015,50,96.084947680414189
608,22,GG22 OSS - dApps and Apps,0x8191c507dffb7fd9d412edf929b08c6583af7c418a61b590692fb7cd9ea27ddf,Inferer Advertisement Protocol,0.0,34,48.391738077916671
608,22,GG22 OSS - dApps and Apps,0x81e93d890857abf601186b625cc9a95aa4c859e9aae814673a13125eff38a196,"Eppie: the web3-native email, now available on GitHub",10.488996875,45,12.119057744392194
608,22,GG22 OSS - dApps and Apps,0x81f32dcb2b10fa0b211a26c46174e3da92e672e4124a6eff6c843842e60df558,Citizen Wallet,5348.789035,213,389.27486883557867
608,22,GG22 OSS - dApps and Apps,0x8636eeeb1f17504d85d24237b621cf43cbcce8d97e6fbcdc4b2b382bdee2cad6,Impersonator,2066.332384375,82,186.65508970734663
608,22,GG22 OSS - dApps and Apps,0x8724bfa06652871a9e0c802de94930dff342bc10592f0effc11579ab739102f6,Streambill,150.741869375,88,126.86391198809724
608,22,GG22 OSS - dApps and Apps,0x93b8092b1de5cd245a6a82981afbe7105ae0719e2dfa15b68f6e8e30fd08300b,Quadratic Accelerator (q/acc),6213.382063125,140,360.81195709045278
608,22,GG22 OSS - dApps and Apps,0x9a9cda60bcd1b566669a6e03d79dcea4be966ebdef25dc9754cbd4170e99c61f,LunCo: Metaverse for Space Engineers,1927.5779400000001,130,672.69040965248132
608,22,GG22 OSS - dApps and Apps,0x9d8a7504b0b9f0f0cb9284796a85fdc8164164117e22f1cd087f252c3ae993c1,rolod0x,330.553244375,38,82.966181971947663
608,22,GG22 OSS - dApps and Apps,0xa018fb58a9580407f1abd5c5ed6f43ad3f0c41b89eff7694d46d94082832516b,ChainCraft,1549.674366875,176,813.57974563830066
608,22,GG22 OSS - dApps and Apps,0xa43d39ea6e0c57d3082983686ceffca5cd0e96dcef1ddf84fb124623b0bbe05a,Superchain Eco dApps,14984.28125,6061,14786.288034069094
608,22,GG22 OSS - dApps and Apps,0xa7047cbd0f513b2bd652973b0715a757e2f7a8b046bbe11395992646533eb0f5,Mystic Garden,31.167305,72,373.99309682380408
608,22,GG22 OSS - dApps and Apps,0xb8769b6e63e581c7dcd3e917462186cc8973e0366026dd1a092ef4e555e23063,DexKit,102.49248375,59,51.348046569328289
608,22,GG22 OSS - dApps and Apps,0xbfcf826aea87bb5823e28cd4f1093321f67befbf3239b257a259ab41da0e4f50,TheBadge,204.9849675,52,54.558607155049685
608,22,GG22 OSS - dApps and Apps,0xc1a5a7efce3df3d59d79b80d60ff44038543309f58d67e20f67af859b0026e98,dHEDGE,355.72683687499995,258,293.95739856379805
608,22,GG22 OSS - dApps and Apps,0xcaa6e9c3bd7f3fa8b2fcfad1dbd34022e86f2e040a50721e3d52b6de89cd3aa7,RaidGuild Skŭngkwûrks,770.7914275,33,43.129077577264979
608,22,GG22 OSS - dApps and Apps,0xd72767c6cb539cbcf31ae2369983f0c287a2f990cc69fcdfa35baf050955effe,CoindPay,1380.95136,225,640.76417608797783
608,22,GG22 OSS - dApps and Apps,0xed5e3c7b4839745c4bcc3216b591305d3731be8681bd6434d1fb32f21cd295d6,Grasp Academy,83.31260375,99,418.80216930923052
608,22,GG22 OSS - dApps and Apps,0xff0d19a8d41e62428e35da3007ed6659a53edb0fbdaebda99ab1543bc048a7f8,GrantsScope - Grantee Discovery Using LLMs,436.641955625,69,47.545770081982482
608,22,GG22 OSS - dApps and Apps,0x045aef29cc97bede7220dd6aa72a35c7e19336a5424e2b5c04b7082d6747c820,IdentiKey,1104.341528125,107,798.18577308463864
608,22,GG22 OSS - dApps and Apps,0x04eceede743d19c498a90952e9903e9ee46f3dc77766bcc85d1eb9b3e7ce7a5e,Unitap,5472.85888375,672,1273.5949321704102
608,22,GG22 OSS - dApps and Apps,0x0b65fc24c0ebe9508268f2858d50ec4600e6496af44b458deb7c8142db75d26f,Liker Land - Web3 Bookstore - Empower Content Ownership,444.13409625,131,248.59831026627216
608,22,GG22 OSS - dApps and Apps,0x0e746fd798da04d3ee071831372a81f18723996b41b48dc342737125460ffac6,Rankify: Meritocratic Autonomous Governance,1246.09282875,161,857.04122246819315
608,22,GG22 OSS - dApps and Apps,0x0f7b32feb567e9253913d6be37e69d2867b20033f199ecf57022eb17745c9a56,EAS Attestation Explorer,5775.241679375,175,346.25556984369177
608,22,GG22 OSS - dApps and Apps,0x11ad5b43ed18ff7a1f2d06140e6c664c79e74c99815c71381ffc96ff8fb7f37e,Glo Dollar,8791.577495,148,324.45521385996835
608,22,GG22 OSS - dApps and Apps,0x15524d92e001464560374928cc41ddc573d4c1975b234d880a99441ddaa76dbd,zkCodex,4269.920785,1140,2231.8408516047057
608,22,GG22 OSS - dApps and Apps,0x158ab8951774976a766c75367cc2995b796300ebb2212b4b8cf8ef9f2ffbd9a2,Funding the Commons,13260.189849375001,145,636.39182602107758
608,22,GG22 OSS - dApps and Apps,0x163939d63f632f9b05f7357353cf54bdf89e574c8113fc2786874f976afa7959,PopCraft,0.0,29,27.128036342561245
608,22,GG22 OSS - dApps and Apps,0x16429f74cbb2cef6f9f48481b6c8bc49fa12989d75c1f9d82462f8bb91f079eb,BloomersTV,1012.0383556249999,135,453.09676716680406
608,22,GG22 OSS - dApps and Apps,0x18b980ad9895d290f808f9a1c538342bfb908ccd31972685fa211a74803ce4c7,Jinni Health,210.37930875,76,61.200082415016368
608,22,GG22 OSS - dApps and Apps,0x199fbad2a96c0358f0522507643a736c390bed4dcbd1cbbf1341fab277fdc062,POAPin,5909.500839375,2245,3031.4116659786669
608,22,GG22 OSS - dApps and Apps,0x19b8fdb6bdea6cdb71a19f43c0ec0962ec08b563c57f4c2307d0b954123dd67e,Kiwi News,2845.515009375,111,139.89394631481264
608,22,GG22 OSS - dApps and Apps,0x1aeef6017a648aa54fa27a65664ecb26c34e113c813b05e8d3f16b84cc45c323,"C–ATTS, Composite Attestations",491.184739375,57,48.135674296994694
608,22,GG22 OSS - dApps and Apps,0x1bb64e87b901e6e0f4d7877a99bc5a035ca4be1ec2517fd3f2e00337e636daf7,NFT.Storage,9772.448545625,607,1250.2693191844155
608,22,GG22 OSS - dApps and Apps,0x22016bd0c7432cd3b196656924e002560ef3b0b73d71595b421a6076f6c9c9f2,Spark Ecosystems | Impact Evaluation Tools,994.35690375,95,136.3469508626149
608,22,GG22 OSS - dApps and Apps,0x25f4b3a0ac5d08bd1c84b8bfa95b4cc329695d3206b0c436bf730a4b424b30c2,GitcoinDonorData,1700.116550625,134,193.41981417674106
608,22,GG22 OSS - dApps and Apps,0x28bc28ca0597412b7b62522d92f88b2e60b00a3a5e8db1b6cc8c81333fd8045d,Nextme,1791.52066625,224,602.40622820757562
608,22,GG22 OSS - dApps and Apps,0x2a5577bd176b68d3f7699a362938a6ea1f386637a4b67a76871d68fa20dc4649,The Tor Project,14984.28125,2074,3113.8646426677005
608,22,GG22 OSS - dApps and Apps,0x31e242a4e85e6d033f63dc6d2d97ae6245bc1a50e5560266c23ad3a1d5608a63,CARBON Copy,546.62658,68,52.456956249952782
608,22,GG22 OSS - dApps and Apps,0x322678a3b6963608314d00fa5c8a746cd5b11bb92933d99f8fbe64f843ec30ab,degeneratives.art,255.03246687499998,196,989.29569258727133
608,22,GG22 OSS - dApps and Apps,0x37c6ed16080af764df00450c4857e0d0302f9b3a4be55c430682082703966f5e,Commit,1121.123923125,73,266.05643297755159
608,22,GG22 OSS - dApps and Apps,0x3b329e3200afbc8bbb55171df34cafb92e8d61b5a3ee872e5e3ef2dd130b3296,LensView,208.28150937499998,95,66.326123009552248
608,22,GG22 OSS - dApps and Apps,0x4220b4a9bcf976a902863042ac8a4419923f058dbf75498aff0a4241dd0bdd5f,ETH:codeUP,70.7258075,29,37.122739580925554
608,22,GG22 OSS - dApps and Apps,0x42f36d642d6a96bca006a5719556c5b68ae086005a4aef33b6e18a3927904206,Brewit,31.167305,43,18.350170563964639
608,22,GG22 OSS - dApps and Apps,0x433f3d13927533e99c1b0f7a67ddb3f6c4ca347530f1df32230f592d31663dd2,Zenbit Badges,66.53020875,51,104.4240147092496
608,22,GG22 OSS - dApps and Apps,0x6e16d24eeb40a1f4ec009f1755f38598e5c13ed79e2aacb30f08062d95eb24a5,Negation Game,704.560904375,52,323.77378553780727
608,22,GG22 OSS - dApps and Apps,0x85bb0ff17f21531b6276fa3bec18654ec302cdf5a33b6d7b72a98f684e5a1fe9,Decentraclasses,262.824293125,118,3741.8839058885933
608,22,GG22 OSS - dApps and Apps,0x8f10b67aa9bf8cf206a7e0b4a2f83c533ee523a28c3b912e52678537e68928b6,JobStash,1087.559133125,111,324.04724938893924
608,22,GG22 OSS - dApps and Apps,0x9188b3a42cad446c5df34508271ab52828102e9cc85452b41709e58756dd3847,Collabberry,252.634981875,43,30.683560884848703
608,22,GG22 OSS - dApps and Apps,0xb30e9a03fe9391b289331bc8d4f3ad6aa31db301447025f92b8275bc88d447f9,VoiceDeck: A Marketplace for Impact Certificates,1528.0970018750002,66,102.66537841182435
608,22,GG22 OSS - dApps and Apps,0xb6801f5964c53f9599253d9340f9ce953c4235016fa46bfc0630756db88819b2,Poa,93.202229375,67,618.05194692319492
608,22,GG22 OSS - dApps and Apps,0xbcfad440e29d92f4c4b68a4e1ab9b6d6ed29df7b11a3ed6aa7a150fc0d1d3ec2,authbond,22.776107500000002,48,20.112915303034242
608,22,GG22 OSS - dApps and Apps,0xc60c26e2662309a7141662f2109f47f4e0fd1823610be25880f6f2d0c37c3d4b,Privatefolio,760.60211625,64,123.92136027017841
608,22,GG22 OSS - dApps and Apps,0xc6bac60c3a6194e71905ccd937ade273ab45d8fad2794634b7634f4902d3e42a,Drew - Localhost,522.951415625,35,102.04446926835226
608,22,GG22 OSS - dApps and Apps,0xfa16d7d0c1c13c2821d3d94e8bbc9aa7f2c1219d057e1e747ea6db4bc4712fc3,Flow State (Streaming Quadratic Funding),787.274136875,57,55.49687890271889
608,22,GG22 OSS - dApps and Apps,0x1eb6bbad0896e16d57cca476cb0a37f0adf1dede385378d8f65224a09bc8fa51,Breadchain Cooperative,1930.874481875,72,289.23276825301582
608,22,GG22 OSS - dApps and Apps,0x2ec218d189a1726a1d19616640a0f6f8849db62d071d3bce43008b57859263a2,DAO Coalition,609.860246875,52,45.8070855672122
608,22,GG22 OSS - dApps and Apps,0x2fc8da4ca85653e498558c55c174c9b7e7b11a25921504b978570148b6c15ed3,A51 Finance,682.68385375,154,235.01593075221172
608,22,GG22 OSS - dApps and Apps,0x50e981de1e62aaa755ff0046cbd6befac3a296595ecda10f847c143ed6f2543f,Using ZK for game optimization in Dark Forest,109.68493875,58,64.699226263270248
608,22,GG22 OSS - dApps and Apps,0x5b1501d1b409f3da231b42cee691e439f75a35ed528272cace0f308a5bf20d4e,Sellout,481.594799375,52,56.130142939800862
608,22,GG22 OSS - dApps and Apps,0x5fdcd436170f3477da158686a4fabe53014a816d00868f035c9d0ff6be12f478,Torque,126.46733375000001,93,127.82288844377035
608,22,GG22 OSS - dApps and Apps,0x87d9204657e33c983c3d50e3e212d170863a87b888bd595379d3d7b6dfb59352,Ecosystem Vision,0.0,32,17.076942250481807
608,22,GG22 OSS - dApps and Apps,0x885df68aa8d01eb6e1d118d7854d2dc162f7c2f4e2114dd3c6fac3f3898fc829,WannaBet,1267.6701937500002,81,113.75602372165304
608,22,GG22 OSS - dApps and Apps,0x9b67ebabd1fb31052c6d2afe25306f762673c8aaeec06c1416c266b8501b23f1,viaPrize,1107.63807,62,59.467885940219276
608,22,GG22 OSS - dApps and Apps,0x9f543388c70e8d7547ea0d394bffa118fed6c0957d96ab284e703f17ed2be880,OnChainVision,0.0,36,14.50089950603433
608,22,GG22 OSS - dApps and Apps,0xcf324fb6eca9c6b44ac7f613f07315bbad9cf4027c16ec150adb7d0a84054583,Vocdoni - Secure digital voting,2562.911465,189,975.51737407391192
608,22,GG22 OSS - dApps and Apps,0xd7033fea1278ec2f1cbf72d03ff236f302421794300923428fdf85fb3908c8c6,Anu Initiative (ReFi),864.89271375,53,91.475544320885092
608,22,GG22 OSS - dApps and Apps,0xfbeb246c9e40c2fe556a4b783d66ac6eb23b30a5e7fbabf080bb08b7677ce0f4,CryptoKoffee,103.09185500000001,32,28.921563977841288
608,22,GG22 OSS - dApps and Apps,0x000779a11c8a870f9f58fa7b2cb9db56c80b56455e3e7d5ff38dfca8ff0bc350,Mybucks.online,0.0,47,35.114575322368182
608,22,GG22 OSS - dApps and Apps,0x03b14c69eb77a2a37470b7224e327ca2247998f30578d88b4e7e164d3fca9bd2,GovLens,0.0,54,30.25526483822614
608,22,GG22 OSS - dApps and Apps,0x13d905b85e4af8c8f7d0d1270fe631b0440ec9ab7cfe0c37bd45be902a86d2bc,Treegens🌳,4299.8893474999995,151,342.16731241869275
608,22,GG22 OSS - dApps and Apps,0x1887e83ef45a249378281ffcddcf692ec0d29e177a4391f398db7e6ff6c5af6b,dm3 protocol - we make web3 messaging a public good.,209.480251875,65,37.054726382193621
608,22,GG22 OSS - dApps and Apps,0x271d16ec14433ccff66237a1d6d35a866174139e14112122da6e2f66b39d5acc,CharmVerse,3219.8223550000002,85,113.41544429707574
608,22,GG22 OSS - dApps and Apps,0x40352ec04033c9d170d9fc69fb712cf742907ff0024961d6c54baddf89d105eb,Txcity,597.273450625,43,40.822857307561208
608,22,GG22 OSS - dApps and Apps,0x478458984babc2d3da44c910c284805fa43ed5f3ebad454f8f5486c63fa35755,Raid Guild Season VII Cohort,1362.37085125,46,128.18242212734185
608,22,GG22 OSS - dApps and Apps,0x4f4e91aa12ecc33d3d49fdcb67b3e457b7bea08d9c1137f74aa7d8eb6201aa59,Atesta_Bot for Telegram Attestations by Nacion Bankless,195.99439875,41,33.105499673634768
608,22,GG22 OSS - dApps and Apps,0x52e15e381a59c4ea34a4d4c0bee529ee82ab0e780509d37b9a3b258e82b40c97,[] - Yohaku,282.603544375,51,49.435730642057024
608,22,GG22 OSS - dApps and Apps,0x5a5bdee7e1980fd8fc1b704b607309edb3a30cfe550c121a7589fdc0aea1da02,Frontier Registry,92.3031725,67,78.52706955785834
608,22,GG22 OSS - dApps and Apps,0x8408a62ca377dc359998e5d08344778e2e1388bd84b82fa8e674f2ca2f3fc499,OpenLitterMap - Real Time Reporting on Plastic Pollution,175.31609062500002,57,28.924435642606113
608,22,GG22 OSS - dApps and Apps,0x89be508f9dd7d107e86cb9c0d1c0762682d14b0ae4351adeafd8db10a87e14c3,OpenGrano,87.208516875,42,24.249899139918853
608,22,GG22 OSS - dApps and Apps,0xcec2dd7c33e6639f0476b7c90b4d0572b9a5053a370d308850fe0873aea78ef8,Payflow,300.28499625,46,44.098904061829671
608,22,GG22 OSS - dApps and Apps,0xf962fb7679660f96e137e9ae12b0962bf6079d40ff18befecf9246ab2111bc30,Bloom Network,906.2493300000001,54,64.74827609071508
608,22,GG22 OSS - dApps and Apps,0x2651563802989f9bc6de16ab5a173d5ad755c0a22f14d8916a31eebcf268afdd,Beepo,122.571420625,64,33.610406957974192
608,22,GG22 OSS - dApps and Apps,0x4e9a6efc02fca23d8b644389931e3ebd48ed3468a85b0ff5d6d96ab52e147d78,Chora Club,177.114204375,69,173.7050443024491
608,22,GG22 OSS - dApps and Apps,0xa40bea19733bd9fad64d6c9807497041f379c12d93af17a6283e2761e20917ad,Bankless Academy,2040.559420625,161,205.89696369005833
608,22,GG22 OSS - dApps and Apps,0xadfbbf4d5e839bba092ee7246987d860417cc410b2ba02d773dfd0cb33b88536,AFK - Aligned Fam Kernel,71.025493125,43,58.011601803533267
608,22,GG22 OSS - dApps and Apps,0xc0370d03bff09359841018181450a616b36cf4493909830307c10326a5538d7e,Lighthouse,595.17565125,73,105.91421543294564
608,22,GG22 OSS - dApps and Apps,0xfaa22db57e38d69117b89c4371195828dbfde3ec474688074587490ca192b969,"EntSnap: Endangered Trees for financial inclusion, education and social impact",194.49597062499998,24,41.8476664214395
608,22,GG22 OSS - dApps and Apps,0x05f07c91eb9b42871f813a5daa8c17e0c84c43292cecf94f9df295aae81a3bba,datalatte,198.691569375,63,22.755662829964422
608,22,GG22 OSS - dApps and Apps,0x64f5e769a5229fc4c2a386a8590f19032b7f25365dd3e23198463abde3034845,Goalz: Decentralized Savings Goals App 🏦💡,133.360103125,49,293.3559604487964
608,22,GG22 OSS - dApps and Apps,0x739d2e516d326d012864d2feee15e552dc48c250331bb04e929a9124c3d904b0,Regen Atlas 🌍,1105.240585,70,196.06495349371107
608,22,GG22 OSS - dApps and Apps,0xde89deb7c913c18bce5d3abe054482245ba7079b2232b2a98fedebb6677ed2ce,Engagement.Vision,100.69436999999999,37,20.804364538111258
608,22,GG22 OSS - dApps and Apps,0x176b432bca05f1ef7224fc150592dc29a6ed22c5b0accffca2b4fc69beaf9adb,Taiwan HyperAwesome Guidebook 《台灣超證指南》,62.33461,42,78.117026825901121
608,22,GG22 OSS - dApps and Apps,0x7af48f1f1acdc33c9337943ad37efab210fda912cf8806714e28de883a3cb41a,Closer - Digital access to co-owned villages,652.71529125,60,579.883424368978
608,22,GG22 OSS - dApps and Apps,0x964ee9633f199fdff6ee7b91db820fce4628fccb62b3b80a32828a2f92b96fe6,CookieJar,1148.99468625,49,103.13856516988017
608,22,GG22 OSS - dApps and Apps,0x216cc27aa429f7f75f91798ebe674d61f95c17ac3ba832b87f1f5202144db72d,Ancient Beast,16.18302375,33,26.890460068243556
608,22,GG22 OSS - dApps and Apps,0xe2ef022ecfa1e3108e45d82a68d66790c89da5742482c3844cd8f7c788952e63,Harvest.art,67.429265625,54,167.52771201758878
608,22,GG22 OSS - dApps and Apps,0x6a4920255020aa5cf4d47cb9c4a3fdc530ec2876c487d8f79082d4334a733e61,ProofCheck for ProofMode,241.54661374999998,39,22.066593474068213
608,22,GG22 OSS - dApps and Apps,0x668333acfdfa16a6a9cac31af60d933bf92f70426a7e9ed6f7d7b8f1c2113b1b,Ecosystem Vision,20.078936875,30,17.899302106816322
608,22,GG22 OSS - dApps and Apps,0x934e6136999df52189cab3723277edddf0d09b2d9b50253b184dd17fc26f6e39,SONGS | Open Music Distribution Protocol,157.0352675,39,17.662273335503414
608,22,GG22 OSS - dApps and Apps,0xbc0b4e4483a03a5763b9c8f16b5743273083b57db32afec6965c6c3acb145f1c,OfficeX,33.864475625,36,20.718705717008561
608,22,GG22 OSS - dApps and Apps,0x01a93742dab4f2f7de476e448fc03878fb7347b7d59e2d42ef5e079c8f8c7c1e,zuCoffee,0.0,22,6.29699964937754
608,22,GG22 OSS - dApps and Apps,0xf0c5845f37ae72eb6c7636e54c210f86a6279d78d7aa188e987da3b8509aa6b1,GroupFi,0.0,32,10.015150657156482
608,22,GG22 OSS - dApps and Apps,0xa87f5348653ff983aab7e9fcaf3aa8164780b06087734949d751bc197b8b24ba,Zazelenimo,259.827436875,46,49.747761238890234
608,22,GG22 OSS - dApps and Apps,0x0c91f84979d7852f1786f92653970a1f44f4f9de0da4cf8c094983e35ee69dd9,AikiSend,17.681451875,26,40.716453996719792
57,21,Token Engineering the Superchain,0xa7d929aa5108815edceb8505a64141a3bf333d60c91626c1b82a00a473bed03d,Inverter Network,8923.5221507539063,50,227.97851730883121
57,21,Token Engineering the Superchain,0xb829e4fb68de93d38cab6addf1109ea1a7db3084c4eed49833b0ec1ff8bd75d5,Superchain Innovation Research and Competition,8235.3121239257816,111,406.23525385558605
57,21,Token Engineering the Superchain,0x55e6dfe1eeff11cb0949d37131689fbaaaa12a8c1a976122b3cffbe0e15a1803,Valueverse Labs,3598.64999040625,69,591.48461096733809
57,21,Token Engineering the Superchain,0x0a756564715114df32b9140cca4fe3000f89bd130c569b750872b5cac2d1620b,Simplicity Group,574.62778642968749,32,59.275837801396847
57,21,Token Engineering the Superchain,0x1b5be3b47def8306412c86831a96ec2d6109f5ce71f1bc1add6db3c0236a1236,Treegens DAO 🌱🌳,3731.0026855273436,56,488.04018446803093
57,21,Token Engineering the Superchain,0x79bc78382f5adf12f5f9826d1428d3ab10dd4343957f2fb40eda6d81ada95a94,Flow State (Streaming Quadratic Funding),2961.8937979296875,44,186.11894015967846
57,21,Token Engineering the Superchain,0x9c3614b1de1ca3b2b7c6cf0475856d3352d5f03890babb7fd44a82c2cda40434,TPRO Network,3088.6693291875,137,1261.8502145633101
57,21,Token Engineering the Superchain,0xa37658ed45bb954b5bc89672cfaf820200500a7bfeb0f9e0333a1ec5dfa64292,Super DCA: The Time-Weighted Average Market Maker Research & Development Team,0.0,56,449.01488641649485
57,21,Token Engineering the Superchain,0xf8eb666a7df2d28609bb67ec2c3646d46c44d8e5f78bc20e01a74e3ea6a6985f,GovGraph,2284.4183123007815,23,47.929369561374187
57,21,Token Engineering the Superchain,0xaa57e092bd3351948df6efb86191e742c98016bfb02df621b86dde05880d40a1,"Pairwise: Simplifying Choices, Amplifying Voices",8995.3656164335935,70,208.21651576459408
57,21,Token Engineering the Superchain,0x0e1745bfdb97b1f81a391980cd20bb9875ed74b3efccdaf007f03271e4edab88,Token Swaps as a Mechanism for Superchain alignment,0.0,43,280.57180501520634
57,21,Token Engineering the Superchain,0x1eb6bbad0896e16d57cca476cb0a37f0adf1dede385378d8f65224a09bc8fa51,Breadchain Cooperative,1748.5907948984375,45,666.09127124398947
57,21,Token Engineering the Superchain,0x1eee216197ffe578eebe55729e361f4bb17da7797bb24fb004a76f3bd80c1570,Regen Atlas,500.98523563281253,30,92.770159460604191
57,21,Token Engineering the Superchain,0xe3c5497e3073669d3788a015ce9e89fd2ba14028af892c613b7dad8e742d7b46,1Hive Gardens,1397.289441015625,31,191.20321201533079
57,21,Token Engineering the Superchain,0x25c755d6e2fcc70cf0e27a4acbcfa88dad9a5a3fee1a33215fbdc6aabeb58b61,Change Code: Permissionless Results-Based Funding for Public Goods,0.0,36,231.39797959476709
57,21,Token Engineering the Superchain,0x23351c4abdcedd120160d056d20f64d11d5cedfc845f4f19f2015bea0c8f00ab,Eisodos Multimodal,330.67184453906248,20,125.29978378862143
57,21,Token Engineering the Superchain,0x349ddea8daa32285bc8dc8968899472afe77e52cc3f6100f50488ad8c1b2061a,EVMcrispr,2158.4223845937504,30,75.122049406170845
57,21,Token Engineering the Superchain,0x77ad10f6532a1fe22e28870d7f4d73eb3b05331c9470ebf1356aed5d5a9ef240,Bonding Curve Research Group (BCRG),5224.8430278320311,32,196.1145787909627
57,21,,0x0e1745bfdb97b1f81a391980cd20bb9875ed74b3efccdaf007f03271e4edab88,Token Swaps as a Mechanism for Superchain alig...,4443.2005139179691,0,0.0
57,21,,0x25c755d6e2fcc70cf0e27a4acbcfa88dad9a5a3fee1a33215fbdc6aabeb58b61,Change Code: Permissionless Results-Based Fund...,930.42685310546869,0,0.0
57,21,,0xa37658ed45bb954b5bc89672cfaf820200500a7bfeb0f9e0333a1ec5dfa64292,Super DCA: The Time-Weighted Average Market Ma...,841.07229228515621,0,0.0
44,21,Asia Round,0xa7ac7dcc9d7bcfe1e47d1b36828bcf7869cb360c210505401fb37f840cb2a5e0,Akiya Collective,3243.9892391718754,29,1151.1212449839804
44,21,Asia Round,0xb5a32c1c838ee9fb0f04dac5a81536708ae7c5c6cfcefa4174a0cdfeb1493897,DHK DAO,3785.92556109375,58,375.78440010582563
44,21,Asia Round,0xbea7f91a68bcf1434dcd2715ef2b9d38fdc6e08cd51dff836eb93915eb53d39f,DeCert.me,1997.3711583281251,53,707.21602050215006
44,21,Asia Round,0xc44e38a2434fe63a3790ed059278fea8975de73aac9bd80c95e8b7472c7bb0fa,Herstory,791.96297444531251,27,337.05065080325585
44,21,Asia Round,0xd72767c6cb539cbcf31ae2369983f0c287a2f990cc69fcdfa35baf050955effe,CoindPay,123.9288552890625,363,2511.8674796205014
44,21,Asia Round,0xf5dbc005bb82012a9c3dbe56bd25e5aff7c17a70ea95a4497a5da3e5ae459118,Tape (formerly Lenstube),0.0,135,215.39951441751327
44,21,Asia Round,0x4b921c1625958d258c4c499ceb76c1e94640ca5a85bd8272127029396840c2f9,AAStar,0.0,17,175.37031280621886
44,21,Asia Round,0x4b97e21bc02d07bf22036227fcdb3c3ac3270ab6c9ff5260f94ac7c4e456c7f5,Web3Brand,3028.8152399765622,29,363.79054374108091
44,21,Asia Round,0x5103b62b44ea110b8f907fa57c2684a8a03962da5414f18dd63f680f861c57cb,Vue Dapp,0.0,16,91.714798719156533
44,21,Asia Round,0x6649852db5092781fa9c7d42577609e9c45480db4c59966639df7f865471b349,Atlantis,0.0,54,183.23534413630841
44,21,Asia Round,0x7462a2b32ff49bd27d9e72fa8f5f96a4613ce16890004ed9d49ebf71637de819,Zuzalu City (ZuSoftware),722.85599660156254,29,173.25066719479219
44,21,Asia Round,0x7c2db89015825d83f56cd55aff50b2ac0a8b50338d88c2988323ce6fa7739d1a,Hey.xyz (formerly Lenster),986.9433762187499,2838,9571.10697925128
44,21,Asia Round,0x900ce35d7105d03eceb810c00105a83b6eb008e60130474f3bfef869b3f8afa3,Treegens DAO 🌳,388.98851922656252,56,525.57354791439138
44,21,Asia Round,0x90ecb5d0143920f2d24ba171f212d6644c926c409a3fd58faf655f256852b481,Checkin,6.88078134375,26,73.018575260415673
44,21,Asia Round,0x98b287822c0028361e9a497b8b0d7fdc2480fc51b326d413be8e0b876034b653,Light Forest Podcast,479.71012542187503,19,122.01854408346117
44,21,Asia Round,0xab45c013327ab1656e53aeed6f53e6c2d1cbe4af363ca33b1e18b9eb791801df,Titania Research,4127.4965219296873,82,13183.703906428069
44,21,Asia Round,0xbcd6cfec7bdbc0ba056941cbbf6a5047b179a91036287596471a7d5da2de75f1,Zo House: Empowering Web3 Builders in India,0.0,50,122.10010818438604
44,21,Asia Round,0x0537726debe888ad772eb8940a74e0b60ac4b36a528323cdc560d098860865e8,Archive Hong Kong 香港民間檔案館,2199.307132546875,32,289.32526776241139
44,21,Asia Round,0x060d106d3e4eaee6fc29e2402c383e344e312bd95a420b1ca308889a35718ace,Web3Matters Weekly（馬特週報）,1007.5109291484375,42,176.16584571218118
44,21,Asia Round,0x124c336dc21b416a30468f34fc66b44797567bff572a370c6befba22e200047f,Tevah - The Web3 ark for kids,0.0,17,105.74719799077138
44,21,Asia Round,0x199fbad2a96c0358f0522507643a736c390bed4dcbd1cbbf1341fab277fdc062,POAPin,270.89336985937496,99,900.79916287236847
44,21,Asia Round,0x21a8dcdbc1df71afb58210648976e50a34b8b8d0969e980ee27362a53885c47c,Decentralized Cleanup Network,245.9131419375,40,393.946496095974
44,21,Asia Round,0x27d468046b1a3bbc28db60f799fa7bd69b8cefd84881b0354432d5ca6d4a513f,Hackdays,896.07218782031248,34,202.19080024445429
44,21,Asia Round,0x28bc28ca0597412b7b62522d92f88b2e60b00a3a5e8db1b6cc8c81333fd8045d,Nextme,174.263266640625,331,1834.5744138173759
44,21,Asia Round,0x3b329e3200afbc8bbb55171df34cafb92e8d61b5a3ee872e5e3ef2dd130b3296,LensView,0.0,22,11.859093382954597
44,21,Asia Round,0x4c8887774254d6ae67abd34c56c7a12ab583ce63390b573994eadc53e878f12e,Empowering Builders in Kerala,347.55424896093751,50,394.65073179733008
44,21,Asia Round,0x52e15e381a59c4ea34a4d4c0bee529ee82ab0e780509d37b9a3b258e82b40c97,[] - Yohaku,228.11285976562502,19,163.3670427451143
44,21,Asia Round,0x602ee940798faf61a3b4e5d9014ad2a6bad503225e48727e551ed1d11f674ea1,Trash Cleaning Incentive,0.0,15,13.8605275163427
44,21,Asia Round,0x6d03e22033821d076220409f6bc55070781543bc45c93a0f45f92ff81f5f44e6,True Network,0.0,26,10.41868820268428
44,21,Asia Round,0x7ed48276d8fa019c10f39555b270615c7d77317c1a9fdacaf9226668d7155bc5,Kleo Network,0.0,25,13.087668645675876
44,21,Asia Round,0x998ff715460ed518bb7f010c1ff1517725f53dcccb5e89795cf6b9a793d87d57,Nowhere Publishing (NFT books with open access content),3663.4925278359374,28,299.78613460948691
44,21,Asia Round,0xca325af13dcd04fad2254d9a31e8e2b6980111518d440d08b5857b0d39b24329,Jimu,0.0,19,2.8237951690825867
44,21,Asia Round,0xe953c5b5aa71c0cffd1403483f42592c14ea074df6e4ea76ef819c03f0505c1e,公共資助週報,1697.2344677578126,58,290.735554002109
44,21,Asia Round,0xe955bf7fdaaa527fdb72eeaeab78fd0be4b3acc51778471a0b394b2221fcb8cf,MiniBridge,2379.1049407031251,150,468.33278472209349
44,21,Asia Round,0xf1c8747c66caacbc8bd112fe2881847efb7e3321d79853c42750108e01a1d789,FunBlocks,0.0,22,9.328818067908287
44,21,Asia Round,0xf248e1f4b9930b1908002a7cf90ff8a294a8d2ccc2372a8dd48062e6d43e7219,$EARTH,293.55507363281248,89,925.054420534987
44,21,Asia Round,0xf2705671b7027827b3b0a9d5dcc0098dd4ce63ab385896cfc6cda0208893fa62,Ethereum Localization Service,0.0,22,18.389198846649379
44,21,Asia Round,0x2131cdd5fabcd97e0b391b729854f855511dd04da2b00180e8a1f955b89fdb3e,Blocktrend（區塊勢）,3879.1900647421876,73,841.20926258573309
44,21,Asia Round,0x281953bac3c344bc847da73b358db68afcf4e21a439ff3bf176ca71ae31bc0e9,ETH Shenzhen 2024,95.50823669531249,48,2608.5392459564609
44,21,Asia Round,0x34ac353f6178d6b7a82182d17ef07ecc11578ba37472ef092131afe6139a1f3e,Defenders Den,0.0,9,3.1277415566146374
44,21,Asia Round,0x3523ec4b3f70ffb125ed3b36c3b63fd931a043d55a2798ab884dd95fbfb4bd08,Green Sofa,1681.3787542265625,46,228.45332717336714
44,21,Asia Round,0xbea14fd383c20cd085f30b2baa83ce96be83f1b56464bd74fcc00eb85086e280,DeFiHackLabs,926.51216615625,99,2088.6799625214189
44,21,Asia Round,0x06546d659079c0d3a7256da1c2802c3b33b1540c6d81b176dfc5066c512407a9,登链社区(Upchain),1127.7750204609376,67,860.72795814229175
44,21,Asia Round,0x09de75251223a5db443c614ad71638dc935de5993dccf1f259904e485c5177df,Wholesum network,0.0,24,7.1736359654023545
44,21,Asia Round,0x23e17f56696f864442919fafb4c3f5c24e0f85dfe46464bdd923695d8761039d,RegenBuild 🏡,111.58832353125,57,158.20781907625496
44,21,Asia Round,0x259f07aac8cd509f6d85fa895ce31b9573bb0f93d0999ae42492ee2f24dc995e,DeSci Asia,2778.33984084375,33,199.93040966498666
44,21,Asia Round,0x3d22dbefc850fd7c506c5f2b5fe054b457526b63e0cc51b37b94529e816af4e8,Smart Layer Network,0.0,29,34.664827119093388
44,21,Asia Round,0x7bab76de58fd31cafd2a2f06aef20083ea8cb00469dde1a07c39c7f13abf9fed,Road to Bangkok,421.29827510156252,29,137.76510397857055
44,21,Asia Round,0x9393b3fb836d3eb041050bbc31351898e2ce7e20e597e56ffb0fe54b38fc5143,Coral Connect🪸,0.0,25,23.096966829965822
44,21,Asia Round,0x98c85262c839d00a936e66f109cca184590fb26f8fe57b9ae6c142b82bf20310,web3village,1640.617603875,16,184.46980697056279
44,21,Asia Round,0xb36547dc8f1888bca6c38a99e6b448c40b60fdb9ee6188c706ee0250d87cf8fa,Cosmolocal Chiang Mai,1577.2695408515624,19,252.68782545952126
44,21,Asia Round,0xb7f0a657dc2950ef2656224e7355e1d2481436c8608399d2da739749daf5d9ab,ZKP2P Fiat On Ramp,4045.6750568203129,27,495.83610102534294
44,21,Asia Round,0xc3ff430840f01794d0c874efa00af8e8cd4b6e4e372862959cf8fa5fce99e4d9,DAO TOKYO,1889.7467631796876,28,137.90405888203532
44,21,Asia Round,0x18e1ad4a5bb671fb034ffc2763f8cc282f26846a0ebee3c281168da1337e7b14,EcoSynthesisX - Empowering Environmental Impact in Asia with Blockchain,196.40143270312498,26,325.33321787440218
44,21,Asia Round,0x4ce309a45ec94e61aa9b681c383f3334f7fbc77446ef0b5f59727c6e1545caf4,Asia Pacific University Blockchain & Cryptocurrency Club (APUBCC),115.92620742187499,46,324.7799966847524
44,21,Asia Round,0x6b8d3b159d80159dd5e814e256ce78cb2463fbaa4814d17f8deb956416d91147,FunDeSci (Fundraising Platform for DeSci),0.0,21,18.549484375864267
44,21,Asia Round,0x0be2aa5efd1614bfcd3360a2d26dcccc8bd9d8b4afddb02ed176387b92d23b4a,Fractopus,0.0,17,15.410387000534683
44,21,Asia Round,0xacad2aff8ffe67d5df0a8013011ebf0e5f15d5bfd340ac9563ba6fbd408cc775,Moss,0.0,19,3.2097032977035269
44,21,Asia Round,0x04c082b3f457ccec8f6675c113bef0ff8a5f1263fe92d90c60bd15f0321aa4dd,Mugshot,0.0,34,1378.1909376438707
44,21,Asia Round,0x4d6580aebd62c59064bd0e8f050e2a7afaa9ce9a48900c213865f59490548d44,Dig DAO,1505.4700833515626,31,176.90067631239071
44,21,Asia Round,0x812ab347ce7cc5f6ad6d58d5dc25284d033c258f266b54e3cbd5c2eb201b804e,ETHKL,4262.6440424531256,17,269.60152790136635
44,21,Asia Round,0x94a7fc4484fd6d993ca5681aa1722ae3864bdf54ce4c77284ecabdd32a6b7f2b,ZKT Network,290.18947406250004,53,5312.9505080344388
44,21,Asia Round,0xc4185d1e77579e1af37e801aff351ccfee1b133948145cf58efe056a63e4a12c,ggframe,0.0,21,37.142839413369074
44,21,Asia Round,0xf25c6cce01e9d4ab8ef5c8f6358ccdd50a1356e95963a46f0e6f583610751560,Social Layer,2518.5903451171871,36,158.61875387839973
44,21,Asia Round,0xf88b5ee3de4b13bdc7d5ba3d02149a9fca79a1f3eb535517654ae48005036324,Ethereum Japan,93.638459156250008,19,84.346910301595926
44,21,Asia Round,0x82aba488d8c5c6e38293dab26aa3fd86086d684910cd6fca5e5f1784c25475ac,DHU@CNX : Digital Humanities Un-College Chiang Mai 2024,48.315051609375,23,158.69833017513156
44,21,Asia Round,0x39c18d1681f3cbebeac5933610b18e075c1b71076963283053b03476d8cb892d,Cleanify,0.0,36,1570.7036693999544
44,21,Asia Round,0x54fda5e981e476c976edb66494575b48cf54c1e967f9b27aa302ba2cca94c5b7,EIPsInsight,0.0,25,57.215409098658711
44,21,Asia Round,0x89bb70422c4fc7b9e3d1ecded63785fdfc7088da3e26a3b4f8fee830c6d22a0e,NetSepio,0.0,19,3.1509113837964833
44,21,Asia Round,0xe7c3a7593e57260e68fe71ccc6931f37a4a83a0f9de95e79f82a32452d175adb,We.Lived.It -,5.833705921875,25,124.23258444061503
44,21,Asia Round,0x282208be2dd36ffc9e1f27ba6d569418160657b406d46b6ddd6c9387d63353a1,JiaoZiFS(JZFS),0.0,17,49.103981144726276
44,21,Asia Round,0x41f7c7be06b4031f5c45e4a62e18616fcf2628d1cd375b5d27fcc3e81758e480,Drivyx ESG,0.0,37,326.50509626686107
44,21,Asia Round,0x8191c507dffb7fd9d412edf929b08c6583af7c418a61b590692fb7cd9ea27ddf,Inferer Advertisement Protocol,0.0,20,59.386522180400789
44,21,Asia Round,0xb30e9a03fe9391b289331bc8d4f3ad6aa31db301447025f92b8275bc88d447f9,VoiceDeck: A Marketplace for Journalism Impact Certificates,864.51034296093746,38,412.098557615187
44,21,Asia Round,0xd4ba3516e2933a3ef765ac26637930c7881458b1cca8d4767b07027c5f010e50,Protspec,0.0,21,19.818865842185915
44,21,Asia Round,0x36cf812513d885c241562652a52dc3bfb74f0307fe27c93a6761fadc775b09cc,Trusted Seed Mentorship Program,30.963516046875,25,51.599997833836824
44,21,Asia Round,0x158ab8951774976a766c75367cc2995b796300ebb2212b4b8cf8ef9f2ffbd9a2,Funding the Commons,2361.8281962421879,60,899.74848070647568
44,21,Asia Round,0x31e242a4e85e6d033f63dc6d2d97ae6245bc1a50e5560266c23ad3a1d5608a63,CARBON Copy,55.8689528671875,30,30.273324512410909
44,21,Asia Round,0x74f8a639bf6fba239e124077d8392c1659977c2413a1a664b37a84e1c40c2c39,Re:Permissioning the City,0.0,19,67.584060248686
44,21,Asia Round,0x7e8b7234169c7313de6be9ef379bf4acf75c1862320c2e0db03fd6efec867061,WTF Academy,422.64451492968749,19,80.176872786600143
44,21,Asia Round,0xf28dce3098a1a62dcebf917c52055622e9ced9191da214ef3ee5ae50ae2d57e4,The Network Society Forum,39.639283828124995,21,47.238427213160321
44,21,Asia Round,0x4dfaff2c87d4c28fe2077f6b9d4a4064120650c96db24f4cc9ba2f01001d8c25,GLHF for Taiwan Students - Global Learning Hackathon Fund / Good Luck Have Fun,914.76996321093759,33,1188.8931452729739
44,21,Asia Round,0xebaa2f95c7a9821b45f837748c638857a6beb8f60ad91a60c640add029872c37,創作者經濟IMO（Creator Economy IMO）,451.43908903125,36,302.97495602048
44,21,Asia Round,0xfd5e3cc214093a7d43fb4d358653f5271d69adbed8098567477a2dfcfbf17a51,DeSci Thailand,0.0,25,10.090612548126956
44,21,Asia Round,0x752c04767855fd8fcd87dc1f7dfcc82fae1265749595c592819df48b785eb22a,DappLearning,2502.1363027734374,32,800.81741833360866
44,21,Asia Round,0x3e7252e80bde2298d0972d30831eeac1770910feb79450c38fbc70069833ab60,[0xBlob] Web3 Onboarding for Universities,0.0,23,155.80505428370088
44,21,Asia Round,0xd3dbd165d662f959844e1ac021d341faaa8076838f5f0c579c8435cf50538dd4,Ame Network,0.0,18,3.860944130923599
44,21,Asia Round,0x55f1f9bebd6bd6464a39a8bbb6d88f8d53802b0b0529da511acac2a81426a31e,Science BC,0.0,15,9.4785913573578
44,21,Asia Round,0x56824721173f4be24d15f29c4e13c537811a875cc989074f09c5dc2cd0688b2f,MyMP Fantasy Parliament,358.09979428124996,7,155.3594101369381
39,20,DeSci (Decentralized Science),0xd2664c7cc6d50a3b2b95badb3b075b0a8ada986f21755cb7896339e8d4506741,Decentalized Science NYC (DeSciNYC),240.85592297265626,11,17.322907865047455
39,20,DeSci (Decentralized Science),0xfc8a2f90f8781824bae83f71ffb99f45b4dea37b218029edaea73c1050a63c47,The DeSci Journals,2278.3154703203127,78,273.73287792131305
39,20,DeSci (Decentralized Science),0x04ba0b6fd1b47460a198576f6867b059f3f0a7f6888f9d2ad5ce1ca2b1193fa2,DeepVenture.io,1149.0610624882813,48,187.96507683396339
39,20,DeSci (Decentralized Science),0x1872dd901ff0a5c99122bd1ca650a9b0e4b0309891a959b4483cdd3f5b7893a4,DeSci Youths,1545.2691808203124,52,187.53653648495674
39,20,DeSci (Decentralized Science),0x6cc1d908e4758f34ac66e648496a30862d830320cc40726325f6a3fe62c5d9c5,MesoReefDAO - Regenerating Reef Conservation with DeSci Web3 tools,889.098720125,38,74.503715798258781
39,20,DeSci (Decentralized Science),0x7ea8c4ebe8d6307efe7492f8b41da2e4e487a2cef99f2174cf42b570d3dac7d0,PoSciDonDAO,823.20157994921874,44,94.578499585390091
39,20,DeSci (Decentralized Science),0x0d23087c1f3251409025e720853a43c1434175b91d7a83d0db42d46dbcf87637,AsteriskDAO: Womxn's Health,1489.9255864335937,42,346.64704611897469
39,20,DeSci (Decentralized Science),0x259f07aac8cd509f6d85fa895ce31b9573bb0f93d0999ae42492ee2f24dc995e,DeSci Asia,1345.6521133125,33,149.44790029525757
39,20,DeSci (Decentralized Science),0x42214708589492950b00ddc6ecf98f3c4b0eda1d5dd0f59967dd8761ccc110a4,Just-DNA-Seq,2500.8402343750004,96,6517.1119351200759
39,20,DeSci (Decentralized Science),0x73c60970e544f3fa2588f1cc3c6905ec27dcb82b417c8a09317b817dccfe79af,OpenCann Network,538.83103689843745,19,52.7358073592186
39,20,DeSci (Decentralized Science),0x841558f763a17a51f7e6f50071541b609c5396208c570da10ef11b1349055eaf,Follow The Black Hare,455.82814951953128,13,32.358639419078827
39,20,DeSci (Decentralized Science),0xa49a05812014de4fe8b6612d519817b2571ec788ee2e13f6d7f43b770a6559f9,DeSci LATAM,951.79478480078126,23,116.42162647843361
39,20,DeSci (Decentralized Science),0xaa99fae8f743a468ea517ca2c8a8bfc53623d83c7a7a48741d4cb55feb59d4f6,MuseMatrix,580.82014443359378,19,69.083568930625916
39,20,DeSci (Decentralized Science),0xeb545a5895b8c1a3e79848c25fab5dfc9a6aa7625afaa55e3592c11e1da4fe92,Astrochain - Decentralized Science,425.86808351171874,13,42.195191442966461
39,20,DeSci (Decentralized Science),0x3caef6852c9d963611a82394601cc37f14d5e8f596fa07fc0f371e6a4e19c925,VinQ: Decentralized co-creation community for regenerative viticulture,499.367778,19,40.478719711303711
39,20,DeSci (Decentralized Science),0x4ba9aafcbfb3c05f29c04b8e0b04ae3862e05b6d918d47186e373b1a6e0bcc86,Lausof in DeSci: connect with science,397.78364767968748,16,56.014496505260468
39,20,DeSci (Decentralized Science),0x733ca20bc8c2dc664cfb0e770fabb65407b781a81d53dda40a42b7db000b73cc,The CGM-x by Symbiont Labs,538.83103689843745,13,52.685672700405121
39,20,DeSci (Decentralized Science),0x7f42438baa17f2b4973f717611fc83b7fac7762e5ece38bdaffe1f92702cd2a0,DeSci Africa,1972.7127936796874,58,335.01724231243134
39,20,DeSci (Decentralized Science),0x29cb5a94959d5ceaba72d2fba4dde98fbeff7c9eabf92a658d6644fd02646bca,DeSci Round Operators & Stewards,1040.1994870859376,55,97.183086365461349
39,20,DeSci (Decentralized Science),0x8d590a9d748884846dbcca625d5f10b0cb9292ba6a04ac98a9a3d32b314fcbcf,DeSci Tokyo,1379.2133892578124,46,237.3343406021595
39,20,DeSci (Decentralized Science),0xfaacde07d8d67485edc29340d6cc8195d838ced25e17b33642dd1b63cafcb4b4,Archimedes' Lever,262.53820780468749,11,15.87537807226181
39,20,DeSci (Decentralized Science),0x7445b09470136523b58f1f7904502f9284f96c8f626be68b3b51ed1099c48674,IberoAm: Blockchain Innovation Hub,450.05120857812506,24,39.05953124165535
39,20,DeSci (Decentralized Science),0x8197d84895fc7f0d4ce76f24db6dcb2831efe6edf8481b5756fbad5e9aa44b86,SpaceRadar,357.24502748046876,13,35.999116837978363
39,20,DeSci (Decentralized Science),0xb25623d614942084a546fdf4bed471e777dd8f6f5f65529d1816eb5958219ca0,Laboratory for the Exemplary DeSci practices,259.93733396093751,10,15.760685384273529
39,20,DeSci (Decentralized Science),0x477bf1a2cdb6df5704cebcea33250881a9eb8cb18f4e0d771cbfd10995117df7,Geltonas.tech || Automated eco-label powered by satellite data,454.052552953125,29,96.298142075538635
39,20,DeSci (Decentralized Science),0xb18569bc96bde0158a400c9032499e005989ffbc6ff148a1a3c095d5d9625108,Cosimo,474.98458571484372,13,41.1255778670311
39,20,DeSci (Decentralized Science),0x9a9cda60bcd1b566669a6e03d79dcea4be966ebdef25dc9754cbd4170e99c61f,LunCo: Everyone Can Do Space,727.96958382421872,35,73.238807773217559
39,20,DeSci (Decentralized Science),0x9e06b84c5f68579e7ca608f502b704e788fb1667123fbc5106e5db44aa9dcf00,Salaries Science,664.54827548046876,24,56.639594316482544
39,20,DeSci (Decentralized Science),0x091160c25279e519afa3f181c4dcbee84ebbb72e2c4f9a4de7af586d5a4bb5c0,Spacefarer phenome,313.23023935546877,10,30.442369639873505
389,21,GG21: Thriving Arbitrum Summer,0xa87df39f52e703cab5d5c8e27eebebefc2867f34ac9aeb28097095c8fe41a839,Hypercerts Foundation,2465.0484591640625,201,523.90597204753431
389,21,GG21: Thriving Arbitrum Summer,0xbb1d90979d5a76457be64366c845853b41d0f849f51c6d3570c25c9d57036a5f,DefiLlama,10051.264690640626,1532,3199.3187420971226
389,21,GG21: Thriving Arbitrum Summer,0xbc0c38f75ec02f37af3c6cc5acef9951e0f69c0b49a26e9bf680b1fbcf4f76cb,Turtleshell,1868.8605061796873,195,510.10396459623007
389,21,GG21: Thriving Arbitrum Summer,0xbe150a42d3908b81d02a0db396bfcfc1eea47a0adfa43ee22eb82f02f46b9231,Militereum,141.7206518203125,47,142.48018721665721
389,21,GG21: Thriving Arbitrum Summer,0xc102c4d1950b6c73cd589a79814dd9beac9edc6269103433b6a727d93d57213b,Event Horizon,1286.5046763671876,832,1002.394724335405
389,21,GG21: Thriving Arbitrum Summer,0xca5797a71ca6f849ba9c366972d47c01061949d5cdf7fa61e20a229e035d877b,rotki,10141.290712640624,339,1419.7961017230409
389,21,GG21: Thriving Arbitrum Summer,0xd046794292aa91ab772ee8c2c37f86e822d43cd8e129d4faa49ba93349a1d3fb,Umbra,9815.7669325703137,1385,2763.6686284536845
389,21,GG21: Thriving Arbitrum Summer,0xd72767c6cb539cbcf31ae2369983f0c287a2f990cc69fcdfa35baf050955effe,CoindPay,2439.0253121796873,1386,3045.5442610280006
389,21,GG21: Thriving Arbitrum Summer,0xdbffe6eafcb836ed7fb9b2b0dd8e6dbfef147ab447341cad1ad32b25e5d46b4d,GiveStation,86.8610446640625,44,71.713411758188158
389,21,GG21: Thriving Arbitrum Summer,0xe955bf7fdaaa527fdb72eeaeab78fd0be4b3acc51778471a0b394b2221fcb8cf,MiniBridge,2260.6143675390626,1145,1679.8232280564844
389,21,GG21: Thriving Arbitrum Summer,0xf18b33f76be455af776dde448961947e9d47285eedda7d58d84527e2b7611cc8,Sherlock,736.97083374218755,61,105.23687243671156
389,21,GG21: Thriving Arbitrum Summer,0xf2605ed3c5100237b37833c5a653b13542282c30dc63f6bcba585e2e6c97c2b6,Rantom,374.873982234375,46,60.160421761393081
389,21,GG21: Thriving Arbitrum Summer,0xfa9086e3ffd1da6a2f36df547f937a2e46726f6840077b2de935afedb2ad6f31,Arbitrum DAO in Europe,593.49186117968748,66,156.98036368867179
389,21,GG21: Thriving Arbitrum Summer,0xff0d19a8d41e62428e35da3007ed6659a53edb0fbdaebda99ab1543bc048a7f8,GrantsScope - Grantee Discovery Using LLMs,595.48462468750006,36,47.037491406889785
389,21,GG21: Thriving Arbitrum Summer,0x4858e0d4adce13099b9cbe25bced4c9bcc90f063dcd70a2f6f7cda15f1177687,Revoke.cash,9839.6800946640633,1627,3223.1587425369653
389,21,GG21: Thriving Arbitrum Summer,0x4bb2e6fac4b614cfe450944775b05d1056cb6dacf3d77f5c7c0ff4802e804cf7,ArbitrumHub - The Gateway to Seamless Navigation and Exploration in the ArbitrumDAO Ecosystem,508.62358002343751,64,115.47475484275492
389,21,GG21: Thriving Arbitrum Summer,0x4f354435756ee1c1ea18402a559874cd2bb918ad795b7e361e1257425e57a7de,Greenpill Dev Guild,1711.0805249140626,74,291.37197461345932
389,21,GG21: Thriving Arbitrum Summer,0x51e6a19e11caa5b107e61215a94d646a1d6209e0ecb4b9c4507e568040401142,Nexth - A Next.js + Ethereum starter kit,2906.7386296015625,136,415.5438825894671
389,21,GG21: Thriving Arbitrum Summer,0x64f5e769a5229fc4c2a386a8590f19032b7f25365dd3e23198463abde3034845,Goalz: Decentralized Savings Goals App 🏦💡,726.42090928906248,104,491.69787218346028
389,21,GG21: Thriving Arbitrum Summer,0x7db138952e569707526b028c218f0ba4d41189f90a97f544b16e7a989e1b0fb1,ggframe,327.985429109375,44,72.197863489848714
389,21,GG21: Thriving Arbitrum Summer,0x7e1cb25f8531aa3ccd9f093ade213b00a9dea63ba303520892df624b0fe2a047,Wagmi,5117.2994666796876,1087,1634.7098893884686
389,21,GG21: Thriving Arbitrum Summer,0x7f38a40bd304060f713fc4209a6a743114a043b9c45db1f80be3866dbe5d5e74,EVMcrispr,570.868134296875,40,89.031941880122758
389,21,GG21: Thriving Arbitrum Summer,0x7f3ac573b2b8f2a101e6f4ebb763963708e0f1e442ea58214a8d8bedcddb5735,FundIt,24.733711773437502,46,126.07241459208308
389,21,GG21: Thriving Arbitrum Summer,0x7fc23ea8d26c089d626c5c36ce941739c195a0de5f429b2c089b05fce8b0c110,LexDAO,1344.29481809375,49,130.24561649298994
389,21,GG21: Thriving Arbitrum Summer,0x8b069135d9af6e365eb454d93b94a0ccd58f9dbbcd0aa3504a90cba9093ebf73,nounspace,1157.0922697421875,93,412.00112203229219
389,21,GG21: Thriving Arbitrum Summer,0x94a7fc4484fd6d993ca5681aa1722ae3864bdf54ce4c77284ecabdd32a6b7f2b,ZKT Network,2258.856046796875,1057,2886.5996787573094
389,21,GG21: Thriving Arbitrum Summer,0x9aba986e5a1628f7cad35a182c7b0e51011dd92219abbf990dba0e75773fb47d,Blockscout Open-Source Block Explorer,6188.1167986718747,1053,1645.0264980141292
389,21,GG21: Thriving Arbitrum Summer,0x9ead8572bd23406ada819f6df895eae18e4cf97dc27740ff63a1f664cf128a58,Meetwithwallet,2291.9124767499998,440,1569.451947170227
389,21,GG21: Thriving Arbitrum Summer,0x9f6555e5301957ed78151c648eaed30c24440ddf5e1ca5f3ddeb0ace3f3a052f,NiceNode,966.138637140625,150,405.25714930921094
389,21,GG21: Thriving Arbitrum Summer,0xa413c79683cc5cc7e55d2ea09651817a8002e400377d2f2a515cb122cf37afeb,Peace Keepers,46.888553125,37,114.08878305682447
389,21,GG21: Thriving Arbitrum Summer,0xa6b3ac8eaefda73ea83fbce5fd4724606f0ff6e801ef4160ef82ac37001e2a11,Pheasant Network,3867.6023045156253,1217,1951.1175481349346
389,21,GG21: Thriving Arbitrum Summer,0xaa493b613108571145821c77d2487b734419fde47c45775989a471c3d4eb2927,Namespace - ENS Subname Sorcery,635.69155899218754,57,66.943903916224372
389,21,GG21: Thriving Arbitrum Summer,0xb3ae8ceacb86b63648a93a7d2351e9caf072fb890b881c8342b991fbe5adc617,BasketSwap,137.8523461875,37,45.019261362962425
389,21,GG21: Thriving Arbitrum Summer,0xd099235490bcd9158bdbd364a0c24cb0523c5660799265ac7662fe26b492306d,Vyper,784.09382963281246,47,226.80470191984205
389,21,GG21: Thriving Arbitrum Summer,0xfa4d3e88b6a3ac110f8a9bc79a0ac63d7cb2fb41884f4f65bb5261892a070953,The Forus,0.0,28,21.547310022637248
389,21,GG21: Thriving Arbitrum Summer,0x049694cca9fb897d38b1121c769b76976762fed77139298c9598dbc866d66ec2,Hexman,0.0,36,65.745303543983027
389,21,GG21: Thriving Arbitrum Summer,0x04eceede743d19c498a90952e9903e9ee46f3dc77766bcc85d1eb9b3e7ce7a5e,Unitap,2446.9963662109376,244,664.34909203299321
389,21,GG21: Thriving Arbitrum Summer,0x11ad5b43ed18ff7a1f2d06140e6c664c79e74c99815c71381ffc96ff8fb7f37e,Glo Dollar,2085.4856216171875,93,236.27068832732039
389,21,GG21: Thriving Arbitrum Summer,0x1d259796e148e2eb6b222d18c8ce9773f9e656f5e7c02da3bdcdfe3b67b7f8ea,Arbitrum DAO Education,834.26458147656251,71,121.20753823377891
389,21,GG21: Thriving Arbitrum Summer,0x28bc28ca0597412b7b62522d92f88b2e60b00a3a5e8db1b6cc8c81333fd8045d,Nextme,1749.646359859375,659,2744.8421240974567
389,21,GG21: Thriving Arbitrum Summer,0x39cbbc2cd73282ce25831d9f98d2ec277ace75a4750945930a7a349819dcc6c5,Dhive,887.48308927343749,44,208.33413015509723
389,21,GG21: Thriving Arbitrum Summer,0x57b39ba6942b761040f017019254841b7f37998b54d9e21a0f4226475c9269fe,Osmium,135.27347576562502,43,59.283686733513605
389,21,GG21: Thriving Arbitrum Summer,0x9188b3a42cad446c5df34508271ab52828102e9cc85452b41709e58756dd3847,Collabberry,489.86815877343753,90,479.3494255138794
389,21,GG21: Thriving Arbitrum Summer,0x95cdb8293872f28b1a58540ed722157295e6b057a517055ce5dea9e16cf065e4,Metalinks,239.13162093750003,21,93.023952150717378
389,21,GG21: Thriving Arbitrum Summer,0xc4ad679926e441aa44d571af83567dca29ae27af7fc6e28ba29d3e594fdb0199,Arbitrum Cipher Sessions,63.065103953124996,66,68.8354455663939
389,21,GG21: Thriving Arbitrum Summer,0xca460772f5ba0840a589d2c19fb7e17ac259e4be884313e3712c06c9c885dc93,Giveth,4135.3359428593749,185,576.8451192456414
389,21,GG21: Thriving Arbitrum Summer,0x051b5bdc0d04a2732212f67e321a65bcecd89226f248d5d9ef2fe0855e5f584b,Viem,4477.0362737578125,217,635.47837411711225
389,21,GG21: Thriving Arbitrum Summer,0x0622255e4035b808871b9b46c4ab457121b84222e13d38ac56b702bda895aa52,ReRWA Marketplace on ARB,698.87388432812509,86,263.682108420704
389,21,GG21: Thriving Arbitrum Summer,0x0d4cee5aba84526fa9bfab5c08a9ded987f2c948a46da395230c6c811b44eee6,Bitsave Protocol,24.733711773437502,36,28.46281676646322
389,21,GG21: Thriving Arbitrum Summer,0x1887e83ef45a249378281ffcddcf692ec0d29e177a4391f398db7e6ff6c5af6b,dm3 protocol - we make web3 messaging a public good.,407.695969421875,45,55.246842845517676
389,21,GG21: Thriving Arbitrum Summer,0x4a960782a3b8681844dfecd31dee6fcbbb06028493240b524e8fa1dab18b2b64,W3GPT,201.9724425859375,48,155.26343349943636
389,21,GG21: Thriving Arbitrum Summer,0x588c50239a06e47416199e11a9f77e428f839befc48a2f8cba2c70e03cb3f4fc,TogetherCrew,676.95348574218747,43,188.98320715589216
389,21,GG21: Thriving Arbitrum Summer,0x76eac026a55c7e0e192d542cfff232b963eb48bb2f17e9f7cd7423b6b4b82374,Ethereum Attestation Service (EAS),4602.9320388984379,147,517.25918363424717
389,21,GG21: Thriving Arbitrum Summer,0x7f2586fce05d466c9fb3e509be56c02e0af6870f04209d5881c6d100534fec5d,Synpress,150.746698296875,34,43.439698234200478
389,21,GG21: Thriving Arbitrum Summer,0x0e746fd798da04d3ee071831372a81f18723996b41b48dc342737125460ffac6,Rankify,51.577408437500004,47,43.382771485420562
389,21,GG21: Thriving Arbitrum Summer,0x1249835eaab22b2d2fd7f34556a20cae9cfd902f56c54789730081e6996ed012,Astral,414.729252390625,53,94.977112792723347
389,21,GG21: Thriving Arbitrum Summer,0x238b4130dd2da87ffe6703667146d1325d285944a7e4177ea305c9b820eecf38,Cartographer Syndicate,553.87103378906249,61,89.744312195281964
389,21,GG21: Thriving Arbitrum Summer,0x3cae7aa84706f7032f4757311bcf2e2c632fc1383e5e0250e6a7ae599e8c2bc0,Circuitscan,87.681594343749993,52,40.924690621963236
389,21,GG21: Thriving Arbitrum Summer,0x975ae3b10fdafed022bee85c99dbe7cee728f2bf9496de9480310b6ee60c3a96,DUEL3,28.9536815546875,40,27.532127512386069
389,21,GG21: Thriving Arbitrum Summer,0xd0dfe1b5ae094c98fc93b46a788d315f2a668a9caf58935e7ddaa2f72b490bd4,RnDAO - empowering humane collaboration,1185.9287299140624,72,185.97386725014076
389,21,GG21: Thriving Arbitrum Summer,0x0949017a0b95396b5a707a34dc50a31ad99bea4ff73e8a8a10055ebca05f98c2,EZframes.xyz,318.60771848437497,42,69.328664288565051
389,21,GG21: Thriving Arbitrum Summer,0x28abadcfc1b699a08a998341120adaca679155b8ac0b579bf275531d74e3f7b9,ETH Daily,613.88838178906258,59,106.47702828486217
389,21,GG21: Thriving Arbitrum Summer,0x82bf0d1cd9a7bc7a7f61c6b996de8f268830380ccf3cfb9d67f07fa1b000826c,framelib,185.79589175781251,34,30.673840104311239
389,21,GG21: Thriving Arbitrum Summer,0x931a64a4f678b30b165b845b8622f729a1cdf2d2a7a4f2221a9ee8ba268f67c4,ArbiLearn,466.65832497656254,42,78.7726038779947
389,21,GG21: Thriving Arbitrum Summer,0xafa569b3df50c6c51374bf2b214eb7c948cf3dce2a65c3f627bce0a2603cec72,Stogram,223.18951287500002,53,132.58313849096885
389,21,GG21: Thriving Arbitrum Summer,0xfbeb246c9e40c2fe556a4b783d66ac6eb23b30a5e7fbabf080bb08b7677ce0f4,CryptoKoffee,69.0433944765625,39,53.608734336856287
389,21,GG21: Thriving Arbitrum Summer,0x15efcb2d16f0f0233f51f59cffb576fa301cf5db6be97b890297196b13995f0b,growthepie.xyz 🥧📏 - Usage Data and Analytics for Ethereum Scaling Solutions,1677.3207666640626,73,231.41309245425509
389,21,GG21: Thriving Arbitrum Summer,0x40352ec04033c9d170d9fc69fb712cf742907ff0024961d6c54baddf89d105eb,Txcity,0.0,31,11.178077023476362
389,21,GG21: Thriving Arbitrum Summer,0x8191c507dffb7fd9d412edf929b08c6583af7c418a61b590692fb7cd9ea27ddf,Inferer Advertisement Protocol,16.7626577421875,45,28.145157571962045
389,21,GG21: Thriving Arbitrum Summer,0xa82ffe7c4b8ecc9178ee5239c3bde71aac5ab8bc6c6950b51db7c2b137e9495b,Grant Ships,1257.4337734296876,56,107.26197759233037
389,21,GG21: Thriving Arbitrum Summer,0xb8769b6e63e581c7dcd3e917462186cc8973e0366026dd1a092ef4e555e23063,DexKit,18.75542125,48,46.115633409644943
389,21,GG21: Thriving Arbitrum Summer,0x05a5d1739241a3665c57ff73c8222fcf4dcec7f4fdf02877b237bc42150152b0,EVM Tools | Toolkit for Web3 & Zk Dapps,23.678719328125002,38,193.90100465662545
389,21,GG21: Thriving Arbitrum Summer,0x35f798b08521bbe3b812c2805be2d99b299eb1624111283ad7567e38baf901a6,Pattern Flow,736.1502840625,64,377.74968449521111
389,21,GG21: Thriving Arbitrum Summer,0x0685571a364d43f0c52de722141375d8d38e95c5354c564ac7f673d54e884f9a,Ape Framework,73.84947117187501,34,47.631440354569349
389,21,GG21: Thriving Arbitrum Summer,0x934e6136999df52189cab3723277edddf0d09b2d9b50253b184dd17fc26f6e39,SONGS | Open Music Distribution Protocol,40.675819835937496,32,47.036370877409354
389,21,GG21: Thriving Arbitrum Summer,0xe3c5497e3073669d3788a015ce9e89fd2ba14028af892c613b7dad8e742d7b46,1Hive Gardens,527.9651081875,61,168.35849978105398
389,21,GG21: Thriving Arbitrum Summer,0x8b81f3f72acb8d17c3dec2be391204994ab2ad113b39d3aae93e95cf4208f848,Stylide,67.05063096875,34,18.028270773764234
389,21,GG21: Thriving Arbitrum Summer,0x9aa1813681cbc4c7acdad3f7687ee68b6c21a055f2df0d771551ad3d0a9e9d4d,Multipass,0.0,18,43.248159734532237
388,21,Climate Solutions Round,0xaf6d1181b1b33891fdefa77b6d4f9294bdf71eaae26ebb2d56fe24371e6e1a45,ReFi Lagos 🌴 🌾,723.2538346875,38,67.207447692751884
388,21,Climate Solutions Round,0xc0bc9c8b1b3348c76c281317d1df4eddbc170791a683097b9286fcc31e435fe5,"GreenPill Ottawa x RootedLABs : Climate, Agriculture, Open Source Tooling",1938.8001965625,34,314.90304410457611
388,21,Climate Solutions Round,0xc72a6530a63d143e90097ce0d0235a0401699ff48ed55223b9e4c0a8882beb9f,Oxygenchain,2879.1426628125,81,1514.7612386537949
388,21,Climate Solutions Round,0xdd80949f3f4bfaf191fb86a7464cfb319d778fbcc4b37be2bdb68f89ee76c359,Aluxes 🌴🌿,1760.8300115625002,53,151.54628965258598
388,21,Climate Solutions Round,0xf248e1f4b9930b1908002a7cf90ff8a294a8d2ccc2372a8dd48062e6d43e7219,$EARTH,5176.63276875,123,1255.5257830671035
388,21,Climate Solutions Round,0xf5b7e3c70c0c255d60a6aaf4057966d65267987e49cc9648a1a1ba35aaf02d9c,Adopt a Tree,999.8325,42,83.63952973484993
388,21,Climate Solutions Round,0xf60b8d2bb41d07d4e145226cf02a97e3ce65dcef95414498c0b6b6c25272e664,La Madriguera,450.2995621875,37,659.06010141968727
388,21,Climate Solutions Round,0x4f6eb9fb55896fb7821d75ff7809742a246db9b7550d0c7d56aea87e2dc81b9b,Menthol Protocol -Blockchain CO2e Emissions Calculator,211.21461562500002,21,76.040066868066788
388,21,Climate Solutions Round,0x68bf7c34c6e6db5abdc945409b9de16795383b21f281dcab5f8b4a2fd2829996,Plastic Pioneers,220.46306625,34,128.7356391325593
388,21,Climate Solutions Round,0x8991371ae6879b44257ff36116d7332917450cf7535d75d07495a709e1287dbc,Barichara Regeneration Fund – Prototyping a Bioregional Regenerative Economy,1942.2996103125,51,348.21548017859459
388,21,Climate Solutions Round,0x8ffdcf931e086396a90fc99c544168b9255d5cf83ef2b8bd4c97311956fe69d5,"Solarpunk Nomads: 2 new vehicles, 2nd Route and Solarpunk Hub in Italy",4803.0703509375,92,343.29481594264507
388,21,Climate Solutions Round,0x915afe8f908b671dccd3b681318303e32a352973e9c29ea8df22ed980eb9e5c0,The Solar Foundation ☀️ Decentralized solar energy for underserved communities ☀️,8619.5559825,93,478.01463082432747
388,21,Climate Solutions Round,0x91a510100a3d0513e9e309dc19fe1177216d52e036a16b760e58f53e817df2f3,Helpers Foundation- Education and climate change initiative,2387.4750309375,52,138.71476235985756
388,21,Climate Solutions Round,0x9a9bf18e75f74712afef59bb5acf4d042dc099b9b68145a2e1c4f77ae7660701,Kokonut Network; Perpetual Value Ecosystem,3772.4930015625,83,236.53803364979103
388,21,Climate Solutions Round,0xa29585e10628a908fe384fcab7af2fb91283f07820fc54351eeb64aa3e1dec4f,Earth Commons,3362.5616765625,63,986.93826439976692
388,21,Climate Solutions Round,0xa417f9f560f0ffe269bc92c0f98bd5464120f47b26eb00727ef93a271f7c5e11,SymbioToken - Towards Symbiocracy,439.0514465625,26,40.4055693288974
388,21,Climate Solutions Round,0xabb43c64cc60caf993fe86b8afe059ea84f8305b9c7d309bdaa215dddf083e77,Regens Unite,5414.7178828125006,89,1325.4628612665692
388,21,Climate Solutions Round,0xc8332c6ea13b03d3384dd4633678f4d5eae6764feb343a5953308bf57daea047,Ecovillage network in Ukraine,1191.1754446875,57,493.27897909283638
388,21,Climate Solutions Round,0xcad1a6beaa938fe34acd0afa4193a345b5cccdab775c2246b9dd56cb6b1d7f5d,ImpactEvaluation.Foundation (IEF),5007.0361809375,86,1147.8878567516804
388,21,Climate Solutions Round,0xeafbd4ce5ff11f1d3851bfcb7a79d8a1e7c8de6d80cdd63af6aa10c0146a9ef6,Ekonavi,1043.075255625,38,67.179064005613327
388,21,Climate Solutions Round,0x1018f2259e232544b966ef4fe6c8da2e2ca9483b721e9f7e82ec52c87160b10c,AfriLearn,1049.074250625,42,82.5250933393836
388,21,Climate Solutions Round,0x1512c7a5942c748e93f4f2ed6d3033cb849305530e96e4411203dc6fd6b0c63e,plant-based,1418.6373384375,52,189.68531113862991
388,21,Climate Solutions Round,0x1cb216aefc4fc84a9ced5ae101ee4780c6f3c298e18ed5e3a75a409dada32e5a,Comrades to Youths Africa: E-Shule - providing Sustainability and Solar Training to empower the next generation of African students.,1006.7063484375,37,85.2874581515789
388,21,Climate Solutions Round,0x220da306f960b3dacac04b70122169ae698056a6accb80cd74f037a39a40b1f7,AgroforestDAO GG21,4221.542773125,74,185.24783547222614
388,21,Climate Solutions Round,0x303a50ca195b06eacf87e36267a7f4cb26cc715b898a35c908fbeca00a384895,Pollen Buzz Initiative,552.2824771875,41,115.84815260767937
388,21,Climate Solutions Round,0x41f7c7be06b4031f5c45e4a62e18616fcf2628d1cd375b5d27fcc3e81758e480,Drivyx ESG,873.72862593749994,97,997.33606942743063
388,21,Climate Solutions Round,0x64ec33ea75d923f16108e254aac844809547103df37c86af65e7a58bc7091e77,♻️ Litter Token ($LTK) - Paying people to pick up litter 🚮,665.38852875,55,95.779174827039242
388,21,Climate Solutions Round,0x6649852db5092781fa9c7d42577609e9c45480db4c59966639df7f865471b349,Atlantis,8941.0021312500012,121,1393.9387358488748
388,21,Climate Solutions Round,0x6a137a9592c503b53957f27ddd8ebb0d6d227873a789cc296de6151bab6a92c2,Wasset,91.734631874999991,27,43.770571857690811
388,21,Climate Solutions Round,0xbd2c80c53ce00c4e3030b4c2795a7908b6e9dec25c81316e6ca2a7a85f0f3380,Kawagumba Village Community Farming project,1444.8829415625,47,110.63636243343353
388,21,Climate Solutions Round,0xbec2190bb266f506908c21cc0efdc5e9a422b40ea71db9f76504ca33451a99ca,DeFood: Decentralized Food Security Network (DFSN),559.03134656250006,35,57.986071856692433
388,21,Climate Solutions Round,0xd97c026722b8809b5d000ed2dde2ff4cfa6bb228ef53e6905d8624b0bfe0431a,♻️ #GigsGoGreen - a movement for Gig Workers (initially Uber / Lyft / rideshare app drivers),249.45820874999998,23,38.92058601975441
388,21,Climate Solutions Round,0xf962fb7679660f96e137e9ae12b0962bf6079d40ff18befecf9246ab2111bc30,Bloom Network,3905.2207659375,61,214.66501262038946
388,21,Climate Solutions Round,0x1624d9ed58fc2ae13839376a3e2339f88ededb3e0dcb128ba85e9dcc7640387d,Carbon Counting Club,2304.863870625,69,222.76360348949675
388,21,Climate Solutions Round,0x23e17f56696f864442919fafb4c3f5c24e0f85dfe46464bdd923695d8761039d,RegenBuild 🏡,1737.958843125,86,409.97718108212575
388,21,Climate Solutions Round,0x31e242a4e85e6d033f63dc6d2d97ae6245bc1a50e5560266c23ad3a1d5608a63,CARBON Copy,1765.5792159375,53,98.204730466008186
388,21,Climate Solutions Round,0x44699aebc5e476ac86d7514e9d0160037546955064e8c7ff22ea744399c0ba3a,Fuzzy-Dollop,44.8674834375,19,21.951201014220715
388,21,Climate Solutions Round,0x82f66b7fe5958b0e821a845b5f6b26389967754c0f480ec5f7f2e836b983aa6c,TAS(Tech and Sun),1428.3857053125,36,255.19504227489233
388,21,Climate Solutions Round,0xf950b4748fc24df033c021936537a037929a635d3933072f5877b83df0dfddb3,$REGEN Tokenomics DAO,1472.1283771874998,45,102.61149675399065
388,21,Climate Solutions Round,0x1249835eaab22b2d2fd7f34556a20cae9cfd902f56c54789730081e6996ed012,Astral,815.613361875,24,78.046760529279709
388,21,Climate Solutions Round,0x2d9259677c105e168e75508adb8eb977bd8b3b8db48134a91060bac81d2b6b1d,Ecothailand Foundation.,169.8465459375,23,35.116008907556534
388,21,Climate Solutions Round,0x45135b37a1739bb28198463f805ae7a9e5f659c50378c5833e45df47d85b1771,Elephant in the Room Strategic Climate Solutions,832.36055625000006,39,142.39624512195587
388,21,Climate Solutions Round,0x4b83a5d97e5d381163de8d94bdd837b516cca0f6e52149e3e195aac27c53459a,"Tulum’s Tomorrow, Accelerating the Regenaissance with ReFi Tulum",1978.1686012499997,54,111.5086959451437
388,21,Climate Solutions Round,0x502a9ea18dfbd492e531685fc81b31265f0be2bce5d1e7419b2abccaff4ec931,"""Eco- Geneis :     Integrating Climate Solutions, Nursery Gardens, and Natural Conservation for Sustainable Ecosystems""",110.231533125,24,268.07366052269936
388,21,Climate Solutions Round,0x5b85d633bf0c7aac67a4d49cf49c81bb8364ab9613b11e9296471544f225cd73,Fork Forest,427.178435625,29,59.03515750169754
388,21,Climate Solutions Round,0x74965e6ddf84caa8f5fa121bf1df71e6b2696343a92b6700cfb34576e9fc7dc6,gainforest,1396.016128125,43,120.0726190507412
388,21,Climate Solutions Round,0x7e215e52873adcf476ab86f5f66282a87740c8a90fde4991cbeec376530ef242,GreenPill Brasil - GG21,1903.4311218750001,64,182.01006516814232
388,21,Climate Solutions Round,0x004e721e5ea333fe24f17abec2a426e3ed9f572b6fdd9493ad01c98dd0a400fa,Mi Costa de Oro,586.02682406249994,38,59.072723478078842
388,21,Climate Solutions Round,0x22104344ca642f47895d03a161740b9de97f326a70544febc415242dca6bcbb6,Ama Earth Group - Indigenous Ecosystem Regeneration & Climate Tech 🛖,473.170730625,30,170.14914813637733
388,21,Climate Solutions Round,0x431f995c71b6de74d80220d312652212d835429cd5ad82687e004a2bb217365d,RegenerateDRC: Revitalizing the Congo Basin and Empowering Communities for Environmental Restoration,362.189323125,23,38.166194766759872
388,21,Climate Solutions Round,0x7d858c047077e7699dbf9e2593c928fee0ad5a6397adc7c094e287fa0c33d1cf,🌻 Sunflower EcoTech 🌻,1582.1099521875,46,307.0926807820797
388,21,Climate Solutions Round,0xcf2f9a1c8a096c08972a1749c63c7ef1a7706bf79ad9b189643ce5750199cdb7,ReFi Phangan,1990.6665075,59,1024.5013088273117
388,21,Climate Solutions Round,0x183f13028588a3e6082d6642b52d4829823720efd1e5bc973856c406f1299b66,Silvi,2185.5088659375,50,103.340754956007
388,21,Climate Solutions Round,0x9393b3fb836d3eb041050bbc31351898e2ce7e20e597e56ffb0fe54b38fc5143,Coral Connect🪸,2802.4055184374997,79,852.15226315706968
388,21,Climate Solutions Round,0xa1f3ea75177f9a0f08f6d73aeb64fd94afe78c5cb92d46fe0a8b2042cf6b91f1,Nature Inspires - Chiguru Ecospace,370.9378575,27,53.770086154690944
388,21,Climate Solutions Round,0xf3abdcd6b07d2a51952b35ba4a9be82ede7031c45d433e5f21bc164c0f3e2d10,Change Code: Piloting a SolarBond for Sustainable Economic Growth in Tanzania,1975.1691037499997,39,266.34306859970093
388,21,Climate Solutions Round,0xfef7a9a546ca3d7ba115e8e3a3d3d77c2f2ac361d1677a5f3c0467299ed818b1,Green Planet Conservation Initiative,997.83283499999993,48,239.10239061713219
388,21,Climate Solutions Round,0x4dcebba7be9ee6c0faa15fae4a00e33934bde5cae2515769bd2e0a90b08dc2d9,"Ayowecca Uganda: Training rural farmers & indigenous communities on regenerative agriculture, providing women & girls with new skills for economic empowerment, and planting fruit trees in schools, health centers & churches.",3789.9900703125,70,351.72244510054588
388,21,Climate Solutions Round,0x739d2e516d326d012864d2feee15e552dc48c250331bb04e929a9124c3d904b0,Regen Atlas 🌍,962.9636765625,28,111.62369639589451
388,21,Climate Solutions Round,0xb74b54dcd26e8ea7d70f2cc43535572660622f891b81405fb269e020b08f9805,Greenpill Kenya Climate Round.,921.595606875,50,204.58246001601219
388,21,Climate Solutions Round,0x0d4fba70725f7e82c4b4ba4928c5a8db400d58f410dc05661705ab8a519346b3,The Aquapurge Project,642.142423125,37,70.435284107923508
388,21,Climate Solutions Round,0x4520f6b610af56dd9fb1aa85b560c5d460412285032dfbb90a47656ebc08d0b1,Kolektivo Network,1748.0821471875,43,109.7536446750164
388,21,Climate Solutions Round,0x9a1d1cf95fa1287f63cd6c3660b5d589c950cb6b8972699bb2d3cb0eaff141bb,The Anthropogenic Impact Accounting Ontology (AIAO),427.30341468750004,18,1033.4909934699535
388,21,Climate Solutions Round,0x9f03fa925e2044852d7a21b2d7eaad7a28df435e4e3387781aa9d79f5305aaee,Traditional Dream Factory - the first web3 powered regenerative village - is investing in biochar-producing infrastructure,1319.7789,35,102.00926238298416
388,21,Climate Solutions Round,0xa58bb5006a1f0a5ed312331ef848c9d0af2700b0a1305b990776d75324a3171f,Scaling-Up Community-Driven Adaptive Capacity and Resilience,348.44162625,28,47.03439906812855
388,21,Climate Solutions Round,0x4ccf8804d9f2133cc18a656f244efddc9a9ed4faec65caa82d646176bf964c1c,Rifai Sicilia,2350.10629125,45,199.23213347792625
388,21,Climate Solutions Round,0xcb039ab2ad9079b6689652e0fd8eb242bee672a22f1b4916edd24cd8f3d93a44,Bangalore Microgreens,727.128185625,33,91.236262679100037
388,21,Climate Solutions Round,0xcf6d018a19dd675cb222bb7c697ee1868957f2e2eb0670e4851fb6206d3828cf,Earthist Seeds for Regeneration,634.14376312500008,34,59.989208370447159
388,21,Climate Solutions Round,0xf8ea713a58dffbd4fbb666bc8d008da29a4b2eebceaf710bd0feb6c0eddc6bf1,Landia,2136.892010625,40,790.70669934153557
388,21,Climate Solutions Round,0x36cf812513d885c241562652a52dc3bfb74f0307fe27c93a6761fadc775b09cc,Trusted Seed Mentorship Program,1562.988155625,40,113.33257515728474
388,21,Climate Solutions Round,0x3caef6852c9d963611a82394601cc37f14d5e8f596fa07fc0f371e6a4e19c925,VinQ: Decentralized co-creation for regenerative viticulture,368.3132971875,22,43.495324522256851
387,21,GG21 DeSci Round,0x6649852db5092781fa9c7d42577609e9c45480db4c59966639df7f865471b349,Atlantis,1321.6900251093748,58,241.9683398604393
387,21,GG21 DeSci Round,0x679eb72b7da72b6129c1bb59a5b3345d9dad0dfc459e9fae5e699196694dba84,DeSci Youths,576.31832490234376,28,65.1568104326725
387,21,GG21 DeSci Round,0x7ddb069181d615203f32a35345ab2f10c8d0ec28a307e0d10d83415b11d0c351,Castalia v0.1 - A pop-up city for DeSci,280.845478125,10,43.883678317070007
387,21,GG21 DeSci Round,0x8197d84895fc7f0d4ce76f24db6dcb2831efe6edf8481b5756fbad5e9aa44b86,SpaceRadar,770.88183113671869,20,70.505584239959717
387,21,GG21 DeSci Round,0x88f438f013de84b3a644cd096c71a223a336f3cec6be0a3a0b62ad2d5d81869d,iPal Network,75.672253828125008,23,612.0046759173274
387,21,GG21 DeSci Round,0x9a9cda60bcd1b566669a6e03d79dcea4be966ebdef25dc9754cbd4170e99c61f,LunCo: Everyone Can Do Space,1883.693031890625,48,639.02342675626278
387,21,GG21 DeSci Round,0xa1dcd8eb1f82424d43e01ef15d74c1cb60bba23a798e7f97f75fb40337af3450,DeSci Landscape Analysis,1146.3566328632812,17,48.5623899102211
387,21,GG21 DeSci Round,0xd396b745d5067050d08838d2a456310bc0bec11543fd5ffda0bd105ea26b169f,Rare Compute,143.699269640625,11,22.534598469734192
387,21,GG21 DeSci Round,0x1b5be3b47def8306412c86831a96ec2d6109f5ce71f1bc1add6db3c0236a1236,Treegens DAO 🌱🌳,1807.747733847656,67,339.48549322376493
387,21,GG21 DeSci Round,0x2fdefb83ce2cb29cdc39e37c87830432afe3413bb8b6d8654db2e24141a4e853,DeSci London,64.59445996875,13,17.60065433382988
387,21,GG21 DeSci Round,0x41f7c7be06b4031f5c45e4a62e18616fcf2628d1cd375b5d27fcc3e81758e480,Drivyx ESG,312.59661967968754,47,630.80557450652122
387,21,GG21 DeSci Round,0x42214708589492950b00ddc6ecf98f3c4b0eda1d5dd0f59967dd8761ccc110a4,Just-DNA-Seq,2802.8378716875,39,2899.5740271849791
387,21,GG21 DeSci Round,0x62dcdcdedb4cef90bc4eb607a54190a651d0defccd8879ac0d04b74106e543ab,DeSci México,2962.5687373710939,24,338.50023347139359
387,21,GG21 DeSci Round,0x6b8d3b159d80159dd5e814e256ce78cb2463fbaa4814d17f8deb956416d91147,FunDeSci (Fundraising Platform for DeSci),201.35060528906249,29,71.748040169477463
387,21,GG21 DeSci Round,0x6cc1d908e4758f34ac66e648496a30862d830320cc40726325f6a3fe62c5d9c5,MesoReefDAO - Regenerating Reef Conservation with DeSci Web3 tools,2151.58841296875,25,147.11973410844803
387,21,GG21 DeSci Round,0x7e215e52873adcf476ab86f5f66282a87740c8a90fde4991cbeec376530ef242,GreenPill Brasil - GG21,729.02805363281243,33,60.393599182367325
387,21,GG21 DeSci Round,0x7f42438baa17f2b4973f717611fc83b7fac7762e5ece38bdaffe1f92702cd2a0,DeSci Africa,2113.3232165742188,31,467.82242491841316
387,21,GG21 DeSci Round,0xa7955756c527b07db326305f4754ce2fc97b2231b64ffcffb6add6c0cfa7eb63,GG21 DeSci Round Operators & Stewards,1816.5241550390624,23,306.41827037930489
387,21,GG21 DeSci Round,0xfd5e3cc214093a7d43fb4d358653f5271d69adbed8098567477a2dfcfbf17a51,DeSci Thailand,555.80100247265625,18,24.148082375526428
387,21,GG21 DeSci Round,0x04ba0b6fd1b47460a198576f6867b059f3f0a7f6888f9d2ad5ce1ca2b1193fa2,DeepVenture.io,1952.8122245625,31,65.596076190471649
387,21,GG21 DeSci Round,0x24aa9336090bcdc92d72d60085cc4aef45a05a0b587dc9e1b70b612cdab723fc,DeSci Sino,200.06339684765624,29,329.118689969182
387,21,GG21 DeSci Round,0x74965e6ddf84caa8f5fa121bf1df71e6b2696343a92b6700cfb34576e9fc7dc6,GainForest: A global conservation data income enabled by AI and web3,286.81344453515624,14,31.613988906145096
387,21,GG21 DeSci Round,0xb525bba2365edf674998b6282431e30b4fae4fb4f1dad9e2e700dd5292b4161d,AsteriskDAO,1189.3415935429687,21,504.87346816062927
387,21,GG21 DeSci Round,0x09b900a1e1ddbb89c34edea1bdd2c621917294fd4ee863f10a9295725cc33d38,FrontierDAO,627.88467519140625,24,283.01329693198204
387,21,GG21 DeSci Round,0x2769b17453567e211e8cf281fb88f288166c3d2c0c956d432a1e6dd2812f9b1c,GlucoseDAO,433.94527001953122,32,1620.1783577246824
387,21,GG21 DeSci Round,0xa49a05812014de4fe8b6612d519817b2571ec788ee2e13f6d7f43b770a6559f9,DeSci LATAM,1853.463136675781,24,147.40554001927376
387,21,GG21 DeSci Round,0x08b5a242c6c14a467c2954564a0c90cdd00584ab3000f6b8ff428afb37e2599e,OpenScience,290.675069859375,13,24.881985187530518
387,21,GG21 DeSci Round,0xaf6d1181b1b33891fdefa77b6d4f9294bdf71eaae26ebb2d56fe24371e6e1a45,ReFi Lagos 🌴 🌾,484.22441186718748,16,32.682955086231232
387,21,GG21 DeSci Round,0x297df9c7bf60f0839a24a31fb55c9ccef234cef0005a12d9d9d8b1dead625b83,Greenpill Kenya DeSci.,423.140520375,23,88.8967157304287
387,21,GG21 DeSci Round,0x497a5f68d83ded024cb0ebe600e0f508e0d5798d1ab8fb131f5321a91db1e889,Register MAXi,96.540633105468757,14,29.033149182796478
387,21,GG21 DeSci Round,0x1e5a87139d4cdc8b55407a0fd80318dcbe7b3d43dacda24e4a5beb687a045743,A Natureza das Coisas,66.310737890624992,13,26.345384955406189
387,21,GG21 DeSci Round,0x4dcebba7be9ee6c0faa15fae4a00e33934bde5cae2515769bd2e0a90b08dc2d9,"Ayowecca Uganda: Training rural farmers & indigenous communities on regenerative agriculture, providing women & girls with new skills for economic empowerment, and planting fruit trees in schools, health centers & churches.",1029.298677328125,17,330.88366454839706
387,21,GG21 DeSci Round,0x6550fd0cd8e4f55556c275fce4253f575dcc58223cc43b951000c4470e4f3288,DeSci Argentina,167.61014159765622,12,16.702038884162903
387,21,GG21 DeSci Round,0x8d590a9d748884846dbcca625d5f10b0cb9292ba6a04ac98a9a3d32b314fcbcf,DeSci Tokyo,136.87316426953126,16,27.710037887096405
387,21,GG21 DeSci Round,0xbdd0cad912798b375023a38160092899bfb6d500138a7ad518c5046eee8fbd2d,LifeShip | Decentralized space capsules,155.59619614453126,10,16.114717841148376
387,21,GG21 DeSci Round,0x0887a0662d9d62d3d9197534c10ed19f03da7cafe267ba2dd4983a7cc7432315,MuseMatrix,691.38695830078132,14,57.713229089975357
387,21,GG21 DeSci Round,0x6e4947b3916450a4a1f5bfcc6f6edf786d63acdb278b338decb4868eaa342f03,The DeSci Journals,2773.7391596484376,31,185.31708803772926
387,21,GG21 DeSci Round,0x73c60970e544f3fa2588f1cc3c6905ec27dcb82b417c8a09317b817dccfe79af,OpenCann Network,1047.4756207734374,26,48.168812304735184
387,21,GG21 DeSci Round,0x259f07aac8cd509f6d85fa895ce31b9573bb0f93d0999ae42492ee2f24dc995e,DeSci Asia,506.73105643359378,26,49.189004629850388
387,21,GG21 DeSci Round,0x785b79d887ed8ec7bd4c23739a84caefdd3c61fb6508ab37c813bfb4758e9089,Quadratic,30.619958378906251,10,10.770314067602158
387,21,GG21 DeSci Round,0x7ea8c4ebe8d6307efe7492f8b41da2e4e487a2cef99f2174cf42b570d3dac7d0,PoSciDonDAO,65.4525989296875,13,18.8978112321347
387,21,GG21 DeSci Round,0x8408a62ca377dc359998e5d08344778e2e1388bd84b82fa8e674f2ca2f3fc499,OpenLitterMap - Real Time Reporting on Plastic Pollution,667.39807371093752,19,54.877831839025021
387,21,GG21 DeSci Round,0xea25111408ed7d55f7beef179290fb8bdf9c1aadf78fa90526ba36a445f42bb6,overlake.bio,1066.5887158125,18,58.220960050821304
387,21,GG21 DeSci Round,0x95491135a9b1e476dcbebc9a514f3ccf1aca22b0ffa8f283227aaa160a891fcc,Astrochain - Updated July 27 2024,133.6356400078125,13,35.746549248695374
387,21,GG21 DeSci Round,0xcf11630dc86ab8f11b4da861f737540108c8a0b58c26b592c7734c1d67f2245e,The cadCAD Foundation,637.90929850781254,12,101.48089730739594
387,21,GG21 DeSci Round,0x07f47cd6bae0bf29c935106fe89aa773654fc1bedd8307279460fe6af20c0440,Proof of Philanthropy: A Verifiable Giving Pledge for the Modern Age (GG21),122.08977035156249,15,41.388043163344264
387,21,GG21 DeSci Round,0x891413ffeb61e4ff453473eb9e80ee3071faa40ccb8ccd492b2da7c3b9a489fc,Proofivy,1.13118317578125,8,10.051131308078766
387,21,GG21 DeSci Round,0xa2eee543241bf4b471ef9f465e9bf68ccf538da218be2ea1413919cbe242fdd1,Green Planet Conservation Initiative,47.3536681171875,19,87.109545946121216
387,21,GG21 DeSci Round,0x282208be2dd36ffc9e1f27ba6d569418160657b406d46b6ddd6c9387d63353a1,JiaoZiFS(JZFS),102.23555530078126,9,31.142188429832458
386,21,OpenCivics Collaborative Research Round,0xe5a79ab41dfec9b7b4637532bab6b1abb3ff968649a7bad7dc302e2a1cda143a,The Embodied Governance Playbook,1025.6590099179689,12,36.777007579803467
386,21,OpenCivics Collaborative Research Round,0x98a6b2a0e42f304ea29b20282089f63a38c0b1ae5ebe13aa53e56e953f214aa2,Coh3rence,2164.2954874531251,16,43.02099347114563
386,21,OpenCivics Collaborative Research Round,0xd826d7afb4ee1fdbba1ccd5352db2d0100055890bbe0fa516dd3a01f1b4cb6b3,Sideways Ostrom5,1270.1355299921875,26,239.87028914690018
386,21,OpenCivics Collaborative Research Round,0x889138bb5d560328ed980483f3615f044599aedb1037db872aa2c80d4f6348ef,Impact Reporting Interoperability,999.95558605859378,14,36.550133645534515
386,21,OpenCivics Collaborative Research Round,0x37bfa7d0eca13f7845180c78a4b7958bf99d02f25037f8903af7982dc3ea1f47,LexClinic [alpha-to-beta],999.95558605859378,11,62.374544382095337
386,21,OpenCivics Collaborative Research Round,0xf8142a40b022c28b4ed81a05f24cf63615a96d2b3ed6d4f2803d3cdda4013a28,Systematizing the Status of Commons Protocols for Web3 Self-Infrastructure: A collaboration proposal by the P2P Foundation,1797.1397172265627,22,75.2891675233841
386,21,OpenCivics Collaborative Research Round,0x77ad10f6532a1fe22e28870d7f4d73eb3b05331c9470ebf1356aed5d5a9ef240,Bonding Curve Research Group (BCRG),2621.1192477773438,21,52.845726057887077
386,21,OpenCivics Collaborative Research Round,0xd0dfe1b5ae094c98fc93b46a788d315f2a668a9caf58935e7ddaa2f72b490bd4,RnDAO - empowering humane collaboration,1857.0723738398437,25,117.68188548088074
386,21,OpenCivics Collaborative Research Round,0xfa16d7d0c1c13c2821d3d94e8bbc9aa7f2c1219d057e1e747ea6db4bc4712fc3,Flow State (Streaming Quadratic Funding),1419.4421832929688,15,42.827679395675659
386,21,OpenCivics Collaborative Research Round,0xb30e9a03fe9391b289331bc8d4f3ad6aa31db301447025f92b8275bc88d447f9,VoiceDeck: A Marketplace for Journalism Impact Certificates,4012.4220618125,24,228.32596552371979
386,21,OpenCivics Collaborative Research Round,0x41ebcd0048a9cf67cf48d95a187fa67719fd5fe74968e8f8090e296cf70ab9ba,Stephen Reid: Technological Metamodernism,5518.592301101562,35,1482.0613301992416
386,21,OpenCivics Collaborative Research Round,0xb3fb5dd6edd0b700b42db549aaef695a471a221d5f53bd55f0583028a21c550a,MycoFi for Municipal Resilience,5518.592301101562,33,268.84050208330154
386,21,OpenCivics Collaborative Research Round,0xcb665f94b14736687b8b47987bfa1b6ac8157a96324fdd679ebd244438b1cd73,Catalyzing Bioregional Innovation,2475.4245135156248,23,222.38610929250717
386,21,OpenCivics Collaborative Research Round,0x0c1f27921ea07ee17380c305c0ba47f131a37ab25abbabfe1a438f948885cb6a,Governance in Context with Knowledge Organization Infrastructure (KOI),1797.7697031054688,21,322.29914236068726
386,21,OpenCivics Collaborative Research Round,0xb0c5837c3637e1379d7c8193bce85ebf0075b3ae692417f65739a1041d6f6a55,Distributed Governance Score Framework: DAO Index,999.95558605859378,6,8.6955981254577637
386,21,OpenCivics Collaborative Research Round,0x0acaf322a4deb216e84a8610cc5be5fcd2d343c6264b10c9738a716bcd631d72,Ethereal Forest's Open Protocol Research Group,4271.2202608671878,23,537.37776732444763
385,21,Web3 Grants Ecosystem Advancement,0xb6e974d336303252efaba1f359a78d21f7dab5c6a786f712a4eae59a126d41bf,Grant Research & Community - Eugene Leventhal,619.64904472656247,17,57.993701577186584
385,21,Web3 Grants Ecosystem Advancement,0xca10765114d2747c9df9e47ba1b279bf2a3ef5f74e1a844d5a981b64cb1a1a41,TheDevanshMehta,1905.40826903125,26,93.825013518333435
385,21,Web3 Grants Ecosystem Advancement,0xcb644adff5d7ac911ccf7769d837b15b7b979a5a5771c3482ef70d5f1e46f5f6,Metrics Garden Labs,5451.5067212656249,66,350.33430227637291
385,21,Web3 Grants Ecosystem Advancement,0xd0dfe1b5ae094c98fc93b46a788d315f2a668a9caf58935e7ddaa2f72b490bd4,RnDAO - empowering humane collaboration,687.1832645,32,124.58743140101433
385,21,Web3 Grants Ecosystem Advancement,0xdcb33286c9ecc37815427c1ea6da452f83f98bc46a941317cfc7257cbf8d8a73,Welcome onchain,2177.9535006875003,43,611.11128174513578
385,21,Web3 Grants Ecosystem Advancement,0xdce9247fb94e7db0ec152d6c7e6db5db7ba3d8bcfc0874694ac3c41a86c48a27,Public Nouns Operations,6533.9608500859376,77,532.68731264362577
385,21,Web3 Grants Ecosystem Advancement,0xf8eb666a7df2d28609bb67ec2c3646d46c44d8e5f78bc20e01a74e3ea6a6985f,GovGraph,810.41063728124993,22,37.532755494117737
385,21,Web3 Grants Ecosystem Advancement,0x65d8e9be9448fbfc55737ccee6ebd9b1c48ce7fe2a28f313a89b224d2b6db22b,Inverter Network,1946.6513066640625,20,90.300410270690918
385,21,Web3 Grants Ecosystem Advancement,0x7ee2df261a02e30fa952e670db2468fc7eb1863becb6e744865faaa4e05cac83,Scaffold Grants Stack,2253.1141702421874,31,589.74570143222809
385,21,Web3 Grants Ecosystem Advancement,0x9b67ebabd1fb31052c6d2afe25306f762673c8aaeec06c1416c266b8501b23f1,viaPrize,683.370039609375,26,185.36024770140648
385,21,Web3 Grants Ecosystem Advancement,0xa87df39f52e703cab5d5c8e27eebebefc2867f34ac9aeb28097095c8fe41a839,Hypercerts Foundation,3049.9778243593751,46,214.41611149907112
385,21,Web3 Grants Ecosystem Advancement,0x271d16ec14433ccff66237a1d6d35a866174139e14112122da6e2f66b39d5acc,CharmVerse,2613.0625303125003,39,118.73908680677414
385,21,Web3 Grants Ecosystem Advancement,0x2fd12cb88cba8d832aaca4cfb55962a2adc78491132d388586b3f58afb1264e3,Open Source Observer,5849.085590125,52,172.91624925285578
385,21,Web3 Grants Ecosystem Advancement,0x44a654c52e7f9b2d471ac6be97521d6ced3219f24ba35aed1e0711dc2924de72,ReFi DAO x TEC - Pioneering a QF to KarmaGAP to RPGF Playbook,2068.574155140625,37,163.59462012350559
385,21,Web3 Grants Ecosystem Advancement,0x7eebe3c307c740badb9565411df298f6c609251e9025f09e28753666c26137c5,Universal Impact Pool from Endaoment & Gitcoin,1474.5138563906251,11,124.71123003959656
385,21,Web3 Grants Ecosystem Advancement,0x9864b4ed08d4304588321f30f169c9e7376d4170b4c6b56936d26aa7b2002d37,Ecosystem Vision,312.38339696093749,53,951.28441665752325
385,21,Web3 Grants Ecosystem Advancement,0x9ba840826ae14ae16d15bdaa471dd9c33a1395268dc0332d71505443b2204dd9,PGF Ethereum México,1687.05097003125,32,185.87081375718117
385,21,Web3 Grants Ecosystem Advancement,0xaa57e092bd3351948df6efb86191e742c98016bfb02df621b86dde05880d40a1,"Pairwise: Simplifying Choices, Amplifying Voices",3724.91863,52,195.3030257448554
385,21,Web3 Grants Ecosystem Advancement,0xc3addde14b0efcb8057b6d3b2ad3630bc9aa62f49c57cf8999a92cefbd32eff3,Gitcoin Grants Data Portal,1446.8178019218751,46,85.726951003074646
385,21,Web3 Grants Ecosystem Advancement,0xcaa6e9c3bd7f3fa8b2fcfad1dbd34022e86f2e040a50721e3d52b6de89cd3aa7,RaidGuild Skŭngkwûrks,3272.8507844140622,32,354.697958946228
385,21,Web3 Grants Ecosystem Advancement,0xcdd1f69da945939e5adfcb64e4e0eea738c8660c4b808a8cfcea6c845997ea3c,Empowering Builders: How To DAO Educational Initiative,58.904289757812492,7,9.2322997450828552
385,21,Web3 Grants Ecosystem Advancement,0xe3c5497e3073669d3788a015ce9e89fd2ba14028af892c613b7dad8e742d7b46,1Hive Gardens,1097.8073764062501,29,153.79720404744148
385,21,Web3 Grants Ecosystem Advancement,0xfa16d7d0c1c13c2821d3d94e8bbc9aa7f2c1219d057e1e747ea6db4bc4712fc3,Flow State (Streaming Quadratic Funding),747.191382515625,19,58.44537165760994
385,21,Web3 Grants Ecosystem Advancement,0x37bfa7d0eca13f7845180c78a4b7958bf99d02f25037f8903af7982dc3ea1f47,LexClinic [alpha-to-beta],465.71517677343752,10,31.743104577064514
385,21,Web3 Grants Ecosystem Advancement,0x6649852db5092781fa9c7d42577609e9c45480db4c59966639df7f865471b349,Atlantis,834.293466859375,68,267.827918805182
385,21,Web3 Grants Ecosystem Advancement,0xca460772f5ba0840a589d2c19fb7e17ac259e4be884313e3712c06c9c885dc93,Giveth,10034.701995726564,73,450.30049611628056
385,21,Web3 Grants Ecosystem Advancement,0x158ab8951774976a766c75367cc2995b796300ebb2212b4b8cf8ef9f2ffbd9a2,Funding the Commons,5206.858240125,74,800.498807553784
385,21,Web3 Grants Ecosystem Advancement,0x27551b48ac5d280026c958c1bdbe362834865bf7ec4972598cf1903a1392cb33,Crypto Grant Wire,2445.9830712890625,22,103.22032201290131
385,21,Web3 Grants Ecosystem Advancement,0xbcfad440e29d92f4c4b68a4e1ab9b6d6ed29df7b11a3ed6aa7a150fc0d1d3ec2,authbond,0.0,6,10.573131024837494
385,21,Web3 Grants Ecosystem Advancement,0xefceb00c3f7c0c92856bf2334815c9fb93e286b02617a42cdac8e1fa18b80ee5,Bloom Network Local Action Rewards,880.453557640625,23,36.141587883234024
385,21,Web3 Grants Ecosystem Advancement,0x48b79099b091bad7b95a8a869e867052b0f73ece30fe632ca43297142b124414,Swift Evo contribution on Public Goods grants,596.56899933593752,16,30.87094908952713
385,21,Web3 Grants Ecosystem Advancement,0x8307d1b0a4b515943780570afd272a3b9d275173de3c44aceed3b684529f6b01,Biteye,0.0,12,13.009467840194702
385,21,Web3 Grants Ecosystem Advancement,0xff0d19a8d41e62428e35da3007ed6659a53edb0fbdaebda99ab1543bc048a7f8,GrantsScope - Grantee Discovery Using LLMs,1349.5805672109375,27,80.992345251142979
385,21,Web3 Grants Ecosystem Advancement,0x15efcb2d16f0f0233f51f59cffb576fa301cf5db6be97b890297196b13995f0b,growthepie.xyz 🥧📏 - Usage Data and Analytics for Ethereum Scaling Solutions,1107.9425267734375,23,95.651500582695007
385,21,Web3 Grants Ecosystem Advancement,0x36671fe8d5d73dd3231053351a4413eacaed2789e6712d0df71d4e2d3e7d85fb,POTLOCK,855.86829189843752,22,65.456453513004817
385,21,Web3 Grants Ecosystem Advancement,0x07f47cd6bae0bf29c935106fe89aa773654fc1bedd8307279460fe6af20c0440,Proof of Philanthropy: A Verifiable Giving Pledge for the Modern Age (GG21),326.0307281484375,24,167.28085950016975
385,21,Web3 Grants Ecosystem Advancement,0x6f0da52d9d02a9691f8d84c7b204490191c19e5dd184e3a725e23a285aad3eef,Omniacs.DAO: A Web3 Experiment in Coordination Sustainability and Productivity,1025.1554074375,53,650.839142267243
385,21,Web3 Grants Ecosystem Advancement,0x7db138952e569707526b028c218f0ba4d41189f90a97f544b16e7a989e1b0fb1,ggframe,448.65601278906252,16,42.760731369256973
385,21,Web3 Grants Ecosystem Advancement,0xc2510eb83299594a48797422317829a204a821ae36508e3c64ece7a2f12aaa32,Out Build: Web3 Survivor powered by Allo V2,20.9727368984375,40,370.23341327905655
385,21,Web3 Grants Ecosystem Advancement,0x11aaafdce2ce954329a650d86081add7acf0386e0f81591d2f36583db3913106,Facedancer,75.9634537421875,23,248.98348721861839
385,21,Web3 Grants Ecosystem Advancement,0x706bc44d0c033d10c977ac4a6193e7838b8a795ea0d62cdb8eb0aedb5feaa70c,Karma GAP,5530.3802676875,43,156.21984773874283
385,21,Web3 Grants Ecosystem Advancement,0x718bac3715dedc6e6e9f48882d0042049cc1efbb6a66bd1aa752810414483685,LexDAO | Web3 Grants Ecosystem Advancement,2684.2092789296876,24,192.60821810364723
385,21,Web3 Grants Ecosystem Advancement,0x27e0351931c7b7ebd14ec9b28bc8ec6d2e86309607a082ea532cc77e5a663e4f,Quadratic Accelerator (q/acc),2177.55210859375,28,137.34108389914036
385,21,Web3 Grants Ecosystem Advancement,0x04ba0b6fd1b47460a198576f6867b059f3f0a7f6888f9d2ad5ce1ca2b1193fa2,DeepVenture.io,216.35033853125,9,22.551126182079315
385,21,Web3 Grants Ecosystem Advancement,0x5a236aa6462a6bea777a4ecfba1d57d311b608f04eeebf756e67182b23f2e7c5,DAO Drops,735.04927167968754,23,36.576446324586868
385,21,Web3 Grants Ecosystem Advancement,0xa82ffe7c4b8ecc9178ee5239c3bde71aac5ab8bc6c6950b51db7c2b137e9495b,Grant Ships,2458.325878171875,23,99.824127243831754
385,21,Web3 Grants Ecosystem Advancement,0x344c860402333f7040f04799fb45be1a0362506f0af5d20a7cd54008698f29aa,x23.ai,2879.7875766093753,21,105.36017453670502
385,21,Web3 Grants Ecosystem Advancement,0x98a6b2a0e42f304ea29b20282089f63a38c0b1ae5ebe13aa53e56e953f214aa2,Coh3rence,20.671692828125,11,15.756028410047293
385,21,Web3 Grants Ecosystem Advancement,0x4f354435756ee1c1ea18402a559874cd2bb918ad795b7e361e1257425e57a7de,Greenpill Dev Guild,3732.4447317578124,42,472.10892635583878
385,21,Web3 Grants Ecosystem Advancement,0x6717da71311b0c51faaecaf5f803dcd2b22c78d8b62fe0d605897f7baf7a3800,GreenPill Taiwan - Green Sofa,129.448950234375,11,22.560694336891174
385,21,Web3 Grants Ecosystem Advancement,0x5b22fe2330826788161147ecce60af8dadf53173a53fe15d1d50a57719213159,QF Impact Alliance,945.37872880468751,15,67.194264650344849
385,21,Web3 Grants Ecosystem Advancement,0xfcb0fd086356d27f72dae1abc9cd4821c41877f9ca9b1934d5e89d6577f6c505,Fracton Ventures Research,855.26620375781238,20,50.009163320064545
385,21,Web3 Grants Ecosystem Advancement,0xab3b35780a86f5ec610e911fe359e8cbbef9278b300e61826b1d11531d10cb62,ICDevs.org,14.7511594453125,6,32.41922789812088
385,21,Web3 Grants Ecosystem Advancement,0x421a789b91a875e2131b3404d9d772aa35808d480d6369571fb36529b51d0bc9,"DVCTVS - Challenging Methods, Maturity, and Materialities",0.0,6,14.677725836634636
385,21,Web3 Grants Ecosystem Advancement,0x2384c9ca198952bba6272cf55ea17f0415cfbba4c1800d9ee8c2bcfd0205d6a5,Ethereum Cat Herders,501.43907311718749,8,46.542133092880249
385,21,Web3 Grants Ecosystem Advancement,0xbbd9ae3f2cb544e44413ea9dbec2cbc710d17b8cee8eb1821311ad77868abb6f,Trustful | Reputation Aggregator for Grants Program,1000.1687496015625,25,339.17136430740356
385,21,Web3 Grants Ecosystem Advancement,0x5bf1f1edac9a627f39020d1686221eb4bf9cd786076b49676f72cf3b7892a400,Grendel - Cartographer Syndicate,317.300450109375,8,33.12401270866394
384,21,CollabTech Round and Thresholds Experiment,0xd0dfe1b5ae094c98fc93b46a788d315f2a668a9caf58935e7ddaa2f72b490bd4,RnDAO - empowering humane collaboration,3577.81485384375,42,229.30116337537766
384,21,CollabTech Round and Thresholds Experiment,0x588c50239a06e47416199e11a9f77e428f839befc48a2f8cba2c70e03cb3f4fc,TogetherCrew,2921.679221671875,41,405.63819044828415
384,21,CollabTech Round and Thresholds Experiment,0x94a7fc4484fd6d993ca5681aa1722ae3864bdf54ce4c77284ecabdd32a6b7f2b,ZKT Network,546.804682265625,44,4122.4341803044081
384,21,CollabTech Round and Thresholds Experiment,0xeff81a9b1ca1db940b74d9b8876c8d8cd62f69f0f1263c28399f4a0120cacf56,Harmonica: AI-powered facilitation of group sensemaking,2892.382365375,41,859.19315320253372
384,21,CollabTech Round and Thresholds Experiment,0x5b44e4aa9f318c716ad18167e29e24c3ac5d49874bd3453f5638114eaa19c353,Radio SpaghettETH,0.0,12,101.60907691717148
384,21,CollabTech Round and Thresholds Experiment,0xf1815aeb99809859ef4006296fa7c4c4f9701d2ad2c366d13447edfbea4328f6,DAO Drops,2033.6876090625,23,56.981232881546021
384,21,CollabTech Round and Thresholds Experiment,0x4461dd764ba9de1c4559972250f43ecac0e0bc9893c6629b1687177470c1aa72,Open to the Public,0.0,8,16.494639813899994
384,21,CollabTech Round and Thresholds Experiment,0x9188b3a42cad446c5df34508271ab52828102e9cc85452b41709e58756dd3847,Collabberry,3577.844840390625,42,476.88624930381775
384,21,CollabTech Round and Thresholds Experiment,0x9ead8572bd23406ada819f6df895eae18e4cf97dc27740ff63a1f664cf128a58,Meetwithwallet,1100.176418296875,88,628.91979068517685
384,21,CollabTech Round and Thresholds Experiment,0xca460772f5ba0840a589d2c19fb7e17ac259e4be884313e3712c06c9c885dc93,Giveth,1724.9461224375,19,132.5973145365715
384,21,CollabTech Round and Thresholds Experiment,0xca5797a71ca6f849ba9c366972d47c01061949d5cdf7fa61e20a229e035d877b,rotki,2002.711506140625,21,153.56457334756851
384,21,CollabTech Round and Thresholds Experiment,0x41f7c7be06b4031f5c45e4a62e18616fcf2628d1cd375b5d27fcc3e81758e480,Drivyx ESG,64.59102196875,41,695.67313432693481
384,21,CollabTech Round and Thresholds Experiment,0x6e4947b3916450a4a1f5bfcc6f6edf786d63acdb278b338decb4868eaa342f03,The DeSci Journals,0.0,13,32.762662768363953
384,21,CollabTech Round and Thresholds Experiment,0x35f798b08521bbe3b812c2805be2d99b299eb1624111283ad7567e38baf901a6,Pattern Flow,2281.136593875,34,322.97180420160294
384,21,CollabTech Round and Thresholds Experiment,0x9a9cda60bcd1b566669a6e03d79dcea4be966ebdef25dc9754cbd4170e99c61f,LunCo: Everyone Can Do Space,1427.2696716093751,29,629.2466145157814
384,21,CollabTech Round and Thresholds Experiment,0xb7b83ad943fd3fa1d40b1590a5874431ac90be72e7f9b90db81db9294a417962,Chore Wheel,0.0,9,281.99317938089371
384,21,CollabTech Round and Thresholds Experiment,0x7e15d51d34f82fee5cc1aec96c3f2f82fbcad06bb394e43544fa578ad39ff3e5,Gravity DAO,2182.690760484375,25,82.39483380317688
384,21,CollabTech Round and Thresholds Experiment,0x1403b1d072219b8691b5eefecd876be34a259147fa836b031624339d59088e67,Member Portal DApp for Decentralized Philly,0.0,26,320.05728620290756
384,21,CollabTech Round and Thresholds Experiment,0xaa57e092bd3351948df6efb86191e742c98016bfb02df621b86dde05880d40a1,"Pairwise: Simplifying Choices, Amplifying Voices",0.0,23,67.186536967754364
384,21,CollabTech Round and Thresholds Experiment,0x5e203234e3c289d1a8fcdb87f0d854f6ce8b4acabd6aa3fffb51890cfbd639f3,Bloom Network: Cooperative Patronage Token Design for Network States,0.0,12,19.935741066932678
384,21,CollabTech Round and Thresholds Experiment,0xe3c5497e3073669d3788a015ce9e89fd2ba14028af892c613b7dad8e742d7b46,1Hive Gardens,1134.75090684375,18,69.203049182891846
384,21,CollabTech Round and Thresholds Experiment,0x07f47cd6bae0bf29c935106fe89aa773654fc1bedd8307279460fe6af20c0440,Proof of Philanthropy: A Verifiable Giving Pledge for the Modern Age (GG21),0.0,18,63.913862407207489
384,21,CollabTech Round and Thresholds Experiment,0x1eb6bbad0896e16d57cca476cb0a37f0adf1dede385378d8f65224a09bc8fa51,Breadchain Cooperative,1988.16803090625,19,106.38429456949234
384,21,CollabTech Round and Thresholds Experiment,0xd826d7afb4ee1fdbba1ccd5352db2d0100055890bbe0fa516dd3a01f1b4cb6b3,Sideways Ostrom5,0.0,17,98.463879644870758
384,21,CollabTech Round and Thresholds Experiment,0x98a6b2a0e42f304ea29b20282089f63a38c0b1ae5ebe13aa53e56e953f214aa2,Coh3rence,0.0,10,25.963682591915131
384,21,CollabTech Round and Thresholds Experiment,0x9b67ebabd1fb31052c6d2afe25306f762673c8aaeec06c1416c266b8501b23f1,viaPrize,529.74233709375,20,43.73040646314621
384,21,CollabTech Round and Thresholds Experiment,0xff0d19a8d41e62428e35da3007ed6659a53edb0fbdaebda99ab1543bc048a7f8,GrantsScope - Grantee Discovery Using LLMs,0.0,8,16.764630138874054
384,21,CollabTech Round and Thresholds Experiment,0x04ba0b6fd1b47460a198576f6867b059f3f0a7f6888f9d2ad5ce1ca2b1193fa2,DeepVenture.io,0.0,11,17.978999495506287
384,21,CollabTech Round and Thresholds Experiment,0xf8eb666a7df2d28609bb67ec2c3646d46c44d8e5f78bc20e01a74e3ea6a6985f,GovGraph,0.0,10,37.679505407810211
383,21,Decentralized Science and Art in Psychedelics,0xe47979227f84a4ca9e663837836bda13776cb0b1d5d98343ca65c636a29253ad,Psychedelic Community Engagement Officers,4507.1326171875,7,215.60030388832092
383,21,Decentralized Science and Art in Psychedelics,0xd09b0fc8973de79cbb22d9e8f0022d3e8e94ee12267467b916fdf460e3c66cdd,Community Is The Medicine,2725.793616671875,11,60.428040206432343
383,21,Decentralized Science and Art in Psychedelics,0x4ecbe1b3e88078cb5183e7ac213b51fc5d5d4dbd61d4a0bb1b990dc36bc776ce,Mycologue,2846.6448659140624,16,518.48329001665115
383,21,Decentralized Science and Art in Psychedelics,0xc2f1ea01e248b88686551768c3a6199afd57fb5698ecde41441dde4bca16e01a,Decentralize Science on Ketamine-Assisted Therapy,4507.1326171875,7,216.25947034358978
383,21,Decentralized Science and Art in Psychedelics,0x69444b763765d6c0c26811529d6f4363fe4c84eeed66b3f225066fa9a4537c75,"Puppet Paul Stamets presents mycelium, sound, and harmony",4507.1326171875,12,1354.4777927398682
383,21,Decentralized Science and Art in Psychedelics,0xb2593ff656a87c97ab1b4ec33b62c29b07e848774219d430ddd78ad4639033d2,Psychedelic Puppet Alternate History NFT collection,4507.1326171875,5,1386.7239410281181
383,21,Decentralized Science and Art in Psychedelics,0x480feeb372943b68eabce1538ab07b7e47048a23e5597cf46de74e7b85ca8ad8,Psychedelic Summit Art Collective,4507.1326171875,7,30.201511085033417
383,21,Decentralized Science and Art in Psychedelics,0xb8039402936a1097d6b8a968de087e4f78fbb885cfdda288f146ee22e0022a2e,Don't Lick the Toad,1939.3891176250002,5,30.268817245960236
36,20,Regenerative Land Projects,0xcca9037486595a4008824ab11079520a4a1c1a665687fe9954bb96f3aaa1246d,Rewilding for Ecovillages in Ukraine,1091.5841744921875,56,1382.8526646024548
36,20,Regenerative Land Projects,0xd8002bc4fc8ac73953863df2f0efe2eaa8205eb8406539728f2d2b1a4983176c,Landia,4119.9828515625,36,1323.5726054385304
36,20,Regenerative Land Projects,0xdf7bee2544cad38e48c9a403114ba4fee9fab770b0b2467ee27219a5b3024bfe,Wilbur Hot Springs,3345.214794296875,32,167.13179934769869
36,20,Regenerative Land Projects,0xf9dc4a0cd0cabc4604b940aa875d396c4e72f44d33cddb5ba4f32e4e93949254,Coliazul Cultural Commons,2007.0654922265624,26,252.70643085241318
36,20,Regenerative Land Projects,0x49bf8980ba8c3c294a7c32580b8e4774fc5ae88fba3a4ec5dfc5679cbe83d19c,HeartSeed Farm at Landwell,2042.3494479296874,23,234.29069954156876
36,20,Regenerative Land Projects,0x695e36c0fd8fb6f74d1e6127d60fd25c8360e221f39ca71f877c6ea92309c278,Amazon Sacred Headwaters Alliance,6584.8946432421872,56,321.66592530161142
36,20,Regenerative Land Projects,0x8991371ae6879b44257ff36116d7332917450cf7535d75d07495a709e1287dbc,Barichara Regeneration Fund – Prototyping a Bioregional Regenerative Economy,6831.3541302343747,76,803.75329618155956
36,20,Regenerative Land Projects,0x91201ee51d0adef07f324ccef71d8aa3f326f2d74112cc7dd56e08ca2823875d,Regenerate Ariki,3732.5988229296877,52,1014.4594857171178
36,20,Regenerative Land Projects,0x9f03fa925e2044852d7a21b2d7eaad7a28df435e4e3387781aa9d79f5305aaee,Traditional Dream Factory - the first web3 powered regenerative village - is investing in biochar-producing infrastructure,5317.2076119921876,59,974.73544056713581
36,20,Regenerative Land Projects,0xb4bca9826eb3981ba14e274cefe2bc701b5a79be2ddbd1bdda517ea4731fdafa,Amigos Rio Machuca,4049.5205807421876,43,627.07693769782782
36,20,Regenerative Land Projects,0xd3eea83c50c17b18c229976be0c1b8d70e756c34978ba5c23b8d3309c662b358,Indigenous Bio-cultural Ecocredit Development,6620.0729583593748,37,318.38046182319522
36,20,Regenerative Land Projects,0xc955a2993a7f8f6cf878521ccfb17a818f1ac72950fa6e5263cd7dd8f6c2d775,Regenerating Indigenous Healing Grounds,8521.6035052343759,30,715.00670033041388
36,20,Regenerative Land Projects,0x22104344ca642f47895d03a161740b9de97f326a70544febc415242dca6bcbb6,Ama Earth Group — 🪶 Indigenous Climate Action Company + 💻 Climate Tech Platform to fight Climate Change,528.2029296875,21,89.145935602486134
36,20,Regenerative Land Projects,0x39150af81834eb87a0c4618e1dfdc89b02fabada8f754b2f4d50ea439d03418d,Landscape Shapes Mindscape,950.7652734374999,39,2068.0582574009895
36,20,Regenerative Land Projects,0x6a65921c2c98c69a338db889d0212b1ccc7f0b5251c27df7d4a0fc745e85685c,Senda Verde Animal Refuge:  On a Mission to Rewild or Perish,387.278388046875,28,58.338498994708061
36,20,Regenerative Land Projects,0x786dd46f852d417e822d3fda46d3736f31b5067a4638a146750188446b342c70,Château du Feÿ,7394.8410156250011,55,5523.1274792104959
36,20,Regenerative Land Projects,0x9b0aee15e8123b72c64398b482a78026cbd25f4b75e3d177cc05e3863009770b,Seeding Reciprocity,774.66241667968757,22,83.7398652434349
36,20,Regenerative Land Projects,0x183f13028588a3e6082d6642b52d4829823720efd1e5bc973856c406f1299b66,Silvi,11373.899325546874,103,1093.4775148164481
36,20,Regenerative Land Projects,0x51cfb69e8ff754ed0d973776a6ed945bbb1fa2e154fecd00c2e9cad227aadf05,Roaring Fork Reforestation - Colorado,2641.0146484375,38,229.65191645920277
36,20,Regenerative Land Projects,0x87c74720aa4ecc385f73dd376233bb6e70dc6b7636450101ad3d0e14c4858334,Brave Earth (Tierra Valiente),8486.4251901171883,42,737.63756511174142
36,20,Regenerative Land Projects,0x76945c734d28cf8f332bb51bbdb57901b79d33bbeeb8eab6ef4a549c16742113,Koanga Institute River Block Regeneration,6267.9728854296873,30,671.51557097956538
36,20,Regenerative Land Projects,0x4ccf8804d9f2133cc18a656f244efddc9a9ed4faec65caa82d646176bf964c1c,Rifai Sicilia,7852.5816744921867,40,381.32612938433886
36,20,Regenerative Land Projects,0x54c2c0539050cca13309d10cef90fb2c0e0913c27fd57a9d1919c8c7bbab5341,The Learning Environment,4718.5424114843745,22,596.24497552216053
31,20,OpenCivics Consortium Round 02,0xed83c3862a2928a20dac51928d2de9c8dead813731783937cc179b239dc08f20,The River Dôn Project,2122.6240044140627,45,108.76585661992431
31,20,OpenCivics Consortium Round 02,0xf04375d5436b6ebd12ebf23aa0f3fa6d47bc2519a432cb053641e0a84e527bde,Urbánika's bus: Circular Economy + Urban Governance,7019.351510132813,113,2003.5205418244004
31,20,OpenCivics Consortium Round 02,0xf962fb7679660f96e137e9ae12b0962bf6079d40ff18befecf9246ab2111bc30,Bloom Network,5518.228116375,82,370.25524029880762
31,20,OpenCivics Consortium Round 02,0x7e2f8282fb470955338fe9e0545ad1fa935164e6409d09eb52bee74bb4532b82,Ethereal Forest,10565.24625,163,3677.5862891457509
31,20,OpenCivics Consortium Round 02,0xb30e9a03fe9391b289331bc8d4f3ad6aa31db301447025f92b8275bc88d447f9,VoiceDeck: A Marketplace for Journalism Impact Certificates,5820.3281263359377,65,1021.3811819925904
31,20,OpenCivics Consortium Round 02,0x27d94802dff9d12c26e65c301ec9e9df5df5e604baa9e93e907022586164c2e0,Protopian Civic Futures - Tales from regen·era,1112.388364546875,32,48.160810649394989
31,20,OpenCivics Consortium Round 02,0xd6b99917918d540e971896ee89002dd90e0c670364262348c11454050ea462a1,Mycelial Civic Knowledge Networks,5197.8370238437492,82,338.24477673694491
31,20,OpenCivics Consortium Round 02,0x73d99d45ca3d754822e418612990373419a0bd0f9286c4f36c850116ae0a594b,CitizenLab,3480.7203770625,81,239.6850598230958
31,20,OpenCivics Consortium Round 02,0x007b7cfcdf7852dae4e5dd4b11797e23df776319177a305ad430f065a433bc52,Metagov,6098.52426665625,87,333.94198366254568
31,20,OpenCivics Consortium Round 02,0x6dc4d99c908836a7036a9798a8add51b4ff73c6c40b28b5a9191aca76342e5ec,Common Agency,1779.7157308125,38,108.77416718006134
31,20,OpenCivics Consortium Round 02,0x0ef155221ad4fad0c6f781381d51c9b4622e3a2085253c3217fa73e96913972e,Exploring Post-Capitalist Crypto Pathways,3830.4960607265625,49,416.95629446208477
31,20,OpenCivics Consortium Round 02,0xd46a98369340e6ee168b9edec15b34b6f9ffd7b88e19c3afba539df3ecd29f5e,AgroforestDAO april 2024,3053.7523629843749,60,141.23493079841137
31,20,OpenCivics Consortium Round 02,0x83323d2b07f181127b0032a65462a1518fd891e249301e9cc2a6be2713754166,Self-Governance Commons,1761.3586154531249,50,75.383059311658144
31,20,OpenCivics Consortium Round 02,0x693bb5206efa58fd6fa67eb4bf604797920624b072fea4fba78b21750b41e8c0,Moos: A Berlin hub for reimagining our cities,5863.9097671171876,56,1256.1257328640204
31,20,OpenCivics Consortium Round 02,0xa66ab5d8fc16f7557d87409ec39b4a8cbecf8194fab205950000cd50f924130f,Crossroads,1167.5917762031249,33,58.285057051107287
31,20,OpenCivics Consortium Round 02,0xb10a6fb2824e4f0d9908301fc87fc536aeeec7db5401729eed6e365dff68b614,Collaborative Evolutionary Protocol for the Design Science Studio,1640.1884475234374,26,77.040150925517082
29,20,Climate Round,0xb4e3ccc9755a3c2b575099e1559fdafe52a770d177b24f0b87121354aa4beff3,WEB3BEACH - BRINGING ENVIRONMENTAL IMPACT ONCHAIN,0.0,394,2116.1702734183173
29,20,Climate Round,0xbec2190bb266f506908c21cc0efdc5e9a422b40ea71db9f76504ca33451a99ca,DeFood: Decentralized Food Security Network (DFSN),0.0,30,115.14453186281025
29,20,Climate Round,0xc1e86a4d9a8eb9f823bbc62641269661873a0f6f727edcef89d032fa991edf84,xParametric,0.0,226,1080.1096386760473
29,20,Climate Round,0xc3c6ef34518fb60419c0d9fca07bd7987796030206532f8bce7c405d46ed911a,The Clean Wave,0.0,46,506.7720754891634
29,20,Climate Round,0xc72a6530a63d143e90097ce0d0235a0401699ff48ed55223b9e4c0a8882beb9f,Oxygenchain,0.0,156,2202.9319041110575
29,20,Climate Round,0xcf2f9a1c8a096c08972a1749c63c7ef1a7706bf79ad9b189643ce5750199cdb7,ReFi Phangan,0.0,110,1023.639646647498
29,20,Climate Round,0xcf6d018a19dd675cb222bb7c697ee1868957f2e2eb0670e4851fb6206d3828cf,Earthist Seeds for Regeneration,0.0,80,825.75474295858294
29,20,Climate Round,0xd0bf5c34c2289e2a4cfcd1b2d350c947d2f0eff8eacf7a962fac38d7ab9ffbf4,"Tulum’s Tomorrow, Accelerating the Regenaissance with ReFi Tulum",0.0,77,665.94322711665245
29,20,Climate Round,0xd8002bc4fc8ac73953863df2f0efe2eaa8205eb8406539728f2d2b1a4983176c,Landia,0.0,34,96.1615807997814
29,20,Climate Round,0xdeaadc6993b644f4eb46e3cc5c190650039b31e477133484d150a243f4342bb4,Switch Electric,0.0,37,125.91452610678971
29,20,Climate Round,0xe1f0c8674cb3acfe26fc6e9d5b0c1baae8029b7e7d2d4b1dad33264d5e12a739,RWA x Public Goods | BASIN,0.0,75,418.0632481935254
29,20,Climate Round,0xeafbd4ce5ff11f1d3851bfcb7a79d8a1e7c8de6d80cdd63af6aa10c0146a9ef6,Ekonavi,0.0,61,211.92469456233084
29,20,Climate Round,0xf03ecf818b31a697b488372813bea83b3c1366f85ffa73416a041154c4246d91,Bigfoot Beach Clean Ups and Turtle Nest Care,0.0,25,253.81246567890048
29,20,Climate Round,0xf248e1f4b9930b1908002a7cf90ff8a294a8d2ccc2372a8dd48062e6d43e7219,$EARTH,0.0,156,1671.7566598560661
29,20,Climate Round,0xf5b7e3c70c0c255d60a6aaf4057966d65267987e49cc9648a1a1ba35aaf02d9c,Adopt a Tree,0.0,39,582.76443472900428
29,20,Climate Round,0xf60b8d2bb41d07d4e145226cf02a97e3ce65dcef95414498c0b6b6c25272e664,La Madriguera,0.0,77,919.05137132294476
29,20,Climate Round,0xf962fb7679660f96e137e9ae12b0962bf6079d40ff18befecf9246ab2111bc30,Bloom Network,0.0,83,473.56487797945738
29,20,Climate Round,0x45135b37a1739bb28198463f805ae7a9e5f659c50378c5833e45df47d85b1771,Elephant in the Room Strategic Climate Solutions,0.0,46,165.32630372047424
29,20,Climate Round,0x4520f6b610af56dd9fb1aa85b560c5d460412285032dfbb90a47656ebc08d0b1,Kolektivo Network,0.0,68,235.89322845637798
29,20,Climate Round,0x4ccf8804d9f2133cc18a656f244efddc9a9ed4faec65caa82d646176bf964c1c,Rifai Sicilia,0.0,49,148.02559573948383
29,20,Climate Round,0x5b8cdeb0c391a5c9d3dd2574edbb90a00b14693c869df755f1ea04990b43650a,ReFi Medellín - First Colombian Node of ReFiDAO responsible for promoting ReFi projects in Medellín.,0.0,115,488.70772290851983
29,20,Climate Round,0x5bdd34034f33b75b06b92a3262ff0ed4a565a4fca448138c5469fdb3a27469ee,Azos Labs,0.0,177,234.13426568703289
29,20,Climate Round,0x64ec33ea75d923f16108e254aac844809547103df37c86af65e7a58bc7091e77,♻️ Litter Token ($LTK) - We pay people to pick up litter 🚮,0.0,118,296.19255776703358
29,20,Climate Round,0x6649852db5092781fa9c7d42577609e9c45480db4c59966639df7f865471b349,Atlantis,0.0,193,1771.9104916583747
29,20,Climate Round,0x6772894002b3179b06764e56a71bd5173859726b9467942fd02f3dee5f218e9d,"Ocean Sole Beach Clean Ups, Turtle Protection, Tree Planting & Youth Education",0.0,33,263.60516530275345
29,20,Climate Round,0x6a53c9b3df6582f1983a17a44a81caa10b4eefa18e41e47b8f5017742738c133,RefiBogota,0.0,58,185.003627628088
29,20,Climate Round,0x6a65921c2c98c69a338db889d0212b1ccc7f0b5251c27df7d4a0fc745e85685c,Senda Verde Animal Refuge:  On a Mission to Rewild or Perish,0.0,35,168.11269166879356
29,20,Climate Round,0x74965e6ddf84caa8f5fa121bf1df71e6b2696343a92b6700cfb34576e9fc7dc6,gainforest,0.0,131,504.60145950899459
29,20,Climate Round,0x75d76ab68de373315c092213ae4e89cda0b3f420e95c6b3802566f09d8617c9b,Solarpunk Nomads: new vehicles and first land based project in Italy,0.0,184,547.14422499667853
29,20,Climate Round,0x8a6f61ae514f4c84930307d774d9936c82210b94ce16a1fe2727e89ee37e827e,FORK FOREST,0.0,80,119.21508339513093
29,20,Climate Round,0x905c32755d69e06338d7433c05ac660815b5b9a0eda869912afcbfc9bd7ba342,Beyond Fossil Fuels - Supporting Indigenous legal efforts to STOP fossil fuel infrastructure,0.0,26,65.424546621739864
29,20,Climate Round,0x91a510100a3d0513e9e309dc19fe1177216d52e036a16b760e58f53e817df2f3,Education and climate change initiative,0.0,76,195.28000891790725
29,20,Climate Round,0xa1045d6ee7e4473eb9105330ce5039f4e0d23c98da876b931b5dccea12e337fc,"PROJECT FOR ECO – RESTORATION AND WOMEN EMPOWERMENT  THROUGH SUSTAINABLE AGRICULTURAL DEVELOPMENT   (A project for Climate Solution, Sustainable environmental protection  and Women empowerment through Self-Help groups )",0.0,24,171.97573745064437
29,20,Climate Round,0xa29585e10628a908fe384fcab7af2fb91283f07820fc54351eeb64aa3e1dec4f,Earth Commons,0.0,122,566.31822369341216
29,20,Climate Round,0xbb40615d41a8e96d3f4f129fd7cdef3072da5214a0f0a0a3e1c311e28bfa8197,Wild Sherpas DAO,0.0,19,34.173272786661983
29,20,Climate Round,0xc0bc9c8b1b3348c76c281317d1df4eddbc170791a683097b9286fcc31e435fe5,"GreenPill Ottawa x RootedLABs : Climate, Agriculture, Open Source Tooling",0.0,52,321.67185503058136
29,20,Climate Round,0xc5fe850e84ec741868ee9e3d393dc0a361781d68a8bcc00dd602ce370795b33e,KOKO DAO saving forests in Colombia,0.0,105,1128.9868504386395
29,20,Climate Round,0xcc5455d8d9b64ad3c7130f76ea9530b955902fa2289f465d39aa0d6db7a2354a,EarthRevive | Sustainable Communities,0.0,25,269.69726845808327
29,20,Climate Round,0xd46a98369340e6ee168b9edec15b34b6f9ffd7b88e19c3afba539df3ecd29f5e,AgroforestDAO april 2024,0.0,89,165.75883862935007
29,20,Climate Round,0xe299073a433276dacb7e9bd6549d34d8fd73964c928f872204abd9b744237acb,One Sky Collective,0.0,201,4231.2376830466092
29,20,Climate Round,0xeb0ad1eafddaac3e159f18f3e9b9d1ffbda54b716307a4cb6ccf29ec994aa626,Bionomix,0.0,20,29.253428874537349
29,20,Climate Round,0xf988f83bf7527d81b43561856ef292e3320d5569bd03fe900db42043377e2a13,ReFi Atlántico 🌊 | Incubation 🌱🌴,0.0,35,66.290952621027827
29,20,Climate Round,0x03cee4cc4ea05ad87930d5f5aaa0d25e7c6ab2098fa0efee8eb02fdcfaf1f86e,NGO Cosmos for Humanity | C4H,0.0,35,156.42795254872181
29,20,Climate Round,0x0a0512c48ef50e06c0c2f0ad5cef5869e86ca9a9aab145320bdbe2efab00cce4,Save the Last Savanna Elephants of DRC: A Collaring Mission,0.0,34,75.3540530204773
29,20,Climate Round,0x100a4400f5ce9f82037bc377f2abc7d2f58034659343bc8c4847da61213590ae,That Weird Plant Guy,0.0,31,251.38565021939576
29,20,Climate Round,0x10a09f44f2a9b51d3a52f14478b4f672cf721fde25914e31fae5e03a9d82ace5,Fundación Salva Terra,0.0,42,524.2458723783493
29,20,Climate Round,0x1249835eaab22b2d2fd7f34556a20cae9cfd902f56c54789730081e6996ed012,Astral,0.0,250,7218.771626573056
29,20,Climate Round,0x15c5e4db5530e05216abc9484025e2f1c4fb55b8525d29ef38fde237e767e324,ReFi DAO - A Network Society to Regenerate Earth. ✨ 🌱,0.0,103,403.77053716778755
29,20,Climate Round,0x1624d9ed58fc2ae13839376a3e2339f88ededb3e0dcb128ba85e9dcc7640387d,Carbon Counting Club,0.0,71,514.94820534687551
29,20,Climate Round,0x183f13028588a3e6082d6642b52d4829823720efd1e5bc973856c406f1299b66,Silvi,0.0,140,756.21102794446051
29,20,Climate Round,0x1a49a4b00de15fd6ca8be131a7eb0ee5d7d0c6bd7cd6697373e6c451fe49ebe3,ReFiTanzania,0.0,44,80.781737858429551
29,20,Climate Round,0x1c69bc5829750227aef0a11303218f38b5cc2840041259a5fb0b8c15fe0c403c,Grassroots Economics,0.0,67,650.04624223522842
29,20,Climate Round,0x21e2e9ae71dbea83753eb3f8d5e15750ea204fc6ef7af85f508003640a6c8425,The LEAF Charity,0.0,35,832.51245582848787
29,20,Climate Round,0x23e17f56696f864442919fafb4c3f5c24e0f85dfe46464bdd923695d8761039d,RegenBuild 🏡,0.0,65,425.9353413078934
29,20,Climate Round,0x2c5b8e4b1f54a179fee93a010b917105cecf9bb378bd73f0005053608ed96e4c,Public Optimism,0.0,82,145.13322046212852
29,20,Climate Round,0x2dba2c7bc6808c3044841a2ba9291aba31da728d0572b2023ec20edd68f01550,"Mi Costa De Oro, Autonomous and Regenerative Community Rooted in Action (Venezuela)",0.0,41,267.82080339021923
29,20,Climate Round,0x303a50ca195b06eacf87e36267a7f4cb26cc715b898a35c908fbeca00a384895,Pollen Buzz Initiative,0.0,62,302.56520800665021
29,20,Climate Round,0x38e083646077d4b22d7623035b4a4b596084aba92737489373d84d45c5f55fd2,ReFi Generation Podcast,0.0,40,95.753269419074059
29,20,Climate Round,0x41dab7893a43e46f9d53d04a668e62ce6ea4b51ec66a8392f36d6cc2d705379e,Aluxes 🌴,0.0,60,126.22548792202087
29,20,Climate Round,0x4e0432f2f8d650b84b312b01044d4d1674b22fc78fe7f5c1d0ab4228df580a60,Krishi Unnati,0.0,26,60.08733752835542
29,20,Climate Round,0x662b4534f8c40a04469ac8ac3fc4728c4a450e5166aa7c22a28a3b54cc27e830,Regens Unite - Bridging Climate Solutions with Events & Media,0.0,113,509.8200535774231
29,20,Climate Round,0x723cc5030d00aeb9b7fb3bc9e5b79cd06032c7e19a5b994185b84bf5e7fe9a0e,Sovereign Nature Initiative — Triggering Nature-Positive Funding One Asset at a Time,0.0,47,179.72344604600221
29,20,Climate Round,0x7e215e52873adcf476ab86f5f66282a87740c8a90fde4991cbeec376530ef242,GreenPill Brasil,0.0,53,348.92365926504135
29,20,Climate Round,0x8991371ae6879b44257ff36116d7332917450cf7535d75d07495a709e1287dbc,Barichara Regeneration Fund – Prototyping a Bioregional Regenerative Economy,0.0,66,510.393501249142
29,20,Climate Round,0x8fa25f0a0fcdea118c0f78b2c2b095a94f33586ea3fcd19deaece682e19af527,Ethereum Bolivia's Climate Impact Initiative: Driving Sustainable Change,0.0,48,91.888486011288478
29,20,Climate Round,0x9393b3fb836d3eb041050bbc31351898e2ce7e20e597e56ffb0fe54b38fc5143,Coral Connect🪸,0.0,51,255.5759258819744
29,20,Climate Round,0x9a9bf18e75f74712afef59bb5acf4d042dc099b9b68145a2e1c4f77ae7660701,Kokonut Network; Perpetual Value Ecosystem,0.0,140,786.77149857271525
29,20,Climate Round,0x9d6ac1def934c96999f133aa1b7729c8b979d083be12e74bdb1400ceaa9616ab,GreenChain,0.0,73,111.26601370703429
29,20,Climate Round,0xaf6d1181b1b33891fdefa77b6d4f9294bdf71eaae26ebb2d56fe24371e6e1a45,ReFi Lagos (#projectOlókun),0.0,59,105.56890224571634
29,20,Climate Round,0xb1875c2977fa60f2d2cd23615ed4983b18c9d6866ffa18866e54ed1129ef8b69,Digital Green Bonds with Aetlas Protocol,0.0,9,22.569865584373474
29,20,Climate Round,0xbd2c80c53ce00c4e3030b4c2795a7908b6e9dec25c81316e6ca2a7a85f0f3380,Kawagumba Village Community Farming project,0.0,56,735.77467908617109
29,20,Climate Round,0xcdaf0ef4764a4caf495d480f9c993069a704c3ee13e1167e95a260b01f20c91b,WeRa Global,0.0,7,7.3361315131187439
29,20,Climate Round,0xd97c026722b8809b5d000ed2dde2ff4cfa6bb228ef53e6905d8624b0bfe0431a,♻️ #GigsGoGreen - a movement for Gig Workers (initially Uber / Lyft / rideshare app drivers),0.0,30,71.805169119202219
29,20,Climate Round,0xf950b4748fc24df033c021936537a037929a635d3933072f5877b83df0dfddb3,$REGEN Tokenomics DAO,0.0,137,395.15928164310753
29,20,Climate Round,0x0d4fba70725f7e82c4b4ba4928c5a8db400d58f410dc05661705ab8a519346b3,The Aquapurge Project,0.0,97,266.717757165432
29,20,Climate Round,0x263474aad8245ae6ff7825c7c2495ef6aba6e0b24aaa15c1c7c33fd069aa553b,Change Code,0.0,102,1036.2998831446143
29,20,Climate Round,0x2db542e4fe715b77870a8ac6a4b40bde7037fd21e461799f8db62d83d07c96e4,Mycelia : Indigenous & Web3,0.0,106,390.99016579985619
29,20,Climate Round,0x36a530582e4d0c2cbb84e172575e2742211ce7c9890e74c0316c57e0af5b2f7a,Solarpunkverse,0.0,106,567.659301334992
29,20,Climate Round,0x46d86f846689244e2b1601a3a8ec3b9cb430e76fc12436225159ebdbd09de327,dMeter,0.0,42,213.3991111535579
29,20,Climate Round,0x633c9014e787f577a32499e9aff92e5e04523e9728907a4e7a0fe7f493389a38,El chico de las plantas,0.0,51,367.10096889757551
29,20,Climate Round,0x6cc1d908e4758f34ac66e648496a30862d830320cc40726325f6a3fe62c5d9c5,MesoReefDAO - Regenerating Reef Conservation with DeSci Web3 tools,0.0,57,113.74946401827037
29,20,Climate Round,0x7598334f0ab22bcd1942d8647a132a9f801855ce2abb0fbf34f93f49e2949d88,Helios - High Impact Solar in Emerging Markets,0.0,85,367.68411793746054
29,20,Climate Round,0xfe410698ddf0d40dd03a3c739ba17017f7da0ed5aeeb2a600456fd8bb1b504aa,Ogallala Life,0.0,62,584.421502393373
29,20,Climate Round,0x246a3d94334299a94fdc760723bcaa400e1c484a4ee65aa48aefc7d47d43a2d6,regrò,0.0,30,60.866419935598969
29,20,Climate Round,0x29bbe7372ea6bed0795f1bd79b3f3c3fb8a8495a694484ed85c7ef0961b9dcc2,Ecothailand Foundation.,0.0,33,66.079717800021172
29,20,Climate Round,0x41f7c7be06b4031f5c45e4a62e18616fcf2628d1cd375b5d27fcc3e81758e480,Drivyx ESG,0.0,47,81.599846318698837
29,20,Climate Round,0x4dcebba7be9ee6c0faa15fae4a00e33934bde5cae2515769bd2e0a90b08dc2d9,"Ayowecca Uganda: Training rural farmers & indigenous communities on regenerative agriculture, providing women & girls with new skills for economic empowerment, and planting fruit trees in schools, health centers & churches.",0.0,83,241.09257030766457
29,20,Climate Round,0x6a137a9592c503b53957f27ddd8ebb0d6d227873a789cc296de6151bab6a92c2,Wasset,0.0,91,568.58284962177277
29,20,Climate Round,0x7d858c047077e7699dbf9e2593c928fee0ad5a6397adc7c094e287fa0c33d1cf,🌻 Sunflower EcoTech 🌻,0.0,65,305.84140197024681
29,20,Climate Round,0x8df86b937201256aaa09bdac39b8d86e832a51b40a5c578704afefae1c46598e,River Cleanup,0.0,69,311.95388355751584
29,20,Climate Round,0x8e77cf4c68dce689e489b9373427f1070dbdcd76fc16fd690e647745f4dba750,GoodDollar,0.0,128,734.19564069621265
29,20,Climate Round,0x915afe8f908b671dccd3b681318303e32a352973e9c29ea8df22ed980eb9e5c0,The Solar Foundation ☀️ Decentralized solar energy for underserved communities ☀️,0.0,119,635.74832764454186
29,20,Climate Round,0xb74b54dcd26e8ea7d70f2cc43535572660622f891b81405fb269e020b08f9805,Greenpill Kenya Climate Round.,0.0,54,186.42194368381115
29,20,Climate Round,0xd3eea83c50c17b18c229976be0c1b8d70e756c34978ba5c23b8d3309c662b358,Indigenous Bio-cultural Ecocredit Development,0.0,50,610.43057643063366
29,20,Climate Round,0xd86651f2522a135c8d8bf0f41beaa399b85c20628393f57102d87e9ddc233cd3,Monthly Earth Day by Crypto Whales/Highly Artistic,0.0,38,66.083638014271855
29,20,Climate Round,0x4f6eb9fb55896fb7821d75ff7809742a246db9b7550d0c7d56aea87e2dc81b9b,Blockchain CO2e Emissions Calculator,0.0,103,1005.6742734462023
29,20,Climate Round,0xcb039ab2ad9079b6689652e0fd8eb242bee672a22f1b4916edd24cd8f3d93a44,Bangalore Microgreens,0.0,34,204.4087587594986
29,20,Climate Round,0xf5769940e0ababf33bbcb81a056e0ff3a59bc84c80f1807ded68c3dd98e6afc1,ReFi Mexico - Climate Action Marketplace🌱,0.0,51,229.44533711671829
29,20,Climate Round,0x0d92329fb21834476c62e04bd99b81f539c5086f4481f98c0ca899519abf4c27,Regenerative Living Immersion Camp for Youth at Tryon Life Community Farm in Portland,0.0,15,64.755488177761436
29,20,Climate Round,0x1f506597522a391b7a17c340bfe38611e2fc33117258162a7e83f44ddf1a989a,Endangered Tokens: NRWA Tokenization - Invest in nature's scarcest resources,0.0,79,2052.9980015400797
29,20,Climate Round,0x22104344ca642f47895d03a161740b9de97f326a70544febc415242dca6bcbb6,Ama Earth Group — 🪶 Indigenous Climate Action Company + 💻 Climate Tech Platform to fight Climate Change,0.0,24,195.17187283211388
29,20,Climate Round,0x6a10904eb40d73ad7db6807abc680848f31c0f08c9efebd3ab416282f767a1f8,Trusted Seed: A value-driven community advancing Regen Economies,0.0,70,238.75502331368625
29,20,Climate Round,0x951b566b0e5e82fd2197c5bf6ec78f74d42dcaa0936b29c433691c1ff3d59439,Raitha Mithra,0.0,19,51.379156172275543
29,20,Climate Round,0xb28e9067dda0b9bc450faced1972c3e7564272d4341595956644aee5e3a3631b,Comrades to Youths Africa: E-shule Project,0.0,35,228.53560383308741
29,20,Climate Round,0x431f995c71b6de74d80220d312652212d835429cd5ad82687e004a2bb217365d,RegenerateDRC: Revitalizing the Congo Basin and Empowering Communities for Environmental Restoration,0.0,20,40.9531700508669
29,20,Climate Round,0x7b12180a822e1a85beb19c89cd94f8e209251d9e8075599a1d4ed312cbf3342c,Tokyo River Friends,0.0,36,280.95836222171783
29,20,Climate Round,0x9f03fa925e2044852d7a21b2d7eaad7a28df435e4e3387781aa9d79f5305aaee,Traditional Dream Factory - the first web3 powered regenerative village - is investing in biochar-producing infrastructure,0.0,76,331.98638184554875
29,20,Climate Round,0xaa4a0f962e8f49acda10bb69df14a700d8f647410124f51357b02a0497ac6fd3,DCarbon,0.0,26,57.27896243147552
29,20,Climate Round,0xffa9d4af218d431061cc026fbb34dde8f8d908dc920bddea206bb47a73270735,DeCO2Risk,0.0,9,47.332990240305662
29,20,Climate Round,0x2cee4948820e3ebd72f89d37415e387f0af306716122edcb8dcf6d12e65ec249,ReCommon,0.0,36,133.15353632112965
29,20,Climate Round,0x477bf1a2cdb6df5704cebcea33250881a9eb8cb18f4e0d771cbfd10995117df7,Geltonas.tech || Automated eco-label powered by satellite data,0.0,89,168.5985201317817
29,20,Climate Round,0xa22b1284313947ace7fef43e6841e9eb496a5eab6d4b73c9459908c0c232828a,Vivero: Nurturing Land Stewardship Projects through Community Directed Giving,0.0,24,151.95616966672242
29,20,Climate Round,0xa5605a033b6eb7976ef02f21e09b9f2019ca6d9dc8d46081ea20d24125c0767e,R3WILD,0.0,40,81.4430240392685
29,20,Climate Round,0x7219de25b5bf3d8a3edee053d87de4ecd15f38dd5f726c96c642f6976e5fe5e5,EcoVision - Honduras,0.0,22,78.345381498336792
29,20,Climate Round,0x7ce8a059278fa62aaf80f039aa118abef2a72672676aa461c59a618411b34c5f,Sintrop - Decentralized Nature Regeneration System,0.0,12,29.687008142471313
29,20,Climate Round,0x17bb7c426f760e60c9558814390549790f5c467d85621c76e8c685833a3aaeee,Universal One International Academy x GreenPill Mexico: Restoring The Yucatec Mayan Jungle,0.0,19,25.610972724854946
29,20,Climate Round,0x1ef5300b7aa9bf02701085ad325d697208d8a6e35b7ede2a02f6b709f8e8f666,Towards Symbiocracy,0.0,27,50.6239365084848
29,20,Climate Round,0x22df7f5350273589b8f51c44eed5e0aaef73825e66ce67c8dea7b5b7c242dc10,SeaBrick by Kelp Island,0.0,28,105.97803734429181
29,20,Climate Round,0x3b9582d06478b41cbffa15754914b47f5c9715148f5fb583d702cf7b84ae8494,The Carbon Games: CurbCO2,0.0,20,25.512397915124893
29,20,Climate Round,0xf60f7f35a84d3bf38de7de981e56539cfc090573427ecd4d881647ba21704cfd,LexDAO,0.0,41,190.98941852338612
29,20,Climate Round,0xfab8cbc51e1bbc3959354f49184016831a7b5558f44f23a4f18ba19dc90a9a18,Sustainable Heating with Compute Power,0.0,8,18.019993068650365
29,20,Climate Round,0xfef7a9a546ca3d7ba115e8e3a3d3d77c2f2ac361d1677a5f3c0467299ed818b1,Green Planet Conservation Initiative,0.0,32,105.97355329990387
29,20,Climate Round,0xda6fabf3ccce8502667cc73f3cd164b748fc316d6e76e97872929ac1ace32d76,ECOTA Web3 Carbon Dashboard,0.0,28,308.89415262639523
29,20,Climate Round,0x965d6e0a0a7d0be9c6a3c7b5c42961e9bc735f17516ecc7e8fe7f170d267e73f,Sunrise Stake,0.0,30,175.58194111287594
29,20,Climate Round,0x3caef6852c9d963611a82394601cc37f14d5e8f596fa07fc0f371e6a4e19c925,VinQ: Decentralized co-creation community for regenerative viticulture,0.0,20,38.03213787288405
29,20,Climate Round,0x7cb4ce04d7f5967b19be3deba6ae25fc9c64607f10381b57f5a0ac238c8f8e6b,Climate Emergency Centers,0.0,15,30.967837927863002
29,20,Climate Round,0x2de43b20bdeac1e2d4411fb6a90c8cca2abb79a517bbde30f45763bfa846a35b,ALTERNUN,0.0,41,205.82884220778942
29,20,Climate Round,0x58de0ed6c39ca280ee33afd3437cc762091d3355f4ebec6401518f157135e56b,The Ecofrontiers Regen Atlas 🌱,0.0,39,313.41443697270006
29,20,Climate Round,0x07f8aa11d47140937fb0b44cc476d7f0c9189d5fa6e272675a4c704952ac87bf,S33D,0.0,10,10.750601647421718
28,20,Hypercerts Ecosystem Round,0xc40ec80fa730472b3584b2da1ed3e43c26b494d8b384d6f12ab761e9d83ad82c,Armitage,764.5579138125,24,94.304733216762543
28,20,Hypercerts Ecosystem Round,0xdd4514234a4a580bef1e77014b94078bf609397f69c4fa230a579267daa64e6c,Change Code,3438.5314459218753,49,913.08340448606759
28,20,Hypercerts Ecosystem Round,0xf72c6aab6feb4b90925e37a81edf5d1307484f6fc226bd38228dc36f9fb7f368,Hyperstaker,1257.550230375,68,273.05418160434874
28,20,Hypercerts Ecosystem Round,0x46d86f846689244e2b1601a3a8ec3b9cb430e76fc12436225159ebdbd09de327,dMeter,511.7044336875,20,33.038078755140305
28,20,Hypercerts Ecosystem Round,0x4bee2a4a611c0e0445b895bca05dac8ee2ff53ad39f7153317d806b909f7aedf,$EARTH - Hypercerts,2666.176816640625,48,584.26709615439177
28,20,Hypercerts Ecosystem Round,0x6649852db5092781fa9c7d42577609e9c45480db4c59966639df7f865471b349,Atlantis,4075.4631249843751,105,953.21211917698383
28,20,Hypercerts Ecosystem Round,0x8813aff1bd816e199009b7d6a0c36a6a7cfcbb756c9d1c1d9e875b51618e99ee,HPGF Ecosystem Support Machine,1147.0167949218751,36,165.04671150445938
28,20,Hypercerts Ecosystem Round,0x9b67ebabd1fb31052c6d2afe25306f762673c8aaeec06c1416c266b8501b23f1,viaPrize,906.45813534375009,23,142.50719983007821
28,20,Hypercerts Ecosystem Round,0xc4ae098ab87c392a917945f829ecccd131e7da9b3cbf24d2366ecc2efc0f3b02,Hyperfiles,1258.8096997968751,24,97.760189450048529
28,20,Hypercerts Ecosystem Round,0xc8c5178eed377c6d1a4b854f24a077eec5ae8e8741715564f4edbe81437bbd4d,Proof of Philanthropy: A Verifiable Giving Pledge for the Modern Age,1914.8133443906249,74,289.98851610906422
28,20,Hypercerts Ecosystem Round,0x6cc1d908e4758f34ac66e648496a30862d830320cc40726325f6a3fe62c5d9c5,MesoReefDAO - Regenerating Reef Conservation with DeSci Web3 tools,1986.5431267031249,23,110.56067787855864
28,20,Hypercerts Ecosystem Round,0x90124ec9f01e2e11394323b2d96c0dac3f52ae14b2c8d06b5d3067650e200bfb,ReFi DAO - Pioneering Hypercerts in Regenerative Finance,2975.58647128125,60,316.19409984350204
28,20,Hypercerts Ecosystem Round,0x9e1d010a731a0224ec52ec2e1a867c39076bf0d5004bd10ac34a35d2ad069986,GreenPill Network x GPN Dev Guild,1686.00973275,29,84.122081458568573
28,20,Hypercerts Ecosystem Round,0xe63a1f25e36c53602789fa81aa3e56aa83197de22332ba728de9dcc455908296,DWeb Camp 2024,767.616625265625,18,73.914458215236664
28,20,Hypercerts Ecosystem Round,0x25a43d04c7c8d864086a0341702d578ea50f0a8b79dc78b4cbcf483f5a63f748,Hypercert DevRel & Product Contributor Support,1211.429659640625,53,175.8927167057991
28,20,Hypercerts Ecosystem Round,0x44a2857f4786e248b09cc4c2b2c1e676f275d8bd179d55ea68f318f4f31c81aa,Sovereign Nature Initiative & Hypercerts – Catalysing Biodiversity Restoration through Proof of Ecological Contribution,1342.5344289843749,40,274.95771735783728
28,20,Hypercerts Ecosystem Round,0x4c737bd762efab713cb59971491fedd23d7fe7ff53d41002273ed9066a470468,AgroforestDAO in GG20,1653.9832245937498,38,108.51073779910803
28,20,Hypercerts Ecosystem Round,0x74965e6ddf84caa8f5fa121bf1df71e6b2696343a92b6700cfb34576e9fc7dc6,gainforest,1668.1972366406251,43,106.85742495086106
28,20,Hypercerts Ecosystem Round,0x04ba0b6fd1b47460a198576f6867b059f3f0a7f6888f9d2ad5ce1ca2b1193fa2,DeepVenture.io,847.68289565625,20,36.557518184185028
28,20,Hypercerts Ecosystem Round,0xb30e9a03fe9391b289331bc8d4f3ad6aa31db301447025f92b8275bc88d447f9,VoiceDeck: A Marketplace for Journalism Impact Certificates,3871.96885125,55,1745.2817636492482
28,20,Hypercerts Ecosystem Round,0x158ab8951774976a766c75367cc2995b796300ebb2212b4b8cf8ef9f2ffbd9a2,Funding the Commons,3531.1324357968751,84,368.9317952456704
28,20,Hypercerts Ecosystem Round,0x183f13028588a3e6082d6642b52d4829823720efd1e5bc973856c406f1299b66,Silvi,2796.0820912968752,47,287.64424591511488
28,20,Hypercerts Ecosystem Round,0x853ce6792e4299d171ab611ee83bddddac5675f9c51b13b41c67472aeda1c933,HYPERCHANGE,663.14063798437508,33,81.609390825033188
28,20,Hypercerts Ecosystem Round,0x2131cdd5fabcd97e0b391b729854f855511dd04da2b00180e8a1f955b89fdb3e,Blocktrend（區塊勢）,1150.0155316406251,68,398.78088139742613
28,20,Hypercerts Ecosystem Round,0x22016bd0c7432cd3b196656924e002560ef3b0b73d71595b421a6076f6c9c9f2,Spark | Deresy & Hyperminter,4657.99771996875,48,299.38410685088547
28,20,Hypercerts Ecosystem Round,0x3c5e8a6f32f2ec7db1a8b9010974cab910333abf5b2f0a9795c183ab2f6f4f0c,LiquiCert,1700.04382059375,17,146.5590580701828
28,20,Hypercerts Ecosystem Round,0xf60f7f35a84d3bf38de7de981e56539cfc090573427ecd4d881647ba21704cfd,LexDAO,1126.3255115625002,20,61.371185749769211
28,20,Hypercerts Ecosystem Round,0x9ba840826ae14ae16d15bdaa471dd9c33a1395268dc0332d71505443b2204dd9,PGF Ethereum México,1302.651230625,64,273.00441191717982
28,20,Hypercerts Ecosystem Round,0xa85846ff84be765917ff18d1302d7cbdc0acf225edcac0ecddd72d369dc804d6,NERD DAO: Decentralized Science and Web3 Innovation,870.413319984375,20,98.16158052533865
28,20,Hypercerts Ecosystem Round,0xbe8abb4339057333e8c9b6050015cd327325a4724049926334d6cda2e73da471,"SOLARPUNK GUILD, gamifying hypercerts for Guild Members impact assessment",1180.602646171875,29,61.652876406908035
28,20,Hypercerts Ecosystem Round,0xe1f0c8674cb3acfe26fc6e9d5b0c1baae8029b7e7d2d4b1dad33264d5e12a739,RWA x Public Goods | BASIN,973.2100147031249,33,62.276636987924576
28,20,Hypercerts Ecosystem Round,0x41f7c7be06b4031f5c45e4a62e18616fcf2628d1cd375b5d27fcc3e81758e480,Drivyx ESG,1206.1518830156251,21,54.646239452064037
28,20,Hypercerts Ecosystem Round,0x2c5b8e4b1f54a179fee93a010b917105cecf9bb378bd73f0005053608ed96e4c,Public Optimism,489.27388303125,12,20.074133962392807
28,20,Hypercerts Ecosystem Round,0xd7c02c60b8c8a909ed26dc7e9f06aebb4b27ceb0025b155e208994ea95673399,Bootstrapping hypercerts ecosystem dev | bitbeckers,965.173400296875,15,124.783795629628
28,20,Hypercerts Ecosystem Round,0x176b432bca05f1ef7224fc150592dc29a6ed22c5b0accffca2b4fc69beaf9adb,Formosa Guide of Hypercerts 《台灣超證指南》,1408.80651046875,32,174.71828260272741
27,20,Developer Tooling and Libraries,0xb41886ba1efb90342778b99e54257c26a58a723ac6820b1578a359824452044f,OrbitDB,3241.592389625,90,344.29306528035613
27,20,Developer Tooling and Libraries,0xc11db7eb428f262abb7e1e89f2f2a494581a7bb4f7de0df8278976ed7fb399eb,Gaslite,8267.542071,433,987.39229181937935
27,20,Developer Tooling and Libraries,0xcbb363783fddd273e8a74b9d05e9a96499c2c9cc83d1871fc5e52aa876d49316,ethers.js,29573.88148725,1145,3305.4835977563903
27,20,Developer Tooling and Libraries,0xcee95e78878f18a6e3c8de55b9fd8ea7ab17747037589461d3c542d84cd97baf,NacDB Distributed Database,1210.3221885,64,136.76896787621081
27,20,Developer Tooling and Libraries,0xcf11630dc86ab8f11b4da861f737540108c8a0b58c26b592c7734c1d67f2245e,The cadCAD Foundation,1650.8746765,69,140.87446144968271
27,20,Developer Tooling and Libraries,0xe80c011513c354bb3bec640feeb29104712c2bd20d172b6caac4aa52115efa4a,RoutineHub Web3 Services,3728.53457575,198,1744.7165965077002
27,20,Developer Tooling and Libraries,0xe81bec1db1a71473aaa482d44f142bdfc6717e36db537372040c8db414e90e78,variance,1738.566170375,63,107.57243521511555
27,20,Developer Tooling and Libraries,0x4a960782a3b8681844dfecd31dee6fcbbb06028493240b524e8fa1dab18b2b64,W3GPT,3228.4237011249998,180,1469.1652081590146
27,20,Developer Tooling and Libraries,0x4c8d716d67653b5aa14300221f05e19c96cde76fcf628fbf6fb92bb014839e64,Swiss-Knife.xyz,16482.409388,198,3090.5980273727328
27,20,Developer Tooling and Libraries,0x5103b62b44ea110b8f907fa57c2684a8a03962da5414f18dd63f680f861c57cb,Vue Dapp,4762.276623,683,965.53561228583567
27,20,Developer Tooling and Libraries,0x51e6a19e11caa5b107e61215a94d646a1d6209e0ecb4b9c4507e568040401142,Nexth - A Next.js + Ethereum starter kit,3797.6701903750004,114,339.10694517567754
27,20,Developer Tooling and Libraries,0x7bd8f08d99d1dfbd44e49fc8d3adbaba5f3d6d1d94ba5ad0ff3b2ec951b5c9a1,Otterscan,15877.24829375,425,1999.6685694336711
27,20,Developer Tooling and Libraries,0x7bf558208f0285780cad421dadcaf389feb91aa93fd2f8c217bbcca80b4f8eb4,Ronan/wighawag and Etherplay,1516.7934845,50,231.31366716232151
27,20,Developer Tooling and Libraries,0x7e1cb25f8531aa3ccd9f093ade213b00a9dea63ba303520892df624b0fe2a047,Wagmi,16175.33951525,654,1684.9981741497154
27,20,Developer Tooling and Libraries,0x7f38a40bd304060f713fc4209a6a743114a043b9c45db1f80be3866dbe5d5e74,EVMcrispr,2542.454745625,61,269.81024789065123
27,20,Developer Tooling and Libraries,0x894b0042307e276dd7220307a3322db396b1744bd1b9d686318cc7a5fdce59f0,ZK Email,12240.29596075,1185,2446.9142177602625
27,20,Developer Tooling and Libraries,0x95dec817fc4d981c441a79c61af27629b45d3192cfacf7b1f297a9e460e8c6fd,Scaffold-ETH2,11219.722602,467,1306.3029807076609
27,20,Developer Tooling and Libraries,0x9aba986e5a1628f7cad35a182c7b0e51011dd92219abbf990dba0e75773fb47d,"Blockscout Block Explorer - Decentralized, Open-Source, Transparent Block Explorer for All Chains",17664.897757625,738,2387.7676279907691
27,20,Developer Tooling and Libraries,0x9bb54ace45c582da521e15a373b137b21f541cb228301c059bc3e6917d9a6e9d,OpenZeppelin Contracts,23210.711346375,1617,4015.0067407018546
27,20,Developer Tooling and Libraries,0xa3817fe7f2dea260bbbec254bd464174433500969a89d3f8f227a3adca018436,Solady,15926.630875625,545,5413.5306387329474
27,20,Developer Tooling and Libraries,0xa5a2999319acd7439c06bf6535d38a605425a012e3aec90525ab8522ec400857,ethui,5776.2656375000006,96,446.17910802364349
27,20,Developer Tooling and Libraries,0x05a5d1739241a3665c57ff73c8222fcf4dcec7f4fdf02877b237bc42150152b0,Zk- Block | Tools for Zk & Web3 Dapps,8106.824213625,660,1202.0085289175622
27,20,Developer Tooling and Libraries,0x0685571a364d43f0c52de722141375d8d38e95c5354c564ac7f673d54e884f9a,Ape Framework,8616.213027875,143,833.354787520137
27,20,Developer Tooling and Libraries,0x1249835eaab22b2d2fd7f34556a20cae9cfd902f56c54789730081e6996ed012,Astral,8201.10005175,691,7369.53248455096
27,20,Developer Tooling and Libraries,0x1a14c192030f7ec9a872c320f1aef969730980f893cc94d836d37954862a8658,Blocknative,3978.73965725,193,422.90580870211124
27,20,Developer Tooling and Libraries,0x20dfd9a36a5713f967bbb578fc16de3a4fd97195c929ae5819929642de17d09b,web3.py,6389.8068062500006,244,1106.06944830034
27,20,Developer Tooling and Libraries,0x362c1b3aca1b441acfe30d5a5316cdcf43713bb5586d47b6f04a719552d89a4d,Web3.js,8439.3335982500012,214,710.25281792663509
27,20,Developer Tooling and Libraries,0x4e3274ad612859bee5b459a1bae8ec04f25c5d85df8eb430923bbd391f36e313,PLUME: Enabling Private Voting on Ethereum via ERC 7524,2108.78589025,83,143.77873281296343
27,20,Developer Tooling and Libraries,0x53d6a5cc5deee4a2d0f22c491c750ab521760ae0e25ab87dd1d028fc1b0a6a07,⚡ TurboETH,1594.00988525,55,130.95231808569224
27,20,Developer Tooling and Libraries,0x5e58c271f7eb7a36b9361b48f086949b6df0a464ce4c5d0a58a52267bae0240b,Morpheus,2330.25928775,91,584.44342216104269
27,20,Developer Tooling and Libraries,0x7f2586fce05d466c9fb3e509be56c02e0af6870f04209d5881c6d100534fec5d,Synpress,3120.0813093750003,86,217.86898581777177
27,20,Developer Tooling and Libraries,0x051b5bdc0d04a2732212f67e321a65bcecd89226f248d5d9ef2fe0855e5f584b,Viem,13275.2351615,207,1442.2711387276045
27,20,Developer Tooling and Libraries,0x0a842cd51dc64b95bf177d1d30e138535c10d5ae743489bc6b84465ba26fbdb8,Unlock Protocol,4830.813660875,211,492.80913019273839
27,20,Developer Tooling and Libraries,0x82bf0d1cd9a7bc7a7f61c6b996de8f268830380ccf3cfb9d67f07fa1b000826c,framelib,1480.28030275,75,146.74172966368496
27,20,Developer Tooling and Libraries,0xbe25f387e9a599ccf2cb0525a5e69be8704ac8e610fe7b26f32023c390fcc5c4,Iggy - Web3 Social Framework,2656.184328125,139,473.99014198352234
27,20,Developer Tooling and Libraries,0x257435829746bf8f6cb997ff6a9ebf3029e2a50eb7d29ec6dca7b9c9e6dd0e05,Solide Smart Contract Knowledge Hub,1102.877661875,54,83.868110291659832
27,20,Developer Tooling and Libraries,0x2fd12cb88cba8d832aaca4cfb55962a2adc78491132d388586b3f58afb1264e3,Open Source Observer,8785.31095975,190,771.96299382362577
27,20,Developer Tooling and Libraries,0x44eb49421b42a27fb781934866279d5603b6d2176d598c5d1372eca0073e34e9,Hyperledger Web3j,1790.3430592500001,58,150.92931083031
27,20,Developer Tooling and Libraries,0x6c8bb00824315c1746e42eefff4cfa9277079b509983976d495793c052ddd228,Web3stash Library,728.76719312500006,34,46.460503205657005
27,20,Developer Tooling and Libraries,0xf9de2d3e800d1a9cfda4b8d634b040c2bc5ebedff641b4e6f1e26df9e6bffa15,Loop Decoder,2774.702524625,73,234.65546654630452
27,20,Developer Tooling and Libraries,0x02dbcb903cf6fbbb5499a4fcd8c20eeb8a0ca3e870f10710dcd277b9c4f2b747,Kredeum NFTs Factory,624.914127,48,51.30351288523525
27,20,Developer Tooling and Libraries,0x0fd89d63362aeff73772911183115346ad8956f7a0b1e2783adb4004dbb1cf17,DappReader,842.49677562499994,61,72.462221659719944
27,20,Developer Tooling and Libraries,0xd7c59633ae4f1990215b4d937a69b7d548f3d4239fa6b69957a6945c061aeccb,simple-optimism-node Maintenance,788.9241565,50,146.73095081746578
27,20,Developer Tooling and Libraries,0x265eef16b4e1b9ce05e7a89fb9fe3d9c8ecf465822fdfeb4b8393dd2a6bc4a30,Pentacle,3327.48815325,58,343.17172861471772
27,20,Developer Tooling and Libraries,0xa1942e424a8d52990be544e3c5b7365a6020eafcb403ad06265764760d8a0a56,lazy-etherscan,798.202096125,58,89.558066986501217
27,20,Developer Tooling and Libraries,0xda9602c16090577afd33a6af76b18d4c711de8ee7d8d7081b6215523351d634e,Bonadocs,2757.343798875,53,180.82519560679793
26,20,Web3 Infrastructure,0xab3b35780a86f5ec610e911fe359e8cbbef9278b300e61826b1d11531d10cb62,ICDevs.org,162.812876,105,539.35923023475334
26,20,Web3 Infrastructure,0xb8250cf2858d886762b40ca69bba52b721ea454c03368b3c14fe8d0531690787,Dessage,269.658825875,90,131.41250508278608
26,20,Web3 Infrastructure,0xb98fbddebe785f9314d6fd9493b6fcf867235d000cbf0621ece321e8478ca130,Shielded Voting by Shutter Network,2544.250475875,371,745.91350273385706
26,20,Web3 Infrastructure,0xb9cc33471d7aa3eb5f52410d61029a80d2af3ea5da28a31aececd2d4053e04b8,libp2p General,1144.778034375,108,345.95766411226305
26,20,Web3 Infrastructure,0xbb1d90979d5a76457be64366c845853b41d0f849f51c6d3570c25c9d57036a5f,DefiLlama,29928.8375,6539,28073.70059570935
26,20,Web3 Infrastructure,0xbc050d095885e39831e4790bdf759c1a9042bf7be005d0a99b064fea7ee3a564,Wizard Bridge EVM,1424.911953375,228,494.04617144080112
26,20,Web3 Infrastructure,0xbe81c3716fb87ffc8f50493a99df7cded36513388f6cb9f68524a27c6a4b4bf6,Abundance Protocol,905.04804600000011,135,277.15582481725141
26,20,Web3 Infrastructure,0xbf7b996505e5e7055dd14122e4a59a521575da366f4b58d9f002dfde80879512,Silius  - ERC-4337 bundler,0.0,129,408.00583190098405
26,20,Web3 Infrastructure,0xc025b1a2704cca91f583adb6068a3fed5bc108011e93a9bf3096d54e88bc59d6,Ethereum Tag Service,4934.966015375,1055,2616.1572599356368
26,20,Web3 Infrastructure,0xc3addde14b0efcb8057b6d3b2ad3630bc9aa62f49c57cf8999a92cefbd32eff3,Gitcoin Grants Data Portal,5547.310030625,1014,2109.74578310047
26,20,Web3 Infrastructure,0xcaef5a0888b633cefc42d708d4b5df2601833fad281d157e4da21e11b8924bdb,Dappnode,16130.146970624999,2690,7210.0665008400447
26,20,Web3 Infrastructure,0xcc52492e46dbd2c54cdb936a81a470abfd16bf20f0733a8734a7da9c122cbf2d,Lighthouse by Sigma Prime,5205.2234180000005,362,1373.0677221172309
26,20,Web3 Infrastructure,0xcca3989883a39e5ceac10e7a29aba47ebeb6c6e051b78ad756553e426bf060be,IDENA,7359.8004296249992,2281,4189.8278222243753
26,20,Web3 Infrastructure,0xd046794292aa91ab772ee8c2c37f86e822d43cd8e129d4faa49ba93349a1d3fb,Umbra,17278.815753875,3066,9928.82592329324
26,20,Web3 Infrastructure,0xd56db049d31f03e6d63a598cf41242039a98230ee7e4f45bcffa2448f2d5832a,Epoch Protocol,1113.652043375,186,323.56525238207541
26,20,Web3 Infrastructure,0xd5e2e7dc17dc62eae20a87ba8e971d359e2c9a17053e8339b893ee66e4004cf2,Ethereum Attestation Service (EAS),15983.794955250001,2117,5958.5030167352
26,20,Web3 Infrastructure,0xd845717570eeff804e4be4916181d9570d8beac2e2932d05820821856b4c8af9,Ultimate Digits,732.95723037499988,252,732.90204626321793
26,20,Web3 Infrastructure,0xda6c5f867a3f9a5faf541b688cf094a24d0093e238847f49c3369e6e53650962,Supermajority.info,517.76888875,97,258.83378063589043
26,20,Web3 Infrastructure,0xdaf7588714a0008d7ee1fe317a87c80a6f64cb8881c016a1d87bc704eb3b115f,eth.limo,7026.6924682499994,659,2119.72955085805
26,20,Web3 Infrastructure,0xe084029d76ed3ac56650706b083845b0ffe786e9abb770f14c0a145381c32b2a,Opti.Domains | Scale ENS to OP,728.76719312500006,129,299.10601017993031
26,20,Web3 Infrastructure,0xe2b72e4c520b305d3693b4b0c52d8279c9648121bd3c73157549e097ffa7622f,Proof of passport,3729.432440875,787,2184.6861653180749
26,20,Web3 Infrastructure,0xe955bf7fdaaa527fdb72eeaeab78fd0be4b3acc51778471a0b394b2221fcb8cf,MiniBridge,11591.43876375,3946,8017.2824926596659
26,20,Web3 Infrastructure,0xea9cfd8f69b336eb6a64f6af1de2a27285a681f82b61e172320ad7f1eb63a208,Ethereum Staking Guides by CoinCashew,1412.3418416250001,211,800.79460095092509
26,20,Web3 Infrastructure,0xfc9d5b6b207dcbb4c8735d3e196a529836c099e7c5033a54d9abf4b5b80fc4f2,FileMarket,1114.849196875,258,371.165129465051
26,20,Web3 Infrastructure,0x4461dd764ba9de1c4559972250f43ecac0e0bc9893c6629b1687177470c1aa72,Open to the Public,3984.72542475,599,1988.5397253843776
26,20,Web3 Infrastructure,0x4d6c9b2ae5b2d93b7370aab36aeb6858355593c769252f9b764a72eafba6efa1,Node Crawler - Ethernets.io,815.86011025,123,235.20461250166409
26,20,Web3 Infrastructure,0x4fd63b1dac50da4c90406edc9baade1a7253c7e9374a1f4f14fb8a5a763ce13e,"Blockhead: portfolio tracker, block explorer and web3 browser",563.8592985,313,234.43580593122169
26,20,Web3 Infrastructure,0x5bcb382413123e3e0176c6480660d856d65cfbc19e0ef88557d39459d8aa4c8b,Ethscriptions,15408.861986875001,8878,50945.202332565656
26,20,Web3 Infrastructure,0x6097d6982cd9a1d364a37e615fb31ac05e6bc6bbbf30582d18c43baef75813a6,eth-pkg,561.4649915,139,247.84814708540216
26,20,Web3 Infrastructure,0x611f1323118db9846b22e4e29d4706eae6bb84289c4746aff689c91d3d66f6c8,BrightID 🔆 Universal Proof of Uniqueness,8698.816619375,2332,3817.43041857388
26,20,Web3 Infrastructure,0x62b3b673127e9511afdb47e7f0ef3f0bbc944ebf8492a88f5ed1ee9a4bfe14f2,Lodestar,3040.17131325,286,797.69320847949075
26,20,Web3 Infrastructure,0x65d8e9be9448fbfc55737ccee6ebd9b1c48ce7fe2a28f313a89b224d2b6db22b,Inverter Network,1979.194023875,212,532.20778676262125
26,20,Web3 Infrastructure,0x68fd0ec0d2e8de4f84960fde41c25ff504ed4764b968b94adcd4cdca9b671195,PORTERS,2273.095208125,605,1773.2100309052621
26,20,Web3 Infrastructure,0x7635d987063f27d22e7888fc2da2ae1397fe627e3c35cbbb648e3ab4b581308c,LunarDAO,2290.453933875,392,4771.1521940048551
26,20,Web3 Infrastructure,0x77ad10f6532a1fe22e28870d7f4d73eb3b05331c9470ebf1356aed5d5a9ef240,Bonding Curve Research Group (BCRG),886.791455125,125,270.57191182440147
26,20,Web3 Infrastructure,0x84f9b36934f29d1f49a45b5211fd975204ec34e214f99c6b43fcb4214af27bca,Candide,1828.352682875,326,687.13327927962473
26,20,Web3 Infrastructure,0x875513364d1d850b4df01c7bcac7751979f4d72a33686027ff62a66ef25a1e4d,"Interplanetary Shipyard: go-libp2p, js-libp2p, rust-libp2p",207.10755550000002,77,238.94497326033888
26,20,Web3 Infrastructure,0x8844c4f7c558bfba6c779da72c1ae41b5c0ebb9e1c0fd25555b3994de0508ec2,Rings Network,569.545777625,128,233.57868373081874
26,20,Web3 Infrastructure,0x8e9826ca3b062b59bb1661c909cdac3eac17d3df6c9a367e764ed49d2a6b0b42,Proof of Philanthropy: A Verifiable Giving Pledge for the Modern Age,641.374987625,232,553.27539078064729
26,20,Web3 Infrastructure,0x94a7fc4484fd6d993ca5681aa1722ae3864bdf54ce4c77284ecabdd32a6b7f2b,ZKT Network,7325.98084325,1587,2814.8813377181068
26,20,Web3 Infrastructure,0x9f6555e5301957ed78151c648eaed30c24440ddf5e1ca5f3ddeb0ace3f3a052f,NiceNode,2280.278129125,236,865.84521067654714
26,20,Web3 Infrastructure,0xa6b3ac8eaefda73ea83fbce5fd4724606f0ff6e801ef4160ef82ac37001e2a11,Pheasant Network,13076.806968875,4412,8897.57698187589
26,20,Web3 Infrastructure,0xc249a45b3027e3e83196ab206e237e8b08d19b3d925cdd5ddb812c66b0aad012,Stereum - Ethereum Node Installer & Manager,891.58006912499991,167,339.34391772031086
26,20,Web3 Infrastructure,0xe320ccaaf744b2637ffe31f1f8006bc5ba150d4e01a488bc894aa9a23d970df3,RPCh,627.308434,133,285.54645631164021
26,20,Web3 Infrastructure,0xf2605ed3c5100237b37833c5a653b13542282c30dc63f6bcba585e2e6c97c2b6,Rantom,1474.893112,246,412.59929675713647
26,20,Web3 Infrastructure,0xfcbafa052707acab2f19a4fd63b4f83300dc819ce28b0124a0335e5dda03a854,nim-libp2p,879.30924575000006,123,273.57398438163045
26,20,Web3 Infrastructure,0x0e4442f82108d75389ea09e7e6c3df38ddf7d67fd7e79e9a2be4bea5cf04a92d,Ephemery Testnet,1534.15221025,281,485.29335081507452
26,20,Web3 Infrastructure,0x11fdec05421d0276e2ed523ad646343efb18d7c7309c2281ef1b10b01e6c3f49,quic-go,612.34401525,148,647.98747997323517
26,20,Web3 Infrastructure,0x15bdddfe681cb35c8a957f65d10d96408980ee4e0f25da7675a6b17a698bc7ec,Zerokit,1580.84119675,314,460.2323176919017
26,20,Web3 Infrastructure,0x16d8946b35ef6cda278d9f21423525efafef16284fbe57ece22cf105dc561982,EthStaker,15115.260091,3639,7849.90701895216
26,20,Web3 Infrastructure,0x1bb64e87b901e6e0f4d7877a99bc5a035ca4be1ec2517fd3f2e00337e636daf7,NFT.Storage,4588.390077125,1382,2745.6024026960886
26,20,Web3 Infrastructure,0x29731d9ec0ae453f5a75430735ab1e20bb85dceb77892469da097aec4bfca54f,Lakat 📜,298.390509875,125,184.11083345278166
26,20,Web3 Infrastructure,0x2a5577bd176b68d3f7699a362938a6ea1f386637a4b67a76871d68fa20dc4649,The Tor Project,9884.8964495,680,2803.35195761718
26,20,Web3 Infrastructure,0x2b1f7b2f91d848d911c41091d1addffd337b908834ae524e33286fa28e0ca683,MigaLabs,829.02879875,419,678.64639632865874
26,20,Web3 Infrastructure,0x2bc0754a5c16d8e5c75b31954b39f526ee2e47dac233d169d5a4dab919fb29ea,L2BEAT,25146.508555875,3547,12493.881211461994
26,20,Web3 Infrastructure,0x2c9c2d35617b3e7a0578b28b8c8a5b16943c34ec508940d67c57ffece7f33a74,IERC Protocol,509.38881425,320,1029.3685713661835
26,20,Web3 Infrastructure,0x3438002cc3cf9cb80519485ae44ae77d0320cbd376653720aa84796f0931a05e,Commons Stack,1675.1170348750002,260,490.26783892256208
26,20,Web3 Infrastructure,0x3cae7aa84706f7032f4757311bcf2e2c632fc1383e5e0250e6a7ae599e8c2bc0,Circuitscan,1444.0664093750001,304,506.307665319182
26,20,Web3 Infrastructure,0x41efb0e934b404f079d4c4a8b1aa24c55f1590dd56168604dbeaca8309172238,ETHPaymaster,2891.1257025,478,1149.304414601007
26,20,Web3 Infrastructure,0x424fd613fbf44be00f5234e93664773a005c2b75716ef400d1b81c84218d3e80,beaconcha.in,9479.9592781250012,1072,3500.2859440337861
26,20,Web3 Infrastructure,0x42508993f2ae8ee22e9e3f7486c2f76bda3716e228141d935aa00eb584320e6b,IPFS Implementations,904.748757625,99,350.14401273696512
26,20,Web3 Infrastructure,0x4bb2e6fac4b614cfe450944775b05d1056cb6dacf3d77f5c7c0ff4802e804cf7,ArbitrumHub - The Gateway to Seamless Navigation and Exploration in the ArbitrumDAO Ecosystem,1427.306260375,228,519.23109262906655
26,20,Web3 Infrastructure,0x6d03e22033821d076220409f6bc55070781543bc45c93a0f45f92ff81f5f44e6,True Network,530.93757725,139,208.28985964274034
26,20,Web3 Infrastructure,0x7215f745ab77e251b23453cbe6b87dd4321cd859ea8c1c15af1a67759ffb760b,OnChainTrust,571.94008462499994,168,387.42634159317822
26,20,Web3 Infrastructure,0x97ea9670e44a12e715244e41a4f176a937d8012f4ec366c9e3194c28a193f3e9,IPC Explorer,202.01965312500002,95,115.94049348752014
26,20,Web3 Infrastructure,0x9d84ffdf1483554511a0fa7d1dda1b2b1fa455fddb4733121a250a6d93a300f3,Ethereum on ARM,4794.899055875,328,1324.553049622039
26,20,Web3 Infrastructure,0x34192b2bb6de79a74653589737b9a871f9475cd9146510458da6abfb12b44229,AuditDB,768.871835375,119,206.98054199258331
26,20,Web3 Infrastructure,0x48ead81d9ca5222303da69769e16491cfbc2d829003e28e3e0d1ddda938c83a9,EIP-7265 Alliance - securing the future of ethereum,486.34360937499997,130,260.95586564487166
26,20,Web3 Infrastructure,0xf2ce476bc1f7c6a5388136760a4c565001ff1a556363a43759e1ed00a8018677,DAOstar,1210.3221885,148,312.61532380909193
26,20,Web3 Infrastructure,0x05e25b710cbecf2068ebb27494279adedfee124382aa370d4e5df4e3ace9e7bd,Seed Protocol by JournoDAO,960.416395375,176,453.72532762728952
26,20,Web3 Infrastructure,0x151929ef6003bb5e65b529ad653b8f4c7837847039d5943bbfae3809b739b605,Louper - The Ethereum Diamond Inspector,363.33608725,121,179.26701356424019
26,20,Web3 Infrastructure,0x5dea290c069603280365429f571d5f23f0679dce4f29a6d88fce02e9c4463ff4,CrossSync Protocol,565.65502875,107,186.83062789216638
26,20,Web3 Infrastructure,0x07a1e686b15c95fbdd24e62094e1464f236f54e31bfee35c1b5f0fea2d7555c1,eth-wizard: An Ethereum validator installation wizard,1551.211647625,193,541.31790805749915
26,20,Web3 Infrastructure,0x26e31c30e847f99e6f0d569dd2f4737b7256c081665f7a122c92cf81673df24c,ProbeLab: Measurement Tooling for Web3 P2P Networks,44.893256249999993,71,89.45876020565629
26,20,Web3 Infrastructure,0xf308afc3ed0f3f9b023ff639ea5891c1fa1b07babf6f3db86825b8ca4c28913c,Flexible Voting,1391.990232125,141,517.99504407662607
26,20,,0xbf7b996505e5e7055dd14122e4a59a521575da366f4b58d9f002dfde80879512,Silius - ERC-4337 bundler,819.45157075,0,0.0
25,20,dApps & Apps ,0xa85846ff84be765917ff18d1302d7cbdc0acf225edcac0ecddd72d369dc804d6,NERD DAO: Decentralized Science and Web3 Innovation,145.605387375,50,75.055988098843955
25,20,dApps & Apps ,0xa87df39f52e703cab5d5c8e27eebebefc2867f34ac9aeb28097095c8fe41a839,Hypercerts Foundation,4992.5271095000007,354,991.846347549982
25,20,dApps & Apps ,0xaf7311b8584a18622d71701e232ce43147956faa2baf73c7a1769909f2b959e5,Smoothly,1434.48270525,77,338.81709521578159
25,20,dApps & Apps ,0xb30e9a03fe9391b289331bc8d4f3ad6aa31db301447025f92b8275bc88d447f9,VoiceDeck: A Marketplace for Journalism Impact Certificates,498.8332715625,47,457.12247997848317
25,20,dApps & Apps ,0xb78e7f564763cc0ee3ab2736819cbf3f10a24f016d52f0b7a69bb1dd7e8b319e,GovScore,7001.9413751875,867,3365.1954316937481
25,20,dApps & Apps ,0xb7b83ad943fd3fa1d40b1590a5874431ac90be72e7f9b90db81db9294a417962,Mirror,2650.856929,324,1053.8634497537278
25,20,dApps & Apps ,0xb7f0a657dc2950ef2656224e7355e1d2481436c8608399d2da739749daf5d9ab,ZKP2P Fiat On Ramp,3212.306509125,205,877.43031743080883
25,20,dApps & Apps ,0xb8769b6e63e581c7dcd3e917462186cc8973e0366026dd1a092ef4e555e23063,DexKit,297.202766,63,71.052461697258423
25,20,dApps & Apps ,0xbd1e0360dd1f192cef8d6108a706bf9a8779b7a39af48b81a192f1afd77b4f0f,Her Nation,103.9610481875,28,68.870963857858442
25,20,dApps & Apps ,0xbdfcea8a0f4a0528c4b8edda32e0d9d9c2e56492a228c245894d2dcc57179be7,UNIT,186.950127,47,48.473980783834122
25,20,dApps & Apps ,0xc102c4d1950b6c73cd589a79814dd9beac9edc6269103433b6a727d93d57213b,Event Horizon,12013.0436575625,2993,28018.324421604986
25,20,dApps & Apps ,0xc362a2503a5c9070759a142f573827c52100e4eaca6578da47019d941d4d0335,Qortal,969.50418425000009,98,272.35378235159442
25,20,dApps & Apps ,0xc40ec80fa730472b3584b2da1ed3e43c26b494d8b384d6f12ab761e9d83ad82c,Armitage,613.8795035625,67,207.24739879870322
25,20,dApps & Apps ,0xc57237a698896ba65d831aabc8a6201517c67ad3b69f6f0c31c44c7d4f86b275,Citizen Wallet,3297.6923844374996,386,688.27859127167176
25,20,dApps & Apps ,0xca5104de44c38c97a7e707208c2c44178ec5fc3e999ba2c0ee6aab1495678d2e,ArtGridz,120.7386236875,15,27.803454414010048
25,20,dApps & Apps ,0xca5797a71ca6f849ba9c366972d47c01061949d5cdf7fa61e20a229e035d877b,rotki,10853.892950250001,391,2400.2508555425384
25,20,dApps & Apps ,0xdbda23378d80411be755c66e1292acfd21a8508f5065df3336a98cce79a78647,BerryLab,1423.0979218749999,644,1602.7291389031743
25,20,dApps & Apps ,0xdbffe6eafcb836ed7fb9b2b0dd8e6dbfef147ab447341cad1ad32b25e5d46b4d,GiveStation,2216.1379638125,779,1609.8419461259045
25,20,dApps & Apps ,0xdebe9bea1a91ec5a5e4b59102cb8ae56012d1c65211307ec57889954c6d835ff,Kleo Network,3272.5260211875,665,1357.3247183261556
25,20,dApps & Apps ,0xdee6c892d6f2e2e53004d03f76076cdc8e134139ad7e0787b95492614fa6496f,Yoki Finance,5947.051315625,2576,4354.2698020042808
25,20,dApps & Apps ,0xdf26cc586a7f0683d8ca7116a3c9dbd92cf062f713fc2619783d8de8822c53ca,Denota Protocol,224.10047275,47,87.43539592763409
25,20,dApps & Apps ,0xe1f0c8674cb3acfe26fc6e9d5b0c1baae8029b7e7d2d4b1dad33264d5e12a739,RWA x Public Goods | BASIN,920.369856,110,199.54937775188591
25,20,dApps & Apps ,0xe2c43384610aa737a111228f7f3cf745ecea1563ce5bd5d3c6f9bc9c30614df7,Tonspay,3525.6876515000004,843,1436.2086256035764
25,20,dApps & Apps ,0xe3c5497e3073669d3788a015ce9e89fd2ba14028af892c613b7dad8e742d7b46,1Hive Gardens,930.55624112499993,65,211.69745102105662
25,20,dApps & Apps ,0xe580fae15fc5319c502b249663655c248bf998e6a26ca993d11465ea2d9e9c22,GreenPill Nigeria: Impact=Profit,359.8190745625,39,77.240391043946147
25,20,dApps & Apps ,0xee8124ee3513324f8c0f4f77e8bf6f7291b7d14f44b1f0a3d05528dbeea68d10,Masca,7557.6985636249992,2665,5398.248862233253
25,20,dApps & Apps ,0xf1e079f0432b8f22d831530ddcf6a15e8aacb8fd39abf7465d33be9d89286348,ShapeShift DAO,8222.809592375,2519,3486.0056916820186
25,20,dApps & Apps ,0xf56dd3fa328f36673fd27422bf169559797919b4e8dd639b341d14127219c70a,RubyScore,8337.25662525,3289,5604.0541059661555
25,20,dApps & Apps ,0xf5dbc005bb82012a9c3dbe56bd25e5aff7c17a70ea95a4497a5da3e5ae459118,Tape (formerly Lenstube),8372.9089731875,1975,3998.4616784029504
25,20,dApps & Apps ,0xf962fb7679660f96e137e9ae12b0962bf6079d40ff18befecf9246ab2111bc30,Bloom Network,1195.7018539375,116,269.90377183584496
25,20,dApps & Apps ,0xfa4d3e88b6a3ac110f8a9bc79a0ac63d7cb2fb41884f4f65bb5261892a070953,The Forus,292.409173,111,319.45115035539493
25,20,dApps & Apps ,0xfc8a2f90f8781824bae83f71ffb99f45b4dea37b218029edaea73c1050a63c47,The DeSci Journals,229.493264875,36,86.930713526904583
25,20,dApps & Apps ,0xff0d19a8d41e62428e35da3007ed6659a53edb0fbdaebda99ab1543bc048a7f8,GrantsScope - Grantee Discovery Using LLMs,877.227519,75,153.50166550155791
25,20,dApps & Apps ,0x4421da83922a6c3da9486abcba1fa85cbf5b853d257e2a59f73055ace24d7bc8,Tally Zero,6410.5318388125,446,1469.2494799923234
25,20,dApps & Apps ,0x4858e0d4adce13099b9cbe25bced4c9bcc90f063dcd70a2f6f7cda15f1177687,Revoke.cash,14979.978125000001,7107,23180.681095160813
25,20,dApps & Apps ,0x4f354435756ee1c1ea18402a559874cd2bb918ad795b7e361e1257425e57a7de,Greenpill Dev Guild,1196.3010530625,67,199.90721470117569
25,20,dApps & Apps ,0x5032feb4d0a5f184603312f79a98f92bc33a46743af1b0ec40167c0b955a5761,Dig DAO,1571.6993048749998,285,865.74749812909431
25,20,dApps & Apps ,0x57023ca024c8d37ca9dd770c908427513226e62f8e78fbb7fd174ad2a88ca39d,Based Bridge,186.950127,33,50.852310828864574
25,20,dApps & Apps ,0x6c9635b2915b9f1312b5d204881a8a9de95bb4c7c026e7d75f4d663631eb806a,Geo Web,808.02002006250007,61,130.24114659445422
25,20,dApps & Apps ,0x6e07132d7c9eee7aeba5d863bc48e968f4f03a7d53aef01b46b14441fbb4f2c7,ENS Wayback Machine,2523.227515375,174,653.21051261515822
25,20,dApps & Apps ,0x6e16ed35e9c46115e7fb5ba2bbe83f7d35f330b16af66410e7025951ae9a7b82,Streaming Quadratic Funding,3497.2256930625,219,1581.7618269698514
25,20,dApps & Apps ,0x706bc44d0c033d10c977ac4a6193e7838b8a795ea0d62cdb8eb0aedb5feaa70c,Karma GAP,4400.2187744375005,164,1156.4080780109443
25,20,dApps & Apps ,0x7526948d012d40ce4a7e1f8009e0504eeec7820ab5dec95c5b022a5ed36a3eed,ScoreFront,1734.08226775,1068,2314.1526347265753
25,20,dApps & Apps ,0x7598334f0ab22bcd1942d8647a132a9f801855ce2abb0fbf34f93f49e2949d88,Helios - High Impact Solar in Emerging Markets,829.59118856250007,116,252.64947413856225
25,20,dApps & Apps ,0x767950ce20f6f3903efe57107d3a085cbf72da65ed4839ccee34975299231160,DefiLab.xyz,1468.3374558125,311,439.69576230570237
25,20,dApps & Apps ,0x7c2db89015825d83f56cd55aff50b2ac0a8b50338d88c2988323ce6fa7739d1a,Hey.xyz (formerly Lenster),14979.978125000001,11912,42172.892415663475
25,20,dApps & Apps ,0x7f4b4b6cecc3bdaf95098ea2b2f5cd9c31ea742880d5076b540f83caf8247e16,Giveth,8810.623934,341,1303.7558478053497
25,20,dApps & Apps ,0x8191c507dffb7fd9d412edf929b08c6583af7c418a61b590692fb7cd9ea27ddf,Inferer Airdrop Protocol,78.7946849375,32,91.159733660519123
25,20,dApps & Apps ,0x94c4066d7a744a45ddd8bfc9fb62b5e6a9b6b71d11608ae5bc113374fe0946ce,xFrens.xyz,7.7895886249999995,11,23.507409185171127
25,20,dApps & Apps ,0x9eac749d796ccde09d578e837d78862117aac02a30f9d9bfbb2bbe2bdffc6532,Carmine Finance,5544.6891031874993,1054,2253.9215755025289
25,20,dApps & Apps ,0xa21d64f44be3240fcaeb10d61fb71c73ffab1df8a067e1187d74ab1144e13fbe,Smold.app,10579.7593505625,1552,12051.916676587891
25,20,dApps & Apps ,0xa225e750a843513b0e93e651ba35a76d592dab85e5125058083fbec3154da1cb,Polysport,1302.3592981875001,362,732.452099218267
25,20,dApps & Apps ,0xa24d8b81ddfdab67f274e6d6075c7d07cf3c75cf55631ffe572b1a13c843ae00,Stratagems,164.18056024999998,46,90.476507821469568
25,20,dApps & Apps ,0xa40bea19733bd9fad64d6c9807497041f379c12d93af17a6283e2761e20917ad,Bankless Academy,4795.390597375,470,1182.3125381535137
25,20,dApps & Apps ,0xa43d39ea6e0c57d3082983686ceffca5cd0e96dcef1ddf84fb124623b0bbe05a,Superchain Eco dApps,1787.1113903125,227,577.49370645271847
25,20,dApps & Apps ,0xab8666bec586ee1bdbde69eebccb62c23931ef70a016dfce2fed1860ca157817,CryptoConexión - Onchain Lotería,384.68583825,58,87.116059999912977
25,20,dApps & Apps ,0xb7875ac058e2f2c5c410bac5ab399589229525e08eeb8f7a294fe7fff4542559,Rentality,165.978157625,35,38.977355652954429
25,20,dApps & Apps ,0xc67e97b0df96ca61e19f922c743220c01e81da2a989e6e2dcc7a2a5b11bba9a0,Grateful,516.50964575,56,123.20624080894049
25,20,dApps & Apps ,0xcf324fb6eca9c6b44ac7f613f07315bbad9cf4027c16ec150adb7d0a84054583,Vocdoni - Secure digital voting,2441.1372352500002,275,2970.3476385908953
25,20,dApps & Apps ,0xdd974a98b85a68e9cea0fa4e58f342069d00b1a9812ec42e36c256de8f03319c,ethstaker.tax,638.147068125,78,169.52073046455916
25,20,dApps & Apps ,0xe725d125a106e90fc90eae039a066bc5ee9c9dbfde85b83ff1a762059d312203,Dapp Agroforestry Toolkit,346.0374946875,49,88.817895868327469
25,20,dApps & Apps ,0xf2705671b7027827b3b0a9d5dcc0098dd4ce63ab385896cfc6cda0208893fa62,Ethereum Localization Service,1058.4852543125,82,446.42193208541721
25,20,dApps & Apps ,0xf60f7f35a84d3bf38de7de981e56539cfc090573427ecd4d881647ba21704cfd,LexDAO,3014.570797875,149,1025.1267134846939
25,20,dApps & Apps ,0xf828b825d535b1f80699d17c59e1f98ac9c157d9e529231d6ab50ad7bf3f6cf5,$EARTH - OSS,0.0,12,19.661987340077758
25,20,dApps & Apps ,0xfc2a1816acb068a7f23f2329ece7f528459f63f958ca664496af0199ecf40b52,OurNetwork,931.4550398125,183,644.35261467657983
25,20,dApps & Apps ,0x02e1736cd3cfc94576a78154eb799a53e962ed41d8de6194dc6de45d611dfed1,Revolte,429.92537218750005,70,184.08379203779623
25,20,dApps & Apps ,0x031d4a67abd3550fcb6ed852fe72b4315bd4cc482555f3f93180dace65eb4b0a,Praise,1211.2810311874998,71,222.31037248862503
25,20,dApps & Apps ,0x04eceede743d19c498a90952e9903e9ee46f3dc77766bcc85d1eb9b3e7ce7a5e,Unitap,5854.1754512499992,1376,2398.9458945347287
25,20,dApps & Apps ,0x0e746fd798da04d3ee071831372a81f18723996b41b48dc342737125460ffac6,Rankify,2237.40953275,590,1445.0741253770029
25,20,dApps & Apps ,0x13d905b85e4af8c8f7d0d1270fe631b0440ec9ab7cfe0c37bd45be902a86d2bc,Treegens🌳,1849.4280993124999,195,776.40430120378733
25,20,dApps & Apps ,0x15efcb2d16f0f0233f51f59cffb576fa301cf5db6be97b890297196b13995f0b,growthepie.xyz 🥧📏 - Usage Data and Analytics for Ethereum Scaling Solutions,3022.0607869375003,160,595.80482043331085
25,20,dApps & Apps ,0x199fbad2a96c0358f0522507643a736c390bed4dcbd1cbbf1341fab277fdc062,POAPin,6578.00799425,2448,3722.8528782254216
25,20,dApps & Apps ,0x19b8fdb6bdea6cdb71a19f43c0ec0962ec08b563c57f4c2307d0b954123dd67e,Kiwi News,1388.6439721875001,138,484.31606253719019
25,20,dApps & Apps ,0x20557bf40cff39d72f709901d853fd736a636588aa11cbbe3cad30ed2c092811,JediSwap,14979.978125000001,5427,12843.99340725386
25,20,dApps & Apps ,0x219c467ddf5049939fb4664ef17b79d196e5cc6854e5aac44144cf9c4af1ac75,Toaster Finance,1151.061519125,284,410.16535430966906
25,20,dApps & Apps ,0x2379e5d1fe2341658b0b3f07bc5a4570e92295c8767f70698086010b39466a11,Soulcial,25.16636325,11,12.867616772651672
25,20,dApps & Apps ,0x24422d670a84c4dca43e4d92763804606dc64ef117b97e4265f2c9d059bc300d,Social Layer,1300.2621012500001,137,921.66685294685885
25,20,dApps & Apps ,0x27da52823ea16ba123d908fbf8ceb265a2790d1a484375f8e48797872a66a3bd,JobStash,1461.7462654375,105,507.75709208676653
25,20,dApps & Apps ,0x28bc28ca0597412b7b62522d92f88b2e60b00a3a5e8db1b6cc8c81333fd8045d,Nextme,179.75973749999997,54,165.42463898425922
25,20,dApps & Apps ,0x2ea16424cdc344f49ce6db60509f34b0dc76d9e9c192010bef089ce3f99fa430,Impact Markets,398.467418125,30,66.2971281982027
25,20,dApps & Apps ,0x38bf4d301073905d6847ddd0144eb16e80391e77886cdc1401893aec5d7e21d4,IDriss - A more usable web3 for everyone,14979.978125000001,4958,9638.9616959608538
25,20,dApps & Apps ,0x3fdd0f64d06582839516ee563d443ce206e13e998cd8210bad83ee17de74e629,M3tering Protocol,309.48634806250004,39,81.85826627665665
25,20,dApps & Apps ,0x50e981de1e62aaa755ff0046cbd6befac3a296595ecda10f847c143ed6f2543f,Using ZK for game optimization in Dark Forest,1085.149615375,120,289.33091400144622
25,20,dApps & Apps ,0x6a19c17b9332326cb78840f913bb2778a67f8271073addf1f18a246a3c38bdca,WUW Whatever Fi,956.6214030625,90,264.07596067374106
25,20,dApps & Apps ,0x6d729b4187bed1fcebc5bba018e704aa3b11496018b89a37e15231af673ac289,wagmi fund,287.61558,60,77.528808580245823
25,20,dApps & Apps ,0x75dbe031eedc59ee150353863a2eed352fead5ff98bd8fd15c975cbbdaf989fb,MetaMail,3000.4896184374998,670,1187.4083499130065
25,20,dApps & Apps ,0x7e8b7234169c7313de6be9ef379bf4acf75c1862320c2e0db03fd6efec867061,WTF Academy,753.4928996875,58,334.39338583499193
25,20,dApps & Apps ,0x8a667d6a7904ca356a592136eef5de2e6d4102bc44bb7b8c8fc0dc5cd38d34e8,Amet Finance,901.794683125,94,225.5125724648824
25,20,dApps & Apps ,0x934e6136999df52189cab3723277edddf0d09b2d9b50253b184dd17fc26f6e39,SONGS | Open Music Distribution Protocol,664.8114291875,40,661.19761043041945
25,20,dApps & Apps ,0xaa57e092bd3351948df6efb86191e742c98016bfb02df621b86dde05880d40a1,"Pairwise: Simplifying Choices, Amplifying Voices",1454.256276375,88,199.96588029840495
25,20,dApps & Apps ,0xc9d476940e64684cbeed5b9c71f123bb114b69d908bce5d64f66a3503310750a,Namespace - ENS-based web3 identity platform,215.4120854375,45,120.72755247028545
25,20,dApps & Apps ,0xf2890edea9045c3a0a2c808db77cc34a950152d1be0c5f1a1b0f7b07f342a0a8,GifmeBeer,158.4881685625,38,106.4746841071692
25,20,dApps & Apps ,0x0c91f84979d7852f1786f92653970a1f44f4f9de0da4cf8c094983e35ee69dd9,AikiSend,85.385875312499991,25,27.635772138251923
25,20,dApps & Apps ,0x158ab8951774976a766c75367cc2995b796300ebb2212b4b8cf8ef9f2ffbd9a2,Funding the Commons,2813.239891875,123,538.442128222604
25,20,dApps & Apps ,0x216cc27aa429f7f75f91798ebe674d61f95c17ac3ba832b87f1f5202144db72d,Ancient Beast,121.3378228125,37,54.844714702572674
25,20,dApps & Apps ,0x4e9a6efc02fca23d8b644389931e3ebd48ed3468a85b0ff5d6d96ab52e147d78,Chora Club,102.7626499375,37,148.63946263992693
25,20,dApps & Apps ,0x58de0ed6c39ca280ee33afd3437cc762091d3355f4ebec6401518f157135e56b,The Ecofrontiers Regen Atlas 🌱,484.152893,102,214.78298906998771
25,20,dApps & Apps ,0x77028130f168e775f37ddfd85dddc84accbaa229faaddd3e4a197d37ec76aae5,The Network Society Forum,144.1073895625,31,59.927886025398038
25,20,dApps & Apps ,0x774982d9ad76d948d67b145c8d62dc5c4ff473c8030063bda4badf0a1975f498,BCard,950.6294118125,114,481.99664427083917
25,20,dApps & Apps ,0x7ea8c4ebe8d6307efe7492f8b41da2e4e487a2cef99f2174cf42b570d3dac7d0,PoSciDonDAO,101.86385125000001,27,24.522348217084073
25,20,dApps & Apps ,0x875bc3449ee68aa878879a2f7e25ff20ad2e100565299127bd09919cda064bb8,Grant Ships,1108.51838125,67,232.37268720956581
25,20,dApps & Apps ,0xc4ae098ab87c392a917945f829ecccd131e7da9b3cbf24d2366ecc2efc0f3b02,Hyperfiles,120.1394245625,29,38.937540903687477
25,20,dApps & Apps ,0xc60c26e2662309a7141662f2109f47f4e0fd1823610be25880f6f2d0c37c3d4b,Privatefolio,483.553693875,49,97.132822596933693
25,20,dApps & Apps ,0xcb644adff5d7ac911ccf7769d837b15b7b979a5a5771c3482ef70d5f1e46f5f6,Metrics Garden Labs,689.97779243749994,60,173.68170852091225
25,20,dApps & Apps ,0xe0bbc7c140040d8a9916e3606db1c94541e4b0ef5314df9ced18c4c32de0a2bb,Pyra: individual markets for monetizing contents,32.656352312500005,13,12.953670647926629
25,20,dApps & Apps ,0xe9d56d95aea07a6d6035657514ae5be16054c1baa51aed02ab5be5f8080248ec,Protocol Explorer,998.86494137500006,66,306.25308369786944
25,20,dApps & Apps ,0x007b7cfcdf7852dae4e5dd4b11797e23df776319177a305ad430f065a433bc52,Metagov,1483.9166330625,92,242.3082499797456
25,20,dApps & Apps ,0x038651af20caee4fd4d9e062088abc3fcaebaae31aca3a5de5bb815d545d2002,NFT Protect,48.834728687500004,19,21.078518830239773
25,20,dApps & Apps ,0x05a79a70988df2ed473b27c1bcdb6f9d6822bcd5cb0151a16fa63f54f44ae26c,MetaGame,2309.31342775,141,519.16427278698484
25,20,dApps & Apps ,0x067fea3ddb4adea68a5bc2cd2fee242b11a6351d4868ed9b3f801e6dfc894427,Starksheet,1048.2988691875,87,226.06062534940429
25,20,dApps & Apps ,0x11ad5b43ed18ff7a1f2d06140e6c664c79e74c99815c71381ffc96ff8fb7f37e,Glo Dollar,3901.0859033125,177,611.61831278871341
25,20,dApps & Apps ,0x1c1bd54d0d45eff7c75623e1d1745c15ff216573a79c2786d306541cb167e9eb,Universal Base,33.2555514375,18,26.924340717494488
25,20,dApps & Apps ,0x6279b3e1fdb5567123980063a2c87b548268ab5f3136df1671736dac164f02d1,Mississippi,276.230796625,33,55.817584627773613
25,20,dApps & Apps ,0x73c60970e544f3fa2588f1cc3c6905ec27dcb82b417c8a09317b817dccfe79af,OpenCann Network,764.5780835,106,393.71537638502195
25,20,dApps & Apps ,0xbb467568b8433e49c40a924cc091da81d90b98dcedd2eb5c956ed6dd249b8437,Stormbit,240.5784486875,49,82.491675046621822
25,20,dApps & Apps ,0xc6fcbbae0147efad518dc4a092d3e659aa775de8b0fe2fd0ced962fb5c64a105,QuantumFair,108.1554420625,34,103.54186617583036
25,20,dApps & Apps ,0xcec2dd7c33e6639f0476b7c90b4d0572b9a5053a370d308850fe0873aea78ef8,Payflow,217.20968281249998,20,77.730792641639709
25,20,dApps & Apps ,0xfd4b024ecc847881a0fafe771a6563f1a9fd39373462332abb2733a169b4e1a7,Pin Save EVM,251.064433375,42,78.648395348456688
25,20,dApps & Apps ,0x2439b4230367e3132a1de86b239692e09edc1414cabbf148dc4af43abf1486d6,Pyra: create share market,118.042227625,32,71.941711820662022
25,20,dApps & Apps ,0x410b8e86c01334a0b110ff1d77d6db771bb019c369a7f8bb44c2abfc48c46e2a,Shy,504.2260636875,40,112.42224749119487
25,20,dApps & Apps ,0x9b67ebabd1fb31052c6d2afe25306f762673c8aaeec06c1416c266b8501b23f1,viaPrize,827.493991625,62,392.05054065457807
25,20,dApps & Apps ,0xa7230d4086efc47244c916a6175463560d4e533fe68af5d745d2c01876cfee26,Blockchain Of Things,96.1714595625,32,142.79645769331546
25,20,dApps & Apps ,0xbfd41be21931f09104767af0c1eb661cb6c1fbfd61d6cd1ed2e66abe8981f6a4,Tradao,152.4961773125,44,92.225811399519444
25,20,dApps & Apps ,0xf2d8750b350beeaa038ef5f6548cc6e9d4a32ac7eac6c3ae9c464ef4b4a006ce,Dragverse,714.844556125,58,215.36589153530076
25,20,dApps & Apps ,0x0b65fc24c0ebe9508268f2858d50ec4600e6496af44b458deb7c8142db75d26f,Liker Land - NFT eBook - Empower Content Ownership,231.29086225,61,165.82225996255875
25,20,dApps & Apps ,0x816ef81619c43366666f3682036d88dc1ad23f518df6771a03217e066a6158ab,datalatte,814.01201131249991,58,160.98226179124322
25,20,dApps & Apps ,0x85bb0ff17f21531b6276fa3bec18654ec302cdf5a33b6d7b72a98f684e5a1fe9,Decentraclasses,181.557334875,39,364.0501521298429
25,20,dApps & Apps ,0xd58af83be9bd7e14dc8345f8a84003e4ec042ee75707121ba1aaf889f93246d7,Tokenguard - dApp Conversion Analytics,305.8911533125,41,126.6801061402075
25,20,dApps & Apps ,0x1e2fc03ef3e8e262c5ede55ea606ca9f4786d37fb859527fb577bc52ccbb27a0,Peeps,21.5711685,47,72.339912277646363
25,20,dApps & Apps ,0x47305bd857642d4ca33bcdae95e45ac649f445101ad1c0941fd3e5cfeaf7c45e,Quack,248.96723643750002,49,108.3271563607268
25,20,dApps & Apps ,0x5fd4a22535b4e543118248f54e50f05cd3a1c06f5461a1104258ac4c78b1cb90,College DAO,962.01419518749992,58,664.17262812471017
25,20,dApps & Apps ,0x71769291d42294b931582a342488597945e826f3326c725ab9a9cb6a2c5ef605,Cleanify,101.86385125000001,16,82.339608453214169
25,20,dApps & Apps ,0x22016bd0c7432cd3b196656924e002560ef3b0b73d71595b421a6076f6c9c9f2,Spark | Deresy & Hyperminter,738.51292156250008,68,287.58770681486931
25,20,dApps & Apps ,0x41a4229378ec299e39ab5aa29e7117f0ef3725a82acbc059874bc3c4b0f54158,Voting Power,169.8729519375,24,91.775340302847326
25,20,dApps & Apps ,0x9d8a7504b0b9f0f0cb9284796a85fdc8164164117e22f1cd087f252c3ae993c1,rolod0x,1157.6527095,57,431.19635206228122
25,20,dApps & Apps ,0x1aeef6017a648aa54fa27a65664ecb26c34e113c813b05e8d3f16b84cc45c323,"C–ATTS, Composite Attestations",856.255549625,57,412.98762552859671
25,20,dApps & Apps ,0x81e93d890857abf601186b625cc9a95aa4c859e9aae814673a13125eff38a196,Eppie: Web3 native email,308.58754937500004,41,76.725705669727176
25,20,dApps & Apps ,0xa31bef6a0eaae9e9673d5b521f325b0e984aaf9d5203c2efd02caf411f4b0cde,Bizzed,26.3647615,10,18.111437581479549
25,20,dApps & Apps ,0x13b377ae60d9725eef13ca2943a38586e190c2048aa1443a81146115ebaf1fe7,Common DAO,268.441208,24,112.5885454043746
25,20,dApps & Apps ,0xf72c6aab6feb4b90925e37a81edf5d1307484f6fc226bd38228dc36f9fb7f368,Hyperstaker,706.7553679375,53,283.4425160586834
25,20,dApps & Apps ,0x1887e83ef45a249378281ffcddcf692ec0d29e177a4391f398db7e6ff6c5af6b,dm3 protocol - the interoperability initiative,840.67637237499991,79,273.88229578314349
25,20,dApps & Apps ,0x73f4c602b8a0003047b4e77099797d773cbaabaa459896c093d0744a32ae707e,Token Heist,224.10047275,27,61.086459182071849
25,20,dApps & Apps ,0xcdcb01d2f53a6d77a476bcaed4bbfc8d335671786d95177bddb2a812465a9c2c,FundPG,189.0473239375,24,64.717424120288342
25,20,dApps & Apps ,0x9f51a31ba7458b5fae6d54c06cc5975a4f1efaf36fc34f6399602c83585d3f2b,Oakchain,296.603566875,37,152.88865359127522
25,20,dApps & Apps ,0xc54d48ee6304fdede9c48b32174ca771b6e3eb2e03ee33b04c43f0d96a527695,Impact Stream,309.48634806250004,27,216.20229048904093
25,20,dApps & Apps ,0x06f1ea1d459b6e47a08d4a8ac5f652f4754b692f350d340a93fec95d29a761bb,ERC7399 - Unified Flash Loan Layer,501.8292671875,63,265.27043794840574
25,20,dApps & Apps ,0xee6c2825d0e805f08310d57bcbbdf4ebd505ab1fe7ee382145e90f95f4b5b681,Bcharity,22.170367624999997,29,234.07455684989691
25,20,dApps & Apps ,0x5d464ecea28b57abf0ff56d47d15317f44af65d70952503faaf7dc06c756b1e5,Venn Protocol,662.4146326875,61,99.505508794914931
25,20,dApps & Apps ,0xba1a48507d1c998eeee6bcac441efbc07538646e87aedfaf5277b9eec78c7323,$EARTH - Oss,735.8165255,60,776.14114520326257
25,20,dApps & Apps ,0xb37842843c6f7924b76e46406738541e422665ae9fefe6c50282f2f75f3f5134,Upe Impact,364.01346843749997,25,235.16005110740662
25,20,dApps & Apps ,0xc63ef55d477ac0cf5de2515e188962706215084b1cc557ea719a668776c7968b,Eduba,7.1903895,7,18.677098773419857
25,20,dApps & Apps ,0xbe150a42d3908b81d02a0db396bfcfc1eea47a0adfa43ee22eb82f02f46b9231,Militereum,668.4066239375,51,170.13821002701297
25,20,dApps & Apps ,0xc313a8cea83983edd81609810cba8f3828b2903438afceebba54438c5c3e15f4,ShiftCTRL,5.0931925625,8,60.266735568642616
25,20,dApps & Apps ,0xffc984e7ef0daffd7a99d0b7b40e4cb18d7d1f9d99e0bce9e905e323e076ea43,deTechies,29.0611575625,15,27.38501047110185
24,20,ENS Identity,0xbc6597167aad473016690ba638ddf95b3cd073d68a10952e8b7644a6147f291a,Ethereum Tag Service X ENS,4921.4155169375,118,808.01742746040691
24,20,ENS Identity,0xc58301096e11db709751beaacd227bc035ecbbcd23ba93e4d0af9c63646c0738,Heavens Tools,2623.2214795625,43,461.37651353050023
24,20,ENS Identity,0xca5797a71ca6f849ba9c366972d47c01061949d5cdf7fa61e20a229e035d877b,rotki,5389.95507590625,76,390.75311361253262
24,20,ENS Identity,0xca6a27553c40c59b328d8a92c7a6bf2a056596f371ac2ead1aecd6d38bc90b15,Layer3,0.0,6194,14021.016061126393
24,20,ENS Identity,0xcb7b646968f41874279dba18e364c4b3a76c23fb5adff74bd99f0ebcf5368adc,Renew ENS farcaster frame,4390.620701734375,99,340.97299337759614
24,20,ENS Identity,0xdaf7588714a0008d7ee1fe317a87c80a6f64cb8881c016a1d87bc704eb3b115f,eth.limo,8669.3569570234376,255,991.19993556179634
24,20,ENS Identity,0xe084029d76ed3ac56650706b083845b0ffe786e9abb770f14c0a145381c32b2a,Opti.Domains | Scale ENS to OP,1518.7532288984376,37,111.93299821880646
24,20,ENS Identity,0xf1082b71aa913e5749b81b0c1f9c0be7fc94b60c1d34a9d668575a0b141e59e6,blocksmith.js,1448.9973393828125,27,86.1682190131396
24,20,ENS Identity,0xfbdf0059d795e71cbe29ff8ae00469c9b26ed7293ff47d753fe246185223cb03,Fluidkey,7614.3928860156248,234,944.14205391076393
24,20,ENS Identity,0x549fbaa0732edba9e3733a20281d2591c7090598aa323117800675c4a1c81498,Faster API for resolving ENS names and avatars for web3 projects,1728.64595021875,33,62.675068789161742
24,20,ENS Identity,0x5ea85fe928dde57ff7c29a10a86134ccd85f541da2626809b162524622a16a7e,ENS Data,4240.4830255546876,58,252.05445433966815
24,20,ENS Identity,0x81e93d890857abf601186b625cc9a95aa4c859e9aae814673a13125eff38a196,Eppie: Web3 native email,2830.6139897890625,43,204.19981853035279
24,20,ENS Identity,0xa40bea19733bd9fad64d6c9807497041f379c12d93af17a6283e2761e20917ad,Bankless Academy,2948.24892175,84,220.45826821040828
24,20,ENS Identity,0xcc28f92ff050c17f27dfa6fdd744d2769f2930e95fd1cd3bc02dcc4940afafc7,Brianknowsai,7494.7577851796877,203,1899.8506901488872
24,20,ENS Identity,0xf140a49ad971a3f53c5f8740c511255a621ccda8b8479133b8c5fa52b3a1fa42,Onthis,9648.814653,238,2622.2132837287909
24,20,ENS Identity,0x1887e83ef45a249378281ffcddcf692ec0d29e177a4391f398db7e6ff6c5af6b,dm3 protocol - we make web3 messaging a public good.,3417.1635123828128,67,300.81823435425758
24,20,ENS Identity,0x2131cdd5fabcd97e0b391b729854f855511dd04da2b00180e8a1f955b89fdb3e,Blocktrend（區塊勢）,1884.7841330234376,87,537.229754686472
24,20,ENS Identity,0x372e79379e49e78b971d6da7a8bbe2f22daa34fa0a30f6ae275a6826fa0ddf0a,zK-ENS Credentials: Proof of Learning,0.0,83,208.14367035892792
24,20,ENS Identity,0x48d6b4aec9f525792cda253092c322b08275ff54bd1e3ea38dbd04972ad4aab6,Loop <3 ENS,1020.3361473593751,28,48.918018355965614
24,20,ENS Identity,0x75530f2b16744dee8c799d6dd708b70947d0f16349aff5bd6ce1f2edab3dc4d3,Prutopia,760.18918305468742,16,36.4088122099638
24,20,ENS Identity,0xd0d57ceb6b600814ec5c4b97d754700d9c08ec97219016a0fc075607f06e9523,Operator,2221.1875356875,34,102.13360038702376
24,20,ENS Identity,0x0f7b32feb567e9253913d6be37e69d2867b20033f199ecf57022eb17745c9a56,EAS Attestation Explorer,4631.3910300624993,78,328.94633349776268
24,20,ENS Identity,0x28abadcfc1b699a08a998341120adaca679155b8ac0b579bf275531d74e3f7b9,ETH Daily,3838.5740922343753,79,250.59585692198016
24,20,ENS Identity,0x28bc28ca0597412b7b62522d92f88b2e60b00a3a5e8db1b6cc8c81333fd8045d,Nextme,1146.8468287031251,48,839.71897493302822
24,20,ENS Identity,0x6e07132d7c9eee7aeba5d863bc48e968f4f03a7d53aef01b46b14441fbb4f2c7,ENS Wayback Machine,3314.6548575390625,89,241.03535509610083
24,20,ENS Identity,0xfd4b024ecc847881a0fafe771a6563f1a9fd39373462332abb2733a169b4e1a7,Pin Save EVM,1156.8476730781249,31,74.467576012015343
24,20,ENS Identity,0x1dc7e30aee00d956bee67832c9b291729969effb66395f030747c246ac2e4a88,ENS Road Around Brazil – by blockful,3824.5729101093748,41,383.44884516298771
24,20,ENS Identity,0x424fd613fbf44be00f5234e93664773a005c2b75716ef400d1b81c84218d3e80,beaconcha.in,3560.5506186093749,80,245.27626138925552
24,20,ENS Identity,0x9d582dd43effeeefe5a214ba6ff3d6f60cc91b12eb3e69e7842ac9e47f627403,GeoCities,1821.7788134609375,32,63.341703698039055
24,20,ENS Identity,0xb9e7e119a4aaccfe3ee5607827e1d0c29e4defb2de15fdc3e71878112b994327,Lemonade- SSI,1573.8828835156251,37,97.27104876935482
24,20,ENS Identity,0x033cd0b083f2c87fc51492f1a8e323a67cf6dea4a29534f1ab65f06f35b41c26,Persona,2763.4833219218749,157,362.07705390197225
24,20,ENS Identity,0x377a0eebfbf3e443ad07ceb1aa33812cc1decd2856651b3645b767d0098cd27d,NameHash Labs,1954.164990875,49,155.00229837622555
24,20,ENS Identity,0x75dbe031eedc59ee150353863a2eed352fead5ff98bd8fd15c975cbbdaf989fb,MetaMail,4370.9940446484379,111,343.84286319888724
24,20,ENS Identity,0x0b99649c9e7950827a0802fd5930ccdec2cdad5b8954f0178920dc25091995e7,Unruggable,2889.7439821562502,42,155.76917098462582
24,20,ENS Identity,0x16bd5b5ca2a4437cd1c81d604b4fa5683f9c70cebe757024d1192ed6f108322f,Huddle01,3667.0596112031249,110,725.33854601875009
24,20,ENS Identity,0xa09573cb6ae35fd530b553de47f0749273edb30d48c72ca3960672937d2bfeeb,Formo,390.28295173437505,14,16.985970735549927
24,20,ENS Identity,0x6990dec9fbeac77f80378edd8e194687fcf2160a8e0790e0bc4122d688f3c5f4,Web3Domains.com,2066.5494795390628,54,100.29585781443166
24,20,ENS Identity,0xa69971a1d0e5b72ec73d6504b6a67ed620f837dd10ec9aaeda1d5847d29cf272,WebHash,5383.0794953984378,50,575.55660994362552
24,20,ENS Identity,0x7b6bf701af880f54125a117bdca677691efa9c0dd45b2fa13ff97e6db5065770,Si Her ENS,566.54783384374991,22,46.548988929018378
24,20,ENS Identity,0x65448704f2398e9319fa7da4ebf95b9336bea8f50630d5ce2adc7ed28e25288f,Byte Onchain (by B<>rder/ess),1314.861014203125,38,139.83911538124084
23,20,Hackathon Alumni,0xafa569b3df50c6c51374bf2b214eb7c948cf3dce2a65c3f627bce0a2603cec72,Stogram,1528.6568742578124,86,397.26548341661692
23,20,Hackathon Alumni,0xc490fadc446f7dd96ecebccf74c177ad927b26e435f7127fbc9f9a331b31769b,chatWallet,421.93606152343744,25,44.417755000293255
23,20,Hackathon Alumni,0xe787f05a734aa4180888a0cabceb9bb088dcc4bde0272d653200c36ee676189f,Patient Analytics ZKP,1198.6978808203125,34,61.165651082992554
23,20,Hackathon Alumni,0xeb01a7c640e683601ead64ba1fb31504ebe56ba15ecfce08b2eac0b6a48d6bad,AdLand,539.77855917968748,34,91.4885301801196
23,20,Hackathon Alumni,0xf7c4323e46732c92478a5c5f18781179578b750bce4eaa2e0af56eea65990b02,dTrials,495.53768929687504,18,32.3787959292531
23,20,Hackathon Alumni,0xff268e803bc12ae16a77336cd27db1975ab09ff0182826a114546bc9af008cb6,Network of Trust,2590.53761796875,74,203.22402480989695
23,20,Hackathon Alumni,0x44f9fa38718389bc760062528c8cee39bb1301ed21c07aced112633d189ed4a1,RejuvenateAI,6118.62215796875,439,744.322792786581
23,20,Hackathon Alumni,0x69b4fd57beee161f0c06aaecb464b61da2115af104ea8f8867e4981b423f313a,Mosaic: Earn rewards for using your favorite web3 apps and protocols,3801.0197485546873,63,138.46197023259538
23,20,Hackathon Alumni,0x724faaa36242f79b26dc4b8577588e575ff04fcd3c48592a2bbb45544bf739ff,NFC wallet,9986.65234375,622,1226.7540427317081
23,20,Hackathon Alumni,0x81905a5d4ea1db6d19ffcdee179d5d6c71b8f77cd4a2ff80c1e9cb36ebab9364,Fluidpay,7238.6252183203133,507,868.37668510860476
23,20,Hackathon Alumni,0x95c829c50b4f5cd8148deb66d89b9b881e458fbdc01d7357a262fe7bf3656e5d,WalletX | A Gasless Smart Wallet,7556.70009546875,687,1320.3468807942118
23,20,Hackathon Alumni,0x97368759dc42447c7b2c5b8a6eab92607a3b42befaa82a518b675f662e7516b5,Chatafisha,919.47108128906245,47,152.10542630124837
23,20,Hackathon Alumni,0x0d4cee5aba84526fa9bfab5c08a9ded987f2c948a46da395230c6c811b44eee6,Bitsave Protocol,799.53138664062487,34,81.380495024845
23,20,Hackathon Alumni,0x2d510a87f17bbf9e54b2042c66b614366478456616f0c7683d327d084005fa5d,Bulwark,2738.0404730859377,89,328.54295627772808
23,20,Hackathon Alumni,0x3818b3813303f4e90ebebd67bd039105393ec3d1a337e589752a939036a5b219,EVM Trace,269.63961328125004,27,22.958035653457046
23,20,Hackathon Alumni,0x3b329e3200afbc8bbb55171df34cafb92e8d61b5a3ee872e5e3ef2dd130b3296,LensView,2402.3890878125003,61,396.71953813359141
23,20,Hackathon Alumni,0x7d7182cd693ea96354054be666755cbaee7dc5bd4fbcc9462e5c2657cff435c2,Coordination-Play,359.21988480468747,11,29.940487533807755
23,20,Hackathon Alumni,0x84369fc0dfbfac6537f127366e82b47c8ec1e2d4766e3a6eea22f00ac32a92b6,Perpetual Organization Architect,366.110674921875,20,37.726283468306065
23,20,Hackathon Alumni,0x0a20445056c91be20dac69d794c92f57e0eb88ad54f2ef4106d7026bc4c6fdc1,UPstore,2759.2121760546875,49,152.44861002266407
23,20,Hackathon Alumni,0x1cbcb60aefc2123145840c53cb8b1b5b2f096cddc99ed66b80355c33ccaf651a,DynOS 95,1805.5867437499999,42,229.42104990035295
23,20,Hackathon Alumni,0x1eb6bbad0896e16d57cca476cb0a37f0adf1dede385378d8f65224a09bc8fa51,Breadchain Cooperative,3613.6701505859378,73,241.2315280127159
23,20,Hackathon Alumni,0x231f99a63e6eba380e40dbbcd81841d5cf2359b336e1135d65f08293c5ed9aa1,Stallion Stake,100.3658560546875,11,13.049807615578175
23,20,Hackathon Alumni,0x2ec218d189a1726a1d19616640a0f6f8849db62d071d3bce43008b57859263a2,DAO Coalition,2343.66757203125,44,97.756424061954021
23,20,Hackathon Alumni,0x2ecbb6ef7d2b380d12fec5bd9e5bf05762555b9ce51961b0a1e5ff21c55bcb0c,Margari,1773.22999015625,30,83.257363207638264
23,20,Hackathon Alumni,0x516c5de42ab87ace201b76af95626784e60b8f3e5b38517a2fe21f327d78bae8,Monas,2042.7697369140626,35,199.26852896809578
23,20,Hackathon Alumni,0x58ff805d5c7cd447637ca35aed128f04807dfb13c5fec552f2b88aed7735b127,AI Swarm,1593.7698475390625,36,70.513513125479221
23,20,Hackathon Alumni,0x71db3ac761cb9013f722dbabc24a292eb8d039cd3473cb974d91c463c8a3b7a9,web3.js Faucet Plugin for Testnets,865.043826015625,31,80.1385973682668
23,20,Hackathon Alumni,0x856b4d79fa4520fee59d4d13d19b4cdd6ae11f3031e7437a152f29b283bb7e14,Hyperion Team: Gitcoin Donation Frame,1907.250864609375,35,89.570721217431128
23,20,Hackathon Alumni,0xa9f81b644e254cae000667aec8c64355d16a483c954351b36070a5ba5ba9c556,Euterpe,196.537318125,17,27.638032235205173
23,20,Hackathon Alumni,0xce0872a742054bc052f1ea614aebb015b9791267b1bd47cb3c68ad745d6f43ac,Dspyt-CodeVerse,1191.2078915625,23,65.511377376737073
23,20,Hackathon Alumni,0x1249835eaab22b2d2fd7f34556a20cae9cfd902f56c54789730081e6996ed012,Astral,2075.5259566015625,78,199.22417691815645
23,20,Hackathon Alumni,0x2f1b240fc732c114129740a5583e520e4253f62fdc36e46fd69e3c845d0e6469,Universal Bluecheck,1083.4519127734375,34,60.507296380586922
23,20,Hackathon Alumni,0x46feef7f53a824ed9caa411dee92caeb64dea25f5f303bb707316c6bef79e80a,$CODEX: Photosynthetic Finance,817.107894765625,25,206.51740476489067
23,20,Hackathon Alumni,0x4fd63b1dac50da4c90406edc9baade1a7253c7e9374a1f4f14fb8a5a763ce13e,"Blockhead: portfolio tracker, block explorer and web3 browser",2713.17370875,52,109.660796618723
23,20,Hackathon Alumni,0x9e6c21881c3812775ef4a2cc843cffc4fdd02f7ee44b3c14f90e61aff27673c9,A Bank for DAOs,222.60248074218751,21,24.540677569806576
23,20,Hackathon Alumni,0xcbfa8a0d37fa400af26253e3fff06d4999c52e60e34ac9ad2ccb986ebc5b37a0,DeStealth,2471.5965885546875,39,141.14597345143557
23,20,Hackathon Alumni,0xff4910e8d182cb65846f22f2542c76379d31ebe23f0f6fbc1b0e2618ffb62b86,AndiLending,1777.024918046875,86,372.76484765145869
23,20,Hackathon Alumni,0x45a0f8e8830e21788a42c3acab09347a4c1820f2817db3ee3262a9e166ba25f8,Ecco,604.79166593749994,30,85.717661708593369
23,20,Hackathon Alumni,0x5392326450ab92f263ce23af5fe0e136e6f2a04efe80e3b669d10bb3581b9e50,Yap Bay,1384.1500148437501,32,75.548853971064091
23,20,Hackathon Alumni,0x64f5e769a5229fc4c2a386a8590f19032b7f25365dd3e23198463abde3034845,Goalz: Decentralized Savings Goals App 🏦💡,2540.60435625,124,1024.4388500828645
23,20,Hackathon Alumni,0x8a6f27ca1e2050f1a0172fc4a55a111a27bc9a73be752e6b3979b3f8d1c3aa87,Atletz,944.33784562500011,19,46.758573345839977
23,20,Hackathon Alumni,0x903cb436da6499d6941e324f3f5161221244784e4b54bfcf32adbbcb8957e8c5,Dspyt- into CodeVerse,0.0,11,18.062390834093094
23,20,Hackathon Alumni,0xb8bbd3634174dd24aefa9f067a243ef6b58cd7265d21f87da18a529e5a703257,Gnomish,2804.3518446484372,42,174.4765669927001
23,20,Hackathon Alumni,0x122f9e9a079244efbe94489656a483a653039c56ae8cf3d16ab0d43acea65e18,Safe2Link,809.61790550781245,29,44.629218243062496
23,20,Hackathon Alumni,0x7f3ac573b2b8f2a101e6f4ebb763963708e0f1e442ea58214a8d8bedcddb5735,FundIt,1378.956955625,67,374.07475933828391
23,20,Hackathon Alumni,0xc28edb99ae1e341f288c7b146eba6776d70012f215316de5c6bdf56695f48726,hashlists,2277.0566008984374,33,74.315993621945381
23,20,Hackathon Alumni,0x1aa4717cd9e88c3d4c615357c84107f8d4cc5239fa3841df223e7e5aa0d229f4,CamelotV2 Adapter,1541.339922734375,58,117.99648549733683
23,20,Hackathon Alumni,0x125b27c716d5e937910ecd1c5541c00c7889e470a2cd44a3635671975d9868bc,Sadaiv,328.560862109375,22,31.054336436092854
23,20,Hackathon Alumni,0xd71334a228d2c9f81d67cba4f06896afa8255951444cd57e3c3a2299822e979e,DAO Driven,2503.3541430078126,80,821.169392131269
23,20,Hackathon Alumni,0x1e2c8d052c2b0fe2fc19988cb68086f9d89c4e2135e6598ce06575e86591f01b,Agents With Benefits,829.59121019531256,19,33.2700789347291
23,20,Hackathon Alumni,0x5fb8da9e32aa98b9a85e3c7f7581653e59311e6580766a872ff6fe94ae18ec3d,Privacy and Agreement Protocol -Privaseal,530.79057207031258,14,27.628229111433029
23,20,Hackathon Alumni,0x69a737da01ea382669d4d73cab854b1361950b81b09dc6c9628a6294a4b8dc3a,FlashTrader,180.25907480468749,13,20.241476409137249
23,20,Hackathon Alumni,0x2407ce2fcd01ecc5096a6e79cf3db70ec5d4dd81626740afb0b1023e201c4b24,HonorCode,522.4017841015625,18,26.208298556506634
18,22,BioFi Pathfinders 🌱,0xd5da8ba0497e9ede03fcc65a2d29d390877e3265a4a7182102bdd378f1e6ef88,Salmon Nation CoLabs,6042.786041644531,128,1442.957054783481
18,22,BioFi Pathfinders 🌱,0xf728d5506eb6f0ef1604d13c9e62ac5754f9915047076cc07bba1500bdf98ade,Recôncavo da Guanabara Bay Bioregional Fund: Restoring Ecological Integrity and Socioeconomic Resilience.,1989.1933796484375,46,337.7510855144962
18,22,BioFi Pathfinders 🌱,0x448da9829156239ca308d9e68b5318a19c0d5b3e1cb404d8e8f57b9785ef9206,ReFi Mediterranean,4459.5067708671877,80,350.49980659744273
18,22,BioFi Pathfinders 🌱,0x7c3e66e03394fc9d5623d203a8f0bc23afb3df238224007dc5a2aeecdfdb62df,Barichara Regenerativa,5428.9982031796872,78,631.82443534180493
18,22,BioFi Pathfinders 🌱,0xa48bcd9ca55b3ff3019f36dd4a0d6d81c99b41d8c407da37aee1e51c1e9eb58a,Amazon Sacred Headwaters Alliance,6042.786041644531,73,390.70361158743253
18,22,BioFi Pathfinders 🌱,0xd9cfac0a6257b1c8ddb06781097a016f78054df6f8d00d118b80723b0ed1ccbb,Regenerate Cascadia,6042.786041644531,81,504.14903705303522
18,22,BioFi Pathfinders 🌱,0xa4857108c636302dbaf4790f49474d73fd9e1b720e3457b408d56d2922643d1e,Diamante Bioregional Consortium (Costa Rica),4804.3332509570319,71,432.159531742958
18,22,BioFi Pathfinders 🌱,0xfae6125c805764e9cdcf48be8d5cf4349cdb66503ac9654f4c20b747930751d1,Greater Tkaronto Bioregion (Canada),2751.6351061367191,78,1954.8000289023373
18,22,BioFi Pathfinders 🌱,0x1aa49754037cb9c021ba9b54598d7c13da0223b2fc9397380bd17fe2801d01dd,Théra - Bioregional regeneration in the southwest of France,4554.0497646914064,92,847.16684908903949
18,22,BioFi Pathfinders 🌱,0x80ff060e51414fc9da7b818761e1ae57c769f39d14cd8dc54ea156334d8ca8bf,ReFi Uganda,3539.0722203007808,58,326.64637730891781
18,22,BioFi Pathfinders 🌱,0xe31ba0896a5c956c6ebd1abf7bc4a43b20ff0e4bb06b6bd6210be7213bab9c1d,Reconnecting Northland,1225.7078897187498,49,332.95907391934247
18,22,BioFi Pathfinders 🌱,0x27d70ec0aa0c6ea1df19743ca576bd05d9d8eaf191bcfd05d398c7ad9d1ab50d,Re/Village Green Valley,2595.400199433594,52,296.61849038551526
18,22,BioFi Pathfinders 🌱,0x72abd52915c78829584357fec0764af007852770285aab1c1bbac0775c37a1e0,Forests of the Northeast,4219.0017,76,464.36741889516787
18,22,BioFi Pathfinders 🌱,0xc2dad00c21ba7956d43d3310e9a56d95edc0d7c48e89caeb3100cb1c6ec8dc6f,Centro Estratégico de Desarrollo de la Península de Osa (CEDPO),1239.1120097031251,39,313.43729498672263
16,22,Regen Citizens Genesis,0xb022c7ae4b05c182c598d12832c76bed67efb611fc376326b31a5981a0acd8fd,Raam,78.534726015625,27,43.224804018333089
16,22,Regen Citizens Genesis,0xbc3d10f5c7252754aa4c9c55c1956a42b03682ea814631d6847add373a2c5baa,Sarah Smith | Web3 Regen Initiate,150.265908921875,27,78.47352697950555
16,22,Regen Citizens Genesis,0xbe44451cac167424db5ede18f3fff26e21bddbfc66dc5133901527e4acffe41f,Benjamin Life,560.22137844140627,61,480.05284764205135
16,22,Regen Citizens Genesis,0xcaf6253e062c72cfc0a8d0a2c263081a1d464f06f45841a8d5eeacdc7183aa9f,Maya Dentzel | Regen Media 🌱🎙️,386.77302633203129,45,415.37946471449686
16,22,Regen Citizens Genesis,0xe90253f0e7e0f82dbe427dad22ce815f8e1448b640ca8f5f4db026eff1aa6e56,Simon and Adaeze (ReFi Lagos),316.70073202343752,49,110.85827762048211
16,22,Regen Citizens Genesis,0xed1bb5aad4937d12c79bb2eae707d08d9dc5b79775f222d493b5b5f6e7b6d3e3,Irthu,260.27752111328124,63,75.282019370410126
16,22,Regen Citizens Genesis,0xf0b6309abb4aa1a3bd12c7c054b7110aa8526267dea020e2049d764ad61bd49b,Omka,41.808192378906256,22,57.41856537637068
16,22,Regen Citizens Genesis,0x5ff59c5cda40a60d13424de3db4f907ea28817b981b441c1781a6322ae83d177,paul2.eth | Gardens 🌱,198.54166697265626,35,48.750815502542537
16,22,Regen Citizens Genesis,0x6266f4f9c429f9cd800091447cbf372fd5a8187e1aa97b165cab3a69e9abe5c5,The Hill,132.6690906328125,47,331.41341133852256
16,22,Regen Citizens Genesis,0x7aa1b4f8536242406d5062036af616eb84ed472c34d434cdaf8c6cc7a55b1490,"Oscar ""The Regen""",79.647651277343755,32,140.98510114912642
16,22,Regen Citizens Genesis,0x8891ebbaf2de0067f8752882f66dca529004c4330fc379b5e418fc9e1b7d2d54,Coi - Greenpill Brasil & Dev Guild,616.2876133242188,62,261.94711340469075
16,22,Regen Citizens Genesis,0x9882bee5b21a3ef153ced36d3d87043f51cd43323bb81a89f19002fbf0b768ec,Diogo Jorge - Out/2024,328.90091272265624,60,106.60479364980711
16,22,Regen Citizens Genesis,0x9e64a35f28dd7e36260f17145528816de7d4e5ed9a61c6ea1dc9fd7427bceade,Sohto Regen Citizen: Sowing Seeds of Change,252.90701607812497,37,53.207177173986565
16,22,Regen Citizens Genesis,0xf633df149538d2622ce447e9bae65304bfeea7abee5046b28d07367b2cd4c8d5,Izzy,1042.0550209960938,57,201.42065251868917
16,22,Regen Citizens Genesis,0x1eb7bb418eb638dfb05b6bfbdc1741196e25a3ee82f19818c6e6fca0765951d5,Regen Citizen Donny Jerri,294.48422396875,51,69.422568770154612
16,22,Regen Citizens Genesis,0x1f932fb037d20002916a62712aa0dd4fb52329b7c4726a595aa0d744c8451396,luizfernando ✨,233.98728662890625,26,105.69947213929845
16,22,Regen Citizens Genesis,0x2d674f18f9a3351f4865e6094c124ba38a89894f419529901713d7426082e064,Meg Rivers Regen Citizen,341.58406098828124,41,109.96502330127623
16,22,Regen Citizens Genesis,0x48b79099b091bad7b95a8a869e867052b0f73ece30fe632ca43297142b124414,Swift Evo contribution on Public Goods grants,229.11561378515626,36,111.16493852500571
16,22,Regen Citizens Genesis,0x670fa0784efc494aecfbd073499611ba5f08b75ec3b43f359b67d7f1fad4fcfb,Adam Carr,126.62149675781249,30,71.870128848298918
16,22,Regen Citizens Genesis,0x9cf154562f7ebc59af2a035e2cab65b50662b1ffe4dcd4b07b08cf47704df293,Mangrove Propagule Detection and Counting,67.090494550781244,26,34.6892505583819
16,22,Regen Citizens Genesis,0x9d4393b5bc91a1e75ab4cf674bd7e982c8d9cf300460a695e2bec7b1667e03fb,Upe,296.05911820703125,43,83.680637010082137
16,22,Regen Citizens Genesis,0x18b54ddf82d6a3c7dcba53ed18c80394e0ea1e7e4bd9c38981211c3404b6f24b,Rica: from Brazil to the world.,149.17398225,28,63.2433205327834
16,22,Regen Citizens Genesis,0x34f9c127ff126d710167bce35e8a6ab8113fb696cbbf1da8a71a2309c6288d08,Amio,49.976643828125006,30,34.867819198116194
16,22,Regen Citizens Genesis,0x5aaeee2772379e2619dcdffc17628a1cd78085ab0a087388e8f4f35d017f07f2,"Sandra, ReFi Warrior and Ocean Actionista",327.68299451171879,57,107.78113994886371
16,22,Regen Citizens Genesis,0xa5136b8cc6b7600308cc9e30ba6154f66bf1463dd47173ede0232414725f3b5a,Jimi & Let's GROW DAO,993.31729396874994,79,160.63646181923104
16,22,Regen Citizens Genesis,0xbb2dd3b400bf5f0d55d2815d96d15c67fe54f43cc1ed553d70caca4ce3748e10,Matthew Bonnstetter / Serbian ReFi Hub & online hub,132.73208640234375,34,41.381538643676322
16,22,Regen Citizens Genesis,0xd3d87ba2cb547c3e592bb729ad93e917f8cb80a0f120a83559b8e0d1a55b2d38,Pranav Khanna aka checkfit,431.66801141796873,52,92.1038816596265
16,22,Regen Citizens Genesis,0xd8cef582ab42abc974377383f322bec7455e5c8d8f53dcbde9af567ff3cfcdb7,Leen Schelfhout - creating and holding space for regens to unite,211.98076447265623,28,72.417320909618866
16,22,Regen Citizens Genesis,0x24b0aba201419a0ef9898836c4576eda7efb125a064744be5f8387c7119fb82d,Will Ruddick,427.6992779375,47,89.705248563259374
16,22,Regen Citizens Genesis,0x3868b5469b8618f98a3d7b9cb678679cdea1675b36ce7de308533ca265c95bd9,Anna Kaic | Regen Citizen 🌻,1049.9294921875,66,569.72962286387337
16,22,Regen Citizens Genesis,0x4b4cc02bfd62059f585e3a6e58bbf7b0edab0c5b03e6a23bf8a93944d45be466,The journey of Regenergy,214.81557410156248,40,55.737529205798637
16,22,Regen Citizens Genesis,0xbb4e8e1aa47679b4cd24d54c9848a70fb9a0d90b0c314db5558d0f8b96e07789,Monty Merlin | ReFi The World,890.61319104296877,75,374.98533926223172
16,22,Regen Citizens Genesis,0xe6f42b8466cc85de68d7692edbfb87ec8e8a8a2e7eef284fd40fe69e2f8241c0,Afo,162.50808680078126,36,81.079244279011618
16,22,Regen Citizens Genesis,0x2eb02822f4a0096db0afaa0da151d83143677e0d8c2650ada3d49b817641fee4,Nakul Reddy,58.376079765625,54,58.735053171112668
16,22,Regen Citizens Genesis,0x534a57c5959294bebd77aab7cfb24bbbf9ee7ac292358e63391e0cc967e172e8,Athus Oliveira,195.81185029296876,46,109.8785079891677
16,22,Regen Citizens Genesis,0x730466ad464e174b0272d49ce840b62116eeac43798ff2f3ee4ff385434be595,Lana Dingwall - GreenPill Steward,1049.9294921875,62,512.90047068541389
16,22,Regen Citizens Genesis,0xb74165153fa04fd66787a61f924d33a09fcd7144b2d11e293e910a48fdd4638b,Mortech.nft Regen Citizen.,17.890798546875,32,102.26009362813784
16,22,Regen Citizens Genesis,0xc6a103461dcbc52226e3c977e147d5ed47a9d7d6b8cdd6c82cf138eeaf979443,Wasabi 🥥🌴,755.025296421875,68,122.66037095588399
16,22,Regen Citizens Genesis,0xf07846721903ee9c6d7eac235e9ba938193be369ea2327126ccb6d3eedf0bb66,shaanpatel.eth,52.328485890625,46,51.541606784507167
16,22,Regen Citizens Genesis,0x34a9f63cbd2fb9414f2792c8eab7133a0f491a117b0a54b09cca584a21318dbe,Jon Ruth | Public Goods Are Good,760.736912859375,66,123.49303806078387
16,22,Regen Citizens Genesis,0x3ef11ede389e413aa7c157c19d83177bed9915e5f5c742bd9e32cf12e45e5230,Artisans of Time - Akasha Rose,249.46324734375,43,72.130541071030166
16,22,Regen Citizens Genesis,0x7be286ec36a78dc4fcd3474a3bf572507e20f3dce1bb0cb6b06dd0d74a3a99c5,Drew Simon - Crypto Altruism,345.38480575,45,89.61954478424741
16,22,Regen Citizens Genesis,0xb71fd9453c9f107657c60378106ab0061bb1a41f4f753a694704d16332b5c5e8,🌱 Daniel Mihai - Nature's Blockchain Sherpa & Ecological Impact Alchemist,96.698506230468737,52,193.75986670394195
16,22,Regen Citizens Genesis,0xea03c689e0b6804e316b4c398f1bdc5248c73f8bd4aec7f4f361d25961b831f6,Juan Regen Citizen,519.29512683593748,65,528.92845746362582
16,22,Regen Citizens Genesis,0x0921a2c9cd525d9947efe95c18c28639a764e2c59c4432898cebc5afd407554f,Treegen Carol,429.48415807421873,64,172.43192002055002
16,22,Regen Citizens Genesis,0x98753f4714a4d2a7e77ca277d7cb90ef01366df715dc05230a9ed50f87399a59,Ceci Sakura's Regen Citizen Journey,236.38112587109373,47,80.183894416051771
16,22,Regen Citizens Genesis,0x55f4728dd5c55baaa6dff52b0d6a3b8b2d6a1faee6c5aefb984d2f7a1db6975a,"Magenta Ceiba, Regen Blooming",668.07013587890629,64,190.11399433735278
16,22,Regen Citizens Genesis,0x84ed95869dd6851ac8061a0796b23d1b07ba7d8fff423a7fcb177d9cce43070c,Web3 Grant Proposal: Empowering LGBTQIA+ Communities with Choice,7.7274810625,31,23.878666352286018
16,22,Regen Citizens Genesis,0x88038851d2d1ef58e03ffc616dd9e78d95b28bcbeb3c7edb74e3a5d88e022f11,Regen Citizen Will T,250.07220644921873,51,186.83248939429177
16,22,Regen Citizens Genesis,0x2664c330224ec6dd326f2874d3fe3786d59a47f55e166e3aca6835a331f36c8a,Scott Morris | @TheTokenJedi,767.56145455859382,42,195.07656477269484
16,22,Regen Citizens Genesis,0x7a253bffd021e1749796bd478b2f9b0a87f90905a3532751f637915fd88d49e6,Cori Schlicht - Regens Unite,356.74504285546874,48,73.724836514040362
16,22,Regen Citizens Genesis,0x7a9a4d8fb01828ab1be3843a2bb817f084074f6f6995c1801092bb596af8e7c3,Solarpunkmaxi (Utkarsh),594.80605591406254,79,146.68288886797382
16,22,Regen Citizens Genesis,0x9027eb7b34424ba876618c0d57bba76009f1796f8ce52111094c230ff7d3a41e,Sejal Rekhan | GreenPill Network,581.00998238671878,47,107.09958980296506
16,22,Regen Citizens Genesis,0x5a792471fdc8cefb41618e763c5cbf14d6570c40ad798b39a9c860b621ba1f23,Danibelle: A Regenerative Visionary in Action,680.85827709375008,53,182.72746770892991
16,22,Regen Citizens Genesis,0x6e7df47ccda53cd5aecabc9baf13a397f7b060c3e5298fb9287891312bcdd1f8,Luciano DeAngelo,221.55612144140625,33,62.26594997261418
16,22,Regen Citizens Genesis,0xce5fc846b4c3875781d9b1193de7210cb411b321a7839d1ebf2e6fbb92222326,kirr0yal,104.25799857421875,33,342.003285783052
16,22,Regen Citizens Genesis,0x31101e00850bee63e1b41dc8d1bee35c2f1675485aa5c141ca48df426b4f4dd8,Mónica Talán,310.61114096874996,49,94.184788397222292
16,22,Regen Citizens Genesis,0x5332e6924160b8004f3ab777defe84c0ade6946674514fcf752bb7556396caab,Matt Strachman,306.411423,29,170.87340322200907
16,22,Regen Citizens Genesis,0x360cb73dfd81f5474ced50a7c7843edb664923b3f78e028df77b6f75c812ac51,James Magee,207.82304368359374,39,63.47490825361092
16,22,Regen Citizens Genesis,0x0867ddb3e1281bb5fe9f0d5eaa459f3fadf51fd37cd9ce74f28afe99010e3f27,Guru Vishwas,96.971487898437488,47,55.767342679842841
16,22,Regen Citizens Genesis,0x277226335d88cf31787a2d96f5a775277cc0bd71ff8de91cd0e21788a415ce0c,Mars 🔮 time traveller from the future,0.0,1,1.4035626649856567
14,21,Regen Coordi-Nation Genesis,0xc8452a9ecc9b99f6f1464b0f6a9498365f952a1d99ba26e427927116a3fd21fd,ReFi Red Hook,201.18202033984375,16,25.144123017787933
14,21,Regen Coordi-Nation Genesis,0xe580fae15fc5319c502b249663655c248bf998e6a26ca993d11465ea2d9e9c22,GreenPill Nigeria: Impact=Profit,2249.4987377695311,36,128.61607831716537
14,21,Regen Coordi-Nation Genesis,0xfed13b482b90435f0fb2d886a97757a7a1c4f9a4f6e4cd2d10298669054c1f08,GreenPill India Chapter,531.8063473125,35,84.7865179181099
14,21,Regen Coordi-Nation Genesis,0x5b8cdeb0c391a5c9d3dd2574edbb90a00b14693c869df755f1ea04990b43650a,ReFi Medellín - First Colombian Node of ReFiDAO responsible for promoting ReFi projects in Medellín.,2397.8911574570311,50,399.24871906638145
14,21,Regen Coordi-Nation Genesis,0xa0e295c0ace46f13ba9024a0749293014c19d27f25125477a5946e42b06c94da,ReFi BayArea,451.89502400781248,30,415.68235087394714
14,21,Regen Coordi-Nation Genesis,0xbd227a9489c391bef8decc01fd0710c6ae4001a77bce121fe5d0a4f676af7c18,ReFi The Hague Activation,498.41805288281245,27,1670.4736416786909
14,21,Regen Coordi-Nation Genesis,0xf3ac138cef9029e923d5362edac87ff8427826cb2d70507d7c524a2f1c776c18,ReFi Podcast: Season 4 - The Regenerative Nexus,2489.734033425781,59,221.80186781287193
14,21,Regen Coordi-Nation Genesis,0x00d0a7de37e0380691919dcfdff351f1ffe484e2cef44413212a8b4278c55dfc,ReFi Italia,466.13267508593754,27,117.86622044444084
14,21,Regen Coordi-Nation Genesis,0x3cc7b960c9d26ed980e82add2663617a9f49d3ef2b52b4888e3640de8f3fc3fc,ReFi Cape Town,277.18300285546877,23,39.705366313457489
14,21,Regen Coordi-Nation Genesis,0x4b83a5d97e5d381163de8d94bdd837b516cca0f6e52149e3e195aac27c53459a,"Tulum’s Tomorrow, Accelerating the Regenaissance with ReFi Tulum",1742.5080146953123,34,124.29711760859936
14,21,Regen Coordi-Nation Genesis,0x662b4534f8c40a04469ac8ac3fc4728c4a450e5166aa7c22a28a3b54cc27e830,Regens Unite - Bridging Climate Solutions with Events & Media,2634.7675706406249,46,220.36565571528627
14,21,Regen Coordi-Nation Genesis,0x6c59f1fd5d12690a21d8531ee32298add2000bcbd0c1776e04cc7e7ca342eb93,Greenpill NYC,866.491412796875,27,66.052005203149747
14,21,Regen Coordi-Nation Genesis,0x6ec804d9aacc15851936d9214f9d5aa025075900bff5c9c34e085d17ccdfa9b9,GreenPill Ottawa,1630.4617113164063,32,260.68686014677223
14,21,Regen Coordi-Nation Genesis,0x81b64a8b27ee4cc179fe333335d6fd841d1f833af3624fb88fa9828bbfd222b4,Refi Uganda,917.27571048046877,27,57.764312021434307
14,21,Regen Coordi-Nation Genesis,0xe2d930b25312ba96789410fa8cc8d5a8413eb3a6a7d12126709741263c903d94,ReFi Tanzania,1751.8326735,42,128.37587571144104
14,21,Regen Coordi-Nation Genesis,0xb0d5d4a5eaeede1ff1bedf25a29fc5a7fa10e5fb9162d454135a19bc272dcb89,GreenPill Writers Guild,1536.86419525,35,124.10720139741898
14,21,Regen Coordi-Nation Genesis,0xb368f06bcd792a68cf4934e045c93606cd97b5280ddd839f3ffc645ca0f6a00f,ReFi Phangan X GreenPill Phangan Coordination: On-ground and Online Synergy for Regenerative Impact,1670.9688312851563,31,462.65696606290294
14,21,Regen Coordi-Nation Genesis,0xf962fb7679660f96e137e9ae12b0962bf6079d40ff18befecf9246ab2111bc30,Bloom Network,1368.5691435976562,28,133.09641999006271
14,21,Regen Coordi-Nation Genesis,0x4f354435756ee1c1ea18402a559874cd2bb918ad795b7e361e1257425e57a7de,Greenpill Dev Guild,1277.0771956484375,43,709.43941658735275
14,21,Regen Coordi-Nation Genesis,0xa5cd06685666607b2591681abcc4efa5515b3d64c3779484cdc4d608f7123692,ReFi PDX,488.64220091015625,23,170.892559782631
14,21,Regen Coordi-Nation Genesis,0xd424974e5288499690955e1a6e5d330f10a99a4d3ff39661040e96e943871590,ReFi Atlántico,575.37155430859377,23,59.45981952548027
14,21,Regen Coordi-Nation Genesis,0xd4e8c0469e16e67bf3a5d6a9f1768c94f1fa93f59fd17c78e67e426a7963a14a,Greenpill Kenya,1922.8850167343751,48,266.70387626602314
14,21,Regen Coordi-Nation Genesis,0x8a1187760ca409f0eb8f61dea73e18aaa5f1675034cb913d9d5b5e264c73370a,Celo Mexico,2366.4079008476565,29,210.33643883466721
14,21,Regen Coordi-Nation Genesis,0xd693e4f47ab60bee9d9243152ac2fc6907c1dd72265a0cdcb5941961cd372483,Celatam,801.0684034414063,23,110.57882887125015
14,21,Regen Coordi-Nation Genesis,0x49e64508e717c2c3322d329df8952e8c3211b06cbc8e84bf957106dec439d1b8,ReFi Barcelona,1849.5911932265626,32,80.104976237518713
14,21,Regen Coordi-Nation Genesis,0x8239d1024933beec719798a8a107350c906ede8b2248474dc792f60c79a2b57e,ReFi Latam,814.7044636289063,24,158.83573073148727
14,21,Regen Coordi-Nation Genesis,0x87a241d31c11f76bf8050a01f84de88c92e51c903670dd6b015e2bdd40873945,ReFi Colombia,1305.9034258242186,29,195.63761135935783
14,21,Regen Coordi-Nation Genesis,0x51a40dbc25a3d6dbb40cf7b3de084233e241607e12fa15d3e477b6e22514efd3,Celo Europe DAO,352.48212933203126,15,23.281296245753765
14,21,Regen Coordi-Nation Genesis,0x73e339b7cfb75775d6ba550e94d3877d4cba9938cd5a1e0217ff6ab7394977bd,ReFi DAO Local Node Network,1918.1224221835939,30,137.63777393102646
14,21,Regen Coordi-Nation Genesis,0xca98b5fde11e02bf66ea5d497a01abd278a3cc4da2c68dd51d365f8fd118a6bc,GreenPill CIV,104.72694754296876,18,49.008394598960876
14,21,Regen Coordi-Nation Genesis,0x568f4591e91680cfc35c70d061dda7515c3b8353f393b4de6d6b81dfaf6d33e1,"GreenPill TO (Toronto, Ontario)",443.67328183593753,23,150.72879039746476
14,21,Regen Coordi-Nation Genesis,0x9b6bc197292b9cc99fe05c35d24a52973196b7de21f735a86f1be58ab308037f,ReFi Lisboa,1101.8638487539063,24,227.20542305213166
14,21,Regen Coordi-Nation Genesis,0xca9ca5422ea5f4a776c404f8dbeeb9c492489ec79e55d679b4b2047a558c1fca,The farming governance of ReFi and Coffee,379.10252624218748,19,65.916755974292755
14,21,Regen Coordi-Nation Genesis,0x358b849a8a89e33c7bda1b1e31b85f4354ca185bbf913119fd977678cbc6060c,Celo Africa DAO,1751.7825409257814,39,304.0852290391922
14,21,Regen Coordi-Nation Genesis,0x79138928068bf56813d95352fb9944d18a8ceb459c0a7ff03efd115e3448f492,GreenPill Mexico,520.12545751953132,18,50.017593801021576
14,21,Regen Coordi-Nation Genesis,0xaf6d1181b1b33891fdefa77b6d4f9294bdf71eaae26ebb2d56fe24371e6e1a45,ReFi Lagos 🌴 🌾,1556.4660317695314,34,74.875357389450073
14,21,Regen Coordi-Nation Genesis,0xd0e07ec3c5bc46474ecf1e822e697c9bd15bd8ca355aa42b0e57a26f46c1f47c,ReFi Costa Rica: Regenerating our Optimism,1201.7780691718749,29,58.947252571582794
14,21,Regen Coordi-Nation Genesis,0x732b2cbc12966404eadc8157d1ddff4f2f465ea4a21ba9c06a3393353471fee8,Bioregional Builders,305.407642140625,19,50.786704480648041
14,21,Regen Coordi-Nation Genesis,0x89df4e2d7907f10eefa6dae897244a9e9bed3c8ddde18d78f9d39ea857537b5d,Greenpill Brasil - GG21 Regen-Coordination,1154.452919109375,36,113.92516505718231
14,21,Regen Coordi-Nation Genesis,0xd74a730d2baf2d4647db796cdb5fb7ea3a7886520bd20a4a3430bb1961d5cbd5,Uncommons,141.32372672265623,20,55.682380259037018
14,21,Regen Coordi-Nation Genesis,0x489571c1eff08c658472fe12f78b8430f9f9ccf492e4330b32eac1e9f2f89ebc,ReFi Mexico,1858.3142611406249,36,136.89439162611961
14,21,Regen Coordi-Nation Genesis,0x6717da71311b0c51faaecaf5f803dcd2b22c78d8b62fe0d605897f7baf7a3800,GreenPill Taiwan - Green Sofa,135.85927613281251,23,32.933043360710144
14,21,Regen Coordi-Nation Genesis,0x1d85511a1b01b247d94944bcef5320ed6ebe0def6bc1f9de3c0a06ded10f704c,Celo Arabia,304.35485808203123,14,24.834776997566223
14,21,Regen Coordi-Nation Genesis,0xe46f9aab20237554f44ec0f267f8312284076bebca2743726dbdb638ed165eeb,GreenPill Citizens,1295.3755852382812,32,120.90840255719377
14,21,Regen Coordi-Nation Genesis,0x49b7e0593c0d8403a986cae58b9db754aee492ac76dc3de7e0c83f5e48c37a05,GreenPill Germany,325.91186499609375,19,32.422315530478954
14,21,Regen Coordi-Nation Genesis,0x6d582e0699dc21bf7eb5ded6c31cf60c8a4454cf361eb7f9cdd35773e88979ec,Celo Canada - regional hub,195.16611143359376,13,30.215839624404907
11,21,Real World Builders,0xa87df39f52e703cab5d5c8e27eebebefc2867f34ac9aeb28097095c8fe41a839,Hypercerts Foundation,3377.01683915625,72,284.2807500823078
11,21,Real World Builders,0xaeebfac8f5b267b5095f2b4c3dfaf065d27efc94aa73a2af4f08c60aadeb1d8c,Giveth House - Web 3 Space for Good,1757.8683279843751,43,649.59905686313869
11,21,Real World Builders,0xbc4d2dc0e1ddc433de496a7e43e7feba8559d321d716629461da8b6310823d75,Hack the Commons at the Commons Hub,481.99131155468746,22,133.58289916068316
11,21,Real World Builders,0xca460772f5ba0840a589d2c19fb7e17ac259e4be884313e3712c06c9c885dc93,Giveth,4843.0330850156251,80,391.35404782975093
11,21,Real World Builders,0xd7033fea1278ec2f1cbf72d03ff236f302421794300923428fdf85fb3908c8c6,Anu Initiative,1794.4249030859373,51,319.86690846085548
11,21,Real World Builders,0xecbb293513e9d1f104645a6adfa636f216648facfed9394405264596ffa60b09,Frin: a protocol for freeing infrastructure,203.5758350625,18,43.46438742429018
11,21,Real World Builders,0xf1111998c18218e0b7aa9a0ea06c5fbf71c64b6516231cc8bdca280cdb0100d3,Pretium,462.32432453906256,28,95.798523154109716
11,21,Real World Builders,0x558b0fef7dbe55361446b0642d7abf15647687f33db04df59fdceda32dd74c8e,Regenerative | Insights & Liquidity,515.92061739843746,33,216.94110971689224
11,21,Real World Builders,0x5c75dcb2cae8f97c3535d73f52c267fc623d90770492e0fbffedd0192f2bd258,Esusu,558.85770355468753,22,64.037561781704426
11,21,Real World Builders,0x620192ea1b7324455b3060bfdc65d81a08f939c30a6fd31af9efeb8715433530,Carus Recycling,536.713576953125,50,300.46885500185857
11,21,Real World Builders,0x6cc1d908e4758f34ac66e648496a30862d830320cc40726325f6a3fe62c5d9c5,MesoReefDAO - Regenerating Reef Conservation with DeSci Web3 tools,503.985308484375,24,42.969640530645847
11,21,Real World Builders,0x6ef58465cdcab68125cc6b903cb870e2d56f00c45e66797f4fbcba022d82e257,Glo Dollar,5254.538515625,129,611.38696918578034
11,21,Real World Builders,0x74965e6ddf84caa8f5fa121bf1df71e6b2696343a92b6700cfb34576e9fc7dc6,GainForest: A global conservation data income enabled by AI and web3,2052.572873875,43,135.42554160952568
11,21,Real World Builders,0x7dc405043db4c96cec098bdb4561d5eed5220aef0cefcfb9cfa9bdd370337070,Citizen Wallet - onboard your community to web3,4109.04911921875,72,431.39020041598678
11,21,Real World Builders,0x9f03fa925e2044852d7a21b2d7eaad7a28df435e4e3387781aa9d79f5305aaee,Traditional Dream Factory - the first web3 powered regenerative village - is investing in biochar-producing infrastructure,2298.1850170625003,47,230.387425918027
11,21,Real World Builders,0xa367cdf45b26c7df93585eb8ae38651f6d3e7fac5aa429d5b985fa9e031783b9,Sargo,267.60614011718752,26,227.77024568337947
11,21,Real World Builders,0xc630b3b932d9762fb4f8c4e6255dbee531174fe13155ef754f52e40b53420bfa,Treegens DAO 🌳,3141.3883191484374,101,279.93856426951243
11,21,Real World Builders,0xcd6482536166396d3babc7f0668410a1cce629d0184469715718d674cb8f77f3,EarthFi,52.3201906484375,52,142.64987926034925
11,21,Real World Builders,0xcf6d018a19dd675cb222bb7c697ee1868957f2e2eb0670e4851fb6206d3828cf,Earthist Seeds for Regeneration,430.19657475781247,22,56.055585272610188
11,21,Real World Builders,0xeaa2c16c526e45c28550a0891aa132d80f8919294c2bd1e7c9bb591380aa2bf9,EVM Explorer,0.0,18,38.587432187981904
11,21,Real World Builders,0xf248e1f4b9930b1908002a7cf90ff8a294a8d2ccc2372a8dd48062e6d43e7219,$EARTH,2138.5221110234374,122,539.12549946154149
11,21,Real World Builders,0x158ab8951774976a766c75367cc2995b796300ebb2212b4b8cf8ef9f2ffbd9a2,Funding the Commons,3141.01299496875,67,810.158831335124
11,21,Real World Builders,0x183f13028588a3e6082d6642b52d4829823720efd1e5bc973856c406f1299b66,Silvi,2979.0230790156247,66,251.17962855473161
11,21,Real World Builders,0x1f506597522a391b7a17c340bfe38611e2fc33117258162a7e83f44ddf1a989a,Endangered Tokens: NRWA Tokenization - Invest in nature's scarcest resources,1167.5584581718749,41,178.63867059350014
11,21,Real World Builders,0x36f5b3a969a593262d756eeb951b87a18ada52ff41a8820023ec31830c98792c,Hifadhi Finance,305.81414160937504,35,188.27888334987801
11,21,Real World Builders,0x3c991483b6876aae69f624b17ed7aaa39b2bbd586f022e0d6fe912a884ac6a2f,Digital ID for Adaptation,3.8283066328125,17,19.525719914480273
11,21,Real World Builders,0x73e339b7cfb75775d6ba550e94d3877d4cba9938cd5a1e0217ff6ab7394977bd,ReFi DAO Local Node Network,3715.0337953828125,87,279.33929006379594
11,21,Real World Builders,0x0d4cee5aba84526fa9bfab5c08a9ded987f2c948a46da395230c6c811b44eee6,Bitsave Protocol,340.41903097656251,37,75.647032466717064
11,21,Real World Builders,0x220da306f960b3dacac04b70122169ae698056a6accb80cd74f037a39a40b1f7,AgroforestDAO GG21,1236.9934314140626,47,116.70731918513775
11,21,Real World Builders,0x39c18d1681f3cbebeac5933610b18e075c1b71076963283053b03476d8cb892d,Cleanify,536.413317609375,51,1182.1450987295975
11,21,Real World Builders,0x4ccf8804d9f2133cc18a656f244efddc9a9ed4faec65caa82d646176bf964c1c,Rifai Sicilia,475.83599500781253,35,94.245105549372965
11,21,Real World Builders,0x6649852db5092781fa9c7d42577609e9c45480db4c59966639df7f865471b349,Atlantis,1167.4833933359375,71,366.80573948083878
11,21,Real World Builders,0xca5797a71ca6f849ba9c366972d47c01061949d5cdf7fa61e20a229e035d877b,rotki,993.78336297656256,37,203.41735075403673
11,21,Real World Builders,0xedf9e50a29cce86c43d4cf0567b7976f279470beee0e6306ac0f03b6947536d8,Ethereum Attestation Service (EAS),2971.5165954218751,45,273.46655250806361
11,21,Real World Builders,0x156e2ed0a7db94929722d4d9e820596316a2778dadcc4641f6ed5d08f5f5b5c5,EcoSynthesisX - Empower Environmental Impact with Celo,1124.3961775078124,57,544.38415587253667
11,21,Real World Builders,0x244584d0d32bbe4d392fe77cd3fca817b8ee8ec400b594ace7637b37b68a0958,WashikaDAO,609.52646781250007,50,96.509534538152792
11,21,Real World Builders,0x3a14a4b0200989af4deef94da68fa7fb014753b43c2b66d2e2792be03b7a96c1,Kolektivo Network,5254.538515625,84,457.78854213494606
11,21,Real World Builders,0x662b4534f8c40a04469ac8ac3fc4728c4a450e5166aa7c22a28a3b54cc27e830,Regens Unite - Bridging Climate Solutions with Events & Media,2982.025672453125,48,272.21723328251392
11,21,Real World Builders,0x060202167411ff24c5df8388d86357e5405720d794dc3402e975dbde85e39f2e,GoodDollar on Celo,4846.1107432890631,81,562.56650773562433
11,21,Real World Builders,0xa22b1284313947ace7fef43e6841e9eb496a5eab6d4b73c9459908c0c232828a,Vivero: A Community-Directed Giving Trust for Bioregional Stewardship,219.26438577343751,15,27.511198870837688
11,21,Real World Builders,0xa417f9f560f0ffe269bc92c0f98bd5464120f47b26eb00727ef93a271f7c5e11,SymbioToken - Towards Symbiocracy,218.9641264296875,23,39.27734581780939
11,21,Real World Builders,0xeafbd4ce5ff11f1d3851bfcb7a79d8a1e7c8de6d80cdd63af6aa10c0146a9ef6,Ekonavi,825.48800080468743,33,63.981805324554443
11,21,Real World Builders,0x0c35dc7f743f4d9efb7a25005a2454ae24da8522e5fa417201a96c0c1f256b8e,Change Code: web3 native carbon markets,598.7171314375,37,249.84491278593165
11,21,Real World Builders,0x82b863e4cae626fce1a30d6eeb660182c405ada01086442812ca1ded8cb8f1a8,Natural Capital Assets & Nature-based Currency,632.27111310156249,23,120.56588374078274
11,21,Real World Builders,0x04ba0b6fd1b47460a198576f6867b059f3f0a7f6888f9d2ad5ce1ca2b1193fa2,DeepVenture.io,37.682547640624996,16,15.492790553293585
11,21,Real World Builders,0x6d10e41c5812fd82cfc3e3fb3bbdd17aade94728c4292e62db0169cdf9021d9f,Tokpay,24.9965903671875,19,29.612295094772403
11,21,Real World Builders,0x04c082b3f457ccec8f6675c113bef0ff8a5f1263fe92d90c60bd15f0321aa4dd,Mugshot,26.347757414062503,41,1285.3835980804433
11,21,Real World Builders,0xafcb233cf387cd0efc941ae542efe9ac0bfb4bd41a5b001b36e908dec863fbf1,Dandelion,248.31447728125002,22,77.1638855299793
11,21,Real World Builders,0x364fd8491204eada86e2072c12c8b9bcbfbdee617a076c825798761d5f068e70,Regen Atlas 🌍,3151.5971368359378,59,432.55917734885588
11,21,Real World Builders,0xf8ea713a58dffbd4fbb666bc8d008da29a4b2eebceaf710bd0feb6c0eddc6bf1,Landia,2.4020747499999997,11,71.040544785559177
11,21,Real World Builders,0x1249835eaab22b2d2fd7f34556a20cae9cfd902f56c54789730081e6996ed012,Astral,159.2125170234375,15,38.34443873912096
11,21,Real World Builders,0xa4d85ffceeca40d184cc8487d103d31645f86b9027c6617beffc7413bc75229b,CPAYANT,79.118337078125009,15,19.722178883850574
11,21,Real World Builders,0x6a137a9592c503b53957f27ddd8ebb0d6d227873a789cc296de6151bab6a92c2,Wasset,0.0,15,16.688885882496834
11,21,Real World Builders,0x42eacdd55ad51ecbb122d5750840d87c3d9824e5a67d7e2d9bc95b4d17b44d3b,Re:Permissioning the City,54.94745990625,13,21.705700247548521
11,21,Real World Builders,0x35ae64a74334a98cb4db6f200e42c065e12fef2162789ed42f86987bf43e7455,DANC3,8.1820671171875,12,8.1609573577411219
11,21,Real World Builders,0x57a057ee120b26cea127ff7e335a8f857dddf13d694be376adf7a6daf8753c13,April Token,143.8992904921875,19,33.100855126976967
0xf591e42dfdfe8e62c2085ccaadfe05f84d89d0c6,18,Meta Pool LatAm GG18,0xe2e9b444eb139fbd6a7831fa1d3cad2a739464909742293a26713d918d539bd3,ETH Venezuela Community Projects,2107.6110194726562,74,167.51626035326626
0xf591e42dfdfe8e62c2085ccaadfe05f84d89d0c6,18,Meta Pool LatAm GG18,0xaeade557a07b7a81b07b9762a71203a84901036763935c67a7d1c5fb3207d7ae,T2 LATAM,1662.5907465234375,56,104.75721753889229
0xf591e42dfdfe8e62c2085ccaadfe05f84d89d0c6,18,Meta Pool LatAm GG18,0xb2db60cd646c646266c29f360eed419bf9b06504e07d36e350aeaf511cd88758,CryptoConexión: A Community of Communities Fostering Connection and Growth in Latin American Web3 Education,1308.3970515820313,54,78.519015955855139
0xf591e42dfdfe8e62c2085ccaadfe05f84d89d0c6,18,Meta Pool LatAm GG18,0xf185cb5e2fb4d77eccd69a49d040f434c34c071e346e4a71e8d5e87807349dfe,Green Digital Guardians,2151.6012422460935,71,121.88942789786961
0xf591e42dfdfe8e62c2085ccaadfe05f84d89d0c6,18,Meta Pool LatAm GG18,0x29c7846924f3b461b036f260af5e881ef1cfd3481615d0cf1c46dc4944b2144e,"ReFi Medellín - Join the movement towards a more sustainable and equitable future in Medellín, Colombia",2323.44273109375,61,145.86410961986985
0xf591e42dfdfe8e62c2085ccaadfe05f84d89d0c6,18,Meta Pool LatAm GG18,0x3448c0ccdb4e24c23df5985c4c8ab8d1026c9439a5892d3785f10b4a34c44c16,Nación Bankless,2111.6804895703126,63,129.11377074324992
0xf591e42dfdfe8e62c2085ccaadfe05f84d89d0c6,18,Meta Pool LatAm GG18,0x73bb3f1d3bd408f9a32c0de7e4efee9a482e9ba5f8928ecf10588de1d3a6eac2,Fundación Salva Terra,2381.488853652344,73,110.22617916854506
0xf591e42dfdfe8e62c2085ccaadfe05f84d89d0c6,18,Meta Pool LatAm GG18,0xc401c980df990c4153febcf89b1b78428be1e1f5020d1c72d21b9c818f5ab2a5,DeFinomics Labs,2496.607421875,63,324.59478586667683
0xf591e42dfdfe8e62c2085ccaadfe05f84d89d0c6,18,Meta Pool LatAm GG18,0xea004c2a12d8368d7d8d51049eef31679009510e2c6b6e34c35f3549492a240d,Content creation about liquid token from Meta Pool,1083.3029264257812,45,137.79383867362048
0xf591e42dfdfe8e62c2085ccaadfe05f84d89d0c6,18,Meta Pool LatAm GG18,0x08016e5dfa3a46d22aa5d1cc2053f92052a66894cb185af3b9b543aecd8a1a7b,Cryptocarnes MetaPool HUB,2496.607421875,169,260.03420788922813
0xf591e42dfdfe8e62c2085ccaadfe05f84d89d0c6,18,Meta Pool LatAm GG18,0x2b6168e96f201e2fa28c49377fec060608b24440d61f4060dd23a5661f409410,WAGMI LATAM,1206.7851295117187,48,80.904922130634077
0xf591e42dfdfe8e62c2085ccaadfe05f84d89d0c6,18,Meta Pool LatAm GG18,0x33bb1d1d9602c2f6804077ec9e894a90aef779c95afa37d9c7eef4c7a0e62016,mxweb3 crypto hub,2496.607421875,63,161.65013256960083
0xf591e42dfdfe8e62c2085ccaadfe05f84d89d0c6,18,Meta Pool LatAm GG18,0x879e795187621603d93ee43c53b405b9b4cd2d74abe369dfe54d722edcea96f2,AQKU,600.63381355468744,52,57.410544765531085
0xf591e42dfdfe8e62c2085ccaadfe05f84d89d0c6,18,Meta Pool LatAm GG18,0x7604bfe7a9d940e5108b819b085bf200f9ab7ba4a4068a9afca1fd16fb84062f,"[Colledge Program] Mastering Liquid Staking with Metapool: Understanding, Utilizing, and Unleashing Its Power",538.61808519531246,35,68.626241729944013
0xe60a569ec8aac2045d9fda306dc2a16cc1e52a90,19,OpenCivics Genesis Round,0x4840708a250e09ffd29dd2a40edca0ad35ef66fc36722459d10ce3c11a06f489,DAO Coalition,1773.4859162109376,47,143.46029012044892
0xe60a569ec8aac2045d9fda306dc2a16cc1e52a90,19,OpenCivics Genesis Round,0xe962405183f44c3c3ae0d5fa40b838b743227b43c73f9770b7a9fb874370d642,pact.social,2557.11328125,59,244.331306619104
0xe60a569ec8aac2045d9fda306dc2a16cc1e52a90,19,OpenCivics Genesis Round,0x14692aff9ff24dd0fd02d242fe39e75a9c970c4dbbca53e301347b07f9216be2,The Commons Economy Roadmap - Iteration 1,1532.375704921875,43,135.88733333232813
0xe60a569ec8aac2045d9fda306dc2a16cc1e52a90,19,OpenCivics Genesis Round,0xe4600bdb99e085b49fa3cbece7b519eaec0ad4816423b278b7f154e8007ea4fe,Latticework Labs,2557.11328125,36,3009.8627216927707
0xe60a569ec8aac2045d9fda306dc2a16cc1e52a90,19,OpenCivics Genesis Round,0x17bd4435619699f3be591de2cc1f52943bd6a0ce5e5d091ee8de5610f22512c6,Bloom Network,1125.6668375390625,44,88.26423556287773
0xe60a569ec8aac2045d9fda306dc2a16cc1e52a90,19,OpenCivics Genesis Round,0x8e6842a17d8d3c4fa93c286777aa7ffea1810d9187243762d95baab0e36cc12e,ZK DeCiv Tookit,2373.81940125,82,130.18845581379719
0xe60a569ec8aac2045d9fda306dc2a16cc1e52a90,19,OpenCivics Genesis Round,0x906ffc3130897f433c5fb1a01a30d2581eaa606ff00f6c80348ccc65af9a1a8e,Mechanism Institute,885.55390042968759,44,97.458020749967545
0xe60a569ec8aac2045d9fda306dc2a16cc1e52a90,19,OpenCivics Genesis Round,0x05ba6061990d7cd09474ea4d9860251c7113b123aa02a807f0895c44686ffaf7,Ogallala Life,2557.11328125,33,3340.9032411661465
0xe60a569ec8aac2045d9fda306dc2a16cc1e52a90,19,OpenCivics Genesis Round,0x80d9270ea5f28cb4f5cf7a1affc62397c227602a689c19ccd1955d1d88e79ad5,ReCommon,1322.5901313281249,42,124.10757456114516
0xe60a569ec8aac2045d9fda306dc2a16cc1e52a90,19,OpenCivics Genesis Round,0x8c717b74968d81d24a568e788362129a7378703900b39ffad3ffdc51c35fed32,WaterUnity Network Alpha to Beta,1016.1968179687499,42,121.17923925817013
0xe60a569ec8aac2045d9fda306dc2a16cc1e52a90,19,OpenCivics Genesis Round,0xa1baa6cadb5a6e29852db497a9c32f18a2dc9d17af911e3f5482c372869c2364,RadicalxChange Foundation,1753.7705728125002,40,213.34438210609369
0xe60a569ec8aac2045d9fda306dc2a16cc1e52a90,19,OpenCivics Genesis Round,0xefcdbf1d636187cb7e5e6554cd82b0edc5d8a316927987d8f0082687d59296a6,viaPrize,2111.817574453125,36,632.7697589378804
0xe60a569ec8aac2045d9fda306dc2a16cc1e52a90,19,OpenCivics Genesis Round,0x95b5a2f3f29818b9c510c9769b4611b333debdd5bc089b900be780de4b07a412,Re-Public: Personal Data Utilities for Humans,974.87386734374991,47,88.833078137831762
0xe60a569ec8aac2045d9fda306dc2a16cc1e52a90,19,OpenCivics Genesis Round,0x4e9983c53ba325fff6d18859bf5a1874e59e532d91b3e0df0fd696882a605b5c,"Pairwise: Simplifying Choices, Amplifying Voices",991.36724800781246,42,83.792382211890072
0xe60a569ec8aac2045d9fda306dc2a16cc1e52a90,19,OpenCivics Genesis Round,0xb94a2f8128f5e15609f6eedb34c97639f61b087e972890b2d68e9731798eca4f,Ethereal Forest is Building PDX DAO as a Public Good,2038.1215696875,52,168.18779831496067
0xe168ac27b7c32db85478a6807640c8bca1220d15,19,1inch LatAm ,0xc401c980df990c4153febcf89b1b78428be1e1f5020d1c72d21b9c818f5ab2a5,DeFinomics Labs,5710.3189453125,185,606.53607716063743
0xe168ac27b7c32db85478a6807640c8bca1220d15,19,1inch LatAm ,0xd771282795b2966144b058488486b8bd60d304099b0ed90623cefa3dd8c62ee7,CryptoConexión DeFi adoption  project,670.35337538671877,74,80.136560738743356
0xe168ac27b7c32db85478a6807640c8bca1220d15,19,1inch LatAm ,0xe2e9b444eb139fbd6a7831fa1d3cad2a739464909742293a26713d918d539bd3,ETH Venezuela Community Projects,2896.1595626835938,139,187.01753453027231
0xe168ac27b7c32db85478a6807640c8bca1220d15,19,1inch LatAm ,0xed04796b2e46ebfe574a98567b6e864e9871760919a71c5048488efa0bf16b13,"Mi Costa De Oro, Autonomous and Regenerative Community Rooted in Action (Venezuela)",3495.7430519414065,158,182.54394006142866
0xe168ac27b7c32db85478a6807640c8bca1220d15,19,1inch LatAm ,0xf9e78d3438e2cd36dbc7666075771fd9771a1273caa0cfd2a267d3a5f8d58bf5,Web3beach,5452.09832260547,196,222.69504304965267
0xe168ac27b7c32db85478a6807640c8bca1220d15,19,1inch LatAm ,0x558fe004115928f8dd8c912fac63c150c7eae9d04fbd659335a553fef665909a,A Nacion Bankless Perspective,2206.6195156406252,125,165.15930741345983
0xe168ac27b7c32db85478a6807640c8bca1220d15,19,1inch LatAm ,0xa4f7aa73d21bffa91291ef6f437484581b755d8c7d4df4d4002febab5c30283a,WomenBiz - 1inch Workshops,650.671809421875,73,71.585900105494147
0xe168ac27b7c32db85478a6807640c8bca1220d15,19,1inch LatAm ,0x2fbba6aad161ff7d2e78a95fccbae9a472d35313e812f7f9fadf5ae80708c717,1Inch swaps in Blokchain Operating System,5710.3189453125,210,256.77512801074954
0xe168ac27b7c32db85478a6807640c8bca1220d15,19,1inch LatAm ,0x3106ac49f3da0ebd720ca542c4efb713a6e2c10ab3497b50239a52322a5edd95,GreenPill Mexico,815.128995046875,77,88.75077814819997
0xe168ac27b7c32db85478a6807640c8bca1220d15,19,1inch LatAm ,0xdfa4005d484b413fbdec038ab5b5f0c716527a1c32e9b7e0e9111ca0b35d5d9e,Solow,2780.24008809375,141,171.55466990611058
0xe168ac27b7c32db85478a6807640c8bca1220d15,19,1inch LatAm ,0x26f68334ab056d605995e73c038faf1e863d8992cd49f6f41091d000d38ba056,Modular Crypto,5710.3189453125,196,565.89001120325884
0xe168ac27b7c32db85478a6807640c8bca1220d15,19,1inch LatAm ,0x33bb1d1d9602c2f6804077ec9e894a90aef779c95afa37d9c7eef4c7a0e62016,mxweb3 crypto hub,1970.6310680273436,99,196.07735351538759
0xd4cc0dd193c7dc1d665ae244ce12d7fab337a008,19,Web3 Open Source Software ,0xa9956ceed5830e7f1c9e820c38453edc222265ff98e8592d25544464570266a1,Starksheet,2382.73903653125,1240,2066.3093712615992
0xd4cc0dd193c7dc1d665ae244ce12d7fab337a008,19,Web3 Open Source Software ,0xaa6178ee8d2db46e7b08cebd1c38c7ad4167a8d08e3c66ec23d6e063c74bd056,Jolly-Roger,451.49162325000003,265,351.2171941830311
0xd4cc0dd193c7dc1d665ae244ce12d7fab337a008,19,Web3 Open Source Software ,0xae5a8954e409f4d725026783facca0c920cfafb64ba5f595047d3565e3ef951a,Ambire Wallet,610.7945186875,294,357.36347559583373
0xd4cc0dd193c7dc1d665ae244ce12d7fab337a008,19,Web3 Open Source Software ,0xaedf9165393192b5ec481914f7d2d9b16e82d4bbad0283251d4d4a243e9e7ae2,Sybil-scorer,1403.5065398281249,657,887.4977522354784
0xd4cc0dd193c7dc1d665ae244ce12d7fab337a008,19,Web3 Open Source Software ,0xaf7e0ce22feb1fa64e405a2d29ad3b0ac9092730b0312bf587ba3a20953b9373,Impersonator,1672.480272828125,640,1465.1576609313488
0xd4cc0dd193c7dc1d665ae244ce12d7fab337a008,19,Web3 Open Source Software ,0xb0d63ba8283a36f79ab6751ea4e941584bcb3d70b2939d35b237272f173b9ca4,The Tor Project,3932.9403280624997,1897,3692.7406892736653
0xd4cc0dd193c7dc1d665ae244ce12d7fab337a008,19,Web3 Open Source Software ,0xb10a5e4ca8e298583438b860f701a9c9bbb1c5837fac099e32b66a6ff1e47120,Codingsh Open Source Developer,182.51789025000002,118,109.01752670505084
0xd4cc0dd193c7dc1d665ae244ce12d7fab337a008,19,Web3 Open Source Software ,0xb3294ce7bb56ac18bfd6b97075f02376e92dd1a54e173aec0f3cacb559a28add,ZKP2P Fiat On Ramp,1065.08795165625,235,4186.17960945284
0xd4cc0dd193c7dc1d665ae244ce12d7fab337a008,19,Web3 Open Source Software ,0xb4f2bb5884b9c5866dc1b6cf028a487b1af91c151ddb911afcfcc9fb08b5acdf,WalletX,490.917088578125,259,302.62435737904161
0xd4cc0dd193c7dc1d665ae244ce12d7fab337a008,19,Web3 Open Source Software ,0xb6a332decc38c703130a537ce7fcfe5a24bd85e52e0769994bc752d04e182cca,IDriss - A more usable web3 for everyone,12172.462323109376,8427,12456.24228374497
0xd4cc0dd193c7dc1d665ae244ce12d7fab337a008,19,Web3 Open Source Software ,0xb6ef2486b7cb418acb3fd460f1c78a714d6c338eaff95b2734d79ff1cdbf867b,Carmine Options AMM,3958.95713259375,2433,4206.9354081531055
0xd4cc0dd193c7dc1d665ae244ce12d7fab337a008,19,Web3 Open Source Software ,0xb75838608c70abd1dd916c7db56678a4fe398983cc8e8de9f3e8ae14eeef009a,Sybil Defense for Public Goods - with privacy,3235.0895788281246,1715,2486.37743197917
0xd4cc0dd193c7dc1d665ae244ce12d7fab337a008,19,Web3 Open Source Software ,0xc3205ab19fc05f54626c7fe3235a9dee1fc2ff8306af24c0da66d2f9c4f0f7d8,StatelessArt,224.14477749999998,99,125.32445726877268
0xd4cc0dd193c7dc1d665ae244ce12d7fab337a008,19,Web3 Open Source Software ,0xc4d7fc307441e02e6643e2cc1244064fd547b68c2715127faa9753285891ee74,DApilink,240.55537728125,132,125.23131589288823
0xd4cc0dd193c7dc1d665ae244ce12d7fab337a008,19,Web3 Open Source Software ,0xc5faa5745bf23d94fde96bdda0abe63ba787f7056a2bfc42db3b8d494be5c491,Hildr,293.38950340625,172,223.14556280381294
0xd4cc0dd193c7dc1d665ae244ce12d7fab337a008,19,Web3 Open Source Software ,0xc6b17013c16bc26c862d299c80a164806e79bd9be638faa0d0d5d6baf0017983,Revoke.cash,14849.591509375,12141,25885.621686458562
0xd4cc0dd193c7dc1d665ae244ce12d7fab337a008,19,Web3 Open Source Software ,0xcaa2f99f0e54943da441af228296cf621a7a1eab4949305785e51e342a5afd15,Augmenting the ReFi Knowledge Graph with AI,191.923965734375,87,200.81547592766583
0xd4cc0dd193c7dc1d665ae244ce12d7fab337a008,19,Web3 Open Source Software ,0xcc6d33fe291d0fafb19cf8b833dc27d2f469fac52e3cc1f050ca4a0d83d66c74,POAPin,2846.63867425,1406,2181.1478004152887
0xd4cc0dd193c7dc1d665ae244ce12d7fab337a008,19,Web3 Open Source Software ,0xcd450144a7b83c2fe1e1a3715670fcf9d55712a5ae80743a1ab7fbccbd5c6e85,Citizen Wallet - an open source wallet with account abstraction for your community,1944.2558155468748,1405,1667.9677292369306
0xd4cc0dd193c7dc1d665ae244ce12d7fab337a008,19,Web3 Open Source Software ,0xd54212b89f49a330eb4f955036ccbf82752f32d6b0fa368c74faeaa2c05035b1,zenbit.eth,267.77295740625,127,172.20488709909841
0xd4cc0dd193c7dc1d665ae244ce12d7fab337a008,19,Web3 Open Source Software ,0xd8e0de535ba58db6a7226c577a7f8f51afaa8461a026bfe7ab9ba3a32e83e344,ETHRank - The open source achievement system for every Ethereum address,374.24172671875,194,257.15634241187945
0xd4cc0dd193c7dc1d665ae244ce12d7fab337a008,19,Web3 Open Source Software ,0xd9408c0236f2f7c71b6e56fb3975dd24185d7e975f0b8988359cd14a48e16bbe,1Hive Gardens,924.1969486562499,278,632.6843940585386
0xd4cc0dd193c7dc1d665ae244ce12d7fab337a008,19,Web3 Open Source Software ,0xddbe418ee161b4cd36870a1e8d92732960ccf12fde77879c046df8bfd930a03d,DappReader,782.70555785937506,417,562.87057130690664
0xd4cc0dd193c7dc1d665ae244ce12d7fab337a008,19,Web3 Open Source Software ,0xde061f2a2a4047aef45b76f480a8e0bf8c8c3918a18b3ed8e86b60f7734d270d,1W3,281.181618203125,126,279.31162734559985
0xd4cc0dd193c7dc1d665ae244ce12d7fab337a008,19,Web3 Open Source Software ,0xde911fbd1751098258b7f2511cc84a00b3af2608fe0ffe7278dafe85620acfc1,Glo Dollar,1571.2148644218751,797,1497.0285361332099
0xd4cc0dd193c7dc1d665ae244ce12d7fab337a008,19,Web3 Open Source Software ,0xe0dce3ff7cde4c9068403abf50b0f0162e8395e100240cf725d8d9e18bae005e,Grateful,200.9297826875,112,136.62704273499548
0xd4cc0dd193c7dc1d665ae244ce12d7fab337a008,19,Web3 Open Source Software ,0xe29d09f87943c46f6e3f87cddc352113f9965cecb9e92009f6cbce0baff21ff6,ZeroPool,1222.9899422343751,604,800.963223207742
0xd4cc0dd193c7dc1d665ae244ce12d7fab337a008,19,Web3 Open Source Software ,0xe38c87edb4d12ab85edc10c934b6aea20f6f33dfb5a8001ba10d671b8a5a7a56,Open Source Observer,890.375102765625,223,536.99437029124238
0xd4cc0dd193c7dc1d665ae244ce12d7fab337a008,19,Web3 Open Source Software ,0xe85ae7069567808a5f50ff0362c6dc6bfbc811f4e4fadc94df725ece1c022533,Liker Land - NFT eBook - Empower Content Ownership,0.0,132,174.23889400015833
0xd4cc0dd193c7dc1d665ae244ce12d7fab337a008,19,Web3 Open Source Software ,0xe9dfc4da2e9fbcf33042b9c978322967e52985162659fa8a0627bc8573cbbb59,BrightID 🔆 Universal Proof of Uniqueness,5431.1080105312494,3429,4595.5449411078553
0xd4cc0dd193c7dc1d665ae244ce12d7fab337a008,19,Web3 Open Source Software ,0xe9ec606c59f74c13f1c0700a7794dcac644c0483f4ccdf6849bace1ebcc37a53,Praise,626.004342875,224,327.49670317349955
0xd4cc0dd193c7dc1d665ae244ce12d7fab337a008,19,Web3 Open Source Software ,0xeb15b7182973de4a4fe9557d9ce9615d89a64d51d87e7dbd4dd3599a9e412ddc,Gitcoin Passport Plugin for Discourse,1494.5653556875,744,1097.80204229031
0xd4cc0dd193c7dc1d665ae244ce12d7fab337a008,19,Web3 Open Source Software ,0xefcdbf1d636187cb7e5e6554cd82b0edc5d8a316927987d8f0082687d59296a6,viaPrize,521.53686621875,205,485.03979481081478
0xd4cc0dd193c7dc1d665ae244ce12d7fab337a008,19,Web3 Open Source Software ,0xf01c0de2dfaabbafd7bbd7b8ecd8b0731fb66a650468aac22e610ca5a860af27,OmniBTC,14849.591509375,10344,17822.049558394803
0xd4cc0dd193c7dc1d665ae244ce12d7fab337a008,19,Web3 Open Source Software ,0xf0572ad90c411f8f5d5dcb0938f0021e1b5d28d7cf427ddc34cc3a53cc740336,FundPG,342.22104421874997,144,230.68738939776085
0xd4cc0dd193c7dc1d665ae244ce12d7fab337a008,19,Web3 Open Source Software ,0xf07ea04701c275aba07e6a0ac4d89155d0cf9233a779df3fa5999ead1883f1e1,Kleo Network,3149.8345116718747,2171,2596.9382362198958
0xd4cc0dd193c7dc1d665ae244ce12d7fab337a008,19,Web3 Open Source Software ,0xf102594338facac82279a9c7f6f2796e1384ddab6bb1fc2b4b9083811d71391e,Ethereum Attestation Service (EAS),0.0,842,13148.293374504196
0xd4cc0dd193c7dc1d665ae244ce12d7fab337a008,19,Web3 Open Source Software ,0xf85911aef3286fb038ed02b59f9aeba9711c1e12af61a8dd3e56d1cd7d66a197,Mirror,2715.75413453125,1523,2668.9017666075379
0xd4cc0dd193c7dc1d665ae244ce12d7fab337a008,19,Web3 Open Source Software ,0xf9758fb44bb9addc5af1ccebbcbf7dacd36584055b934852344bcbda74bf82d9,Breadchain Cooperative,273.37657684375,143,188.12214678057717
0xd4cc0dd193c7dc1d665ae244ce12d7fab337a008,19,Web3 Open Source Software ,0xf9c4592e3be7eab25d5f782b605adb115e49ff2058d59244bd59b0bcf815f4e8,uniswap-python,610.594389421875,275,381.18619412833141
0xd4cc0dd193c7dc1d665ae244ce12d7fab337a008,19,Web3 Open Source Software ,0xfa4341ed3d732c288ae87ea98d87cf69e8d300508036778ba0ab538b5125a1ff,ENS Wayback Machine,945.610780078125,364,644.42894647477442
0xd4cc0dd193c7dc1d665ae244ce12d7fab337a008,19,Web3 Open Source Software ,0xfba42284a052144107a8740e36f0a82fb78179f4b2a5f95bc8807ad202f85421,Militereum,405.662021421875,191,236.99694670804092
0xd4cc0dd193c7dc1d665ae244ce12d7fab337a008,19,Web3 Open Source Software ,0xfbb0a3b1a9514600e997ee3ac73eb96bdf534d276bbe9fb07e597305e60b33e7,Saturn Observatory,123.47975689062501,87,82.462402605684474
0xd4cc0dd193c7dc1d665ae244ce12d7fab337a008,19,Web3 Open Source Software ,0xfca3bab0fb16505a0a6bb93cc4ab693777832bbb74f6166d381ecf6c537cb215,The Forus,232.95046518750001,116,264.86523311631754
0xd4cc0dd193c7dc1d665ae244ce12d7fab337a008,19,Web3 Open Source Software ,0x46ddc886ac23d5bc2cbc96cd2aa990627bcd98c881a953070f94c15e03267707,DefiLlama,12303.54699209375,7149,15156.377674679141
0xd4cc0dd193c7dc1d665ae244ce12d7fab337a008,19,Web3 Open Source Software ,0x4870d4ee18dffe8baa4f03e2ae6aa5dd26a02edd600c753599c703250f18d55e,Lakat 📜,350.826602640625,118,272.04342805896886
0xd4cc0dd193c7dc1d665ae244ce12d7fab337a008,19,Web3 Open Source Software ,0x4d23a7eed251126b68f95904310447f27bf49409f95185a353969e1430dfd54d,IDENA,4796.8983677656252,3245,4081.5018657800829
0xd4cc0dd193c7dc1d665ae244ce12d7fab337a008,19,Web3 Open Source Software ,0x4e9983c53ba325fff6d18859bf5a1874e59e532d91b3e0df0fd696882a605b5c,"Pairwise: Simplifying Choices, Amplifying Voices",610.194130890625,187,383.19892902762876
0xd4cc0dd193c7dc1d665ae244ce12d7fab337a008,19,Web3 Open Source Software ,0x50cff39c67e3b5b16fe089c78b2186b448f41b1f4d211b080fe288246f22297e,Mississippi,282.5825230625,135,193.23315354203805
0xd4cc0dd193c7dc1d665ae244ce12d7fab337a008,19,Web3 Open Source Software ,0x512d9de50e17d1707eb2c571cea3b9332c67ec3acead6c348d34758773e4ff39,Dapp-Learning,0.0,124,181.56403965280333
0xd4cc0dd193c7dc1d665ae244ce12d7fab337a008,19,Web3 Open Source Software ,0x52251ad16a48521bff84883483464bbd9dd4398e4597058051c60910f59b916f,Sprintcheckout,136.28802989062498,113,93.682050908450037
0xd4cc0dd193c7dc1d665ae244ce12d7fab337a008,19,Web3 Open Source Software ,0x545a2e6892237e3eff0f58142e0e215f7d58a6c41f59c88c3b1aedd1099b4a8a,Commons Stack,1157.14741384375,435,851.480834571179
0xd4cc0dd193c7dc1d665ae244ce12d7fab337a008,19,Web3 Open Source Software ,0x5711c88512392c525a48cdce25ccfa89289f4bca8cfa32b06dd546bb5f2206cb,Geo Web,300.9944155,124,200.72116823750548
0xd4cc0dd193c7dc1d665ae244ce12d7fab337a008,19,Web3 Open Source Software ,0x5e31416410f61cb1eabfc7e4f74d41355d21fcc0d7d51f82375a83452f04d530,Solve3 | Bot Protection for Smart Contracts,477.10816924999995,171,591.113777023973
0xd4cc0dd193c7dc1d665ae244ce12d7fab337a008,19,Web3 Open Source Software ,0x5fd08d2a91922c9ebde50a90422ad3e9b8563f774e56bfe965882db333fa6f09,dSentra,764.4937946875,270,2536.724241183605
0xd4cc0dd193c7dc1d665ae244ce12d7fab337a008,19,Web3 Open Source Software ,0x60c037f9dfa5daee0f07bc26fb73393ef924e36c73c41ea6bd58029e1724de36,JediSwap,14849.591509375,17583,42932.11465708373
0xd4cc0dd193c7dc1d665ae244ce12d7fab337a008,19,Web3 Open Source Software ,0x6466946b9f19a8e70242db04e437a9db945868b6665ca8cae1ef4cfa2644c55c,growthepie.xyz 🥧📏 - Layer 2 and Blockspace Analytics,921.3951389375,375,615.11580940429121
0xd4cc0dd193c7dc1d665ae244ce12d7fab337a008,19,Web3 Open Source Software ,0x661adec1a01270a6f2d0fa694e85810429dbcbacfcb2aa42445c05badce85e39,Hey.xyz (formerly Lenster),14849.591509375,10287,22645.027428308269
0xd4cc0dd193c7dc1d665ae244ce12d7fab337a008,19,Web3 Open Source Software ,0x6aeb3ddab061203d32594b03901bf458679a66fbeab99f0cff3c1ae46b1269da,DAOstar,487.715020328125,178,284.69999401737005
0xd4cc0dd193c7dc1d665ae244ce12d7fab337a008,19,Web3 Open Source Software ,0x718210861d52a90b48c63cf8ddbb802ff953bb6bdab6f3e3bf245e4252397ac9,Smoothly,629.006281859375,238,534.58169993804768
0xd4cc0dd193c7dc1d665ae244ce12d7fab337a008,19,Web3 Open Source Software ,0x73a673466680ececc960a98b71708b52dd0ae74d9bcfab95404011ce19a89eeb,Rings Network,429.8776625625,199,259.4262694187637
0xd4cc0dd193c7dc1d665ae244ce12d7fab337a008,19,Web3 Open Source Software ,0x79b6739449b0864850b42cfeca44aa8dbaa13d3f83d83e725523554c74e05050,Epoch Protocol,1050.67864453125,462,701.46801632386632
0xd4cc0dd193c7dc1d665ae244ce12d7fab337a008,19,Web3 Open Source Software ,0x7f6a2b1741d17c2dd830b15608a6619fcab3a044b7da74e465ec000310e5b3db,Karma GAP,469.50325715625,330,371.03151882416569
0xd4cc0dd193c7dc1d665ae244ce12d7fab337a008,19,Web3 Open Source Software ,0x84eba68b6ce0227ed9916c4ec5a761318f2b0383c8f3ea2a6e924375def34358,Influenpeer,244.55796259375,118,141.49886534639882
0xd4cc0dd193c7dc1d665ae244ce12d7fab337a008,19,Web3 Open Source Software ,0x8862ffd4e3cab1245563819586012c549e1fe2d0a720b7d361fc8ea745e74a6e,Rouge Ticket,1164.552196671875,870,1294.8853200310841
0xd4cc0dd193c7dc1d665ae244ce12d7fab337a008,19,Web3 Open Source Software ,0x8b64854386aa844a240afd173df39a7ba5b4b2d669de8349f50f5dfe66180f68,"Mini Bridge: ""0"" rate Cross-L2 protocol  by Chaineye",6645.6925236093748,4178,7434.0974216938484
0xd4cc0dd193c7dc1d665ae244ce12d7fab337a008,19,Web3 Open Source Software ,0x90e7218af40ac970b76c7faa142ba0510e642058d57f3206a4af21052ff8e881,Iron Wallet,3288.92435128125,2093,2625.4647715815809
0xd4cc0dd193c7dc1d665ae244ce12d7fab337a008,19,Web3 Open Source Software ,0x95605dee486ec664c1a9df37040df78c29da1021bc91204262ce89c2990adf36,Wildcards Protocol,270.574767125,156,156.37855068361387
0xd4cc0dd193c7dc1d665ae244ce12d7fab337a008,19,Web3 Open Source Software ,0x9b2f73c678b64526830d5d9e69f4768fad765290041bd759041476d74c9f2b0d,StreamETH,304.796871546875,138,188.17613837379031
0xd4cc0dd193c7dc1d665ae244ce12d7fab337a008,19,Web3 Open Source Software ,0x9bafca993ab589fd3bee973179cb19b3cb7a58dfe3e4e468c33ac7e7d9ede143,ZenGuard,420.67171634375,224,293.19533653487451
0xd4cc0dd193c7dc1d665ae244ce12d7fab337a008,19,Web3 Open Source Software ,0x9e8896090abff240885c74b27cd32f3917d2471e504e82db21e309360bbf2903,Astral,1487.7609606562498,741,1307.581655803835
0xd4cc0dd193c7dc1d665ae244ce12d7fab337a008,19,Web3 Open Source Software ,0x9fb5b0d0698dc64cbd3a01c5205ebc5ef609e7d20c21ce20ee2c73905a8309a0,Umbra,6524.0139301093759,3852,7085.7503473121506
0xd4cc0dd193c7dc1d665ae244ce12d7fab337a008,19,Web3 Open Source Software ,0xa2e1320dae26cb3cb620a4857c14b6e4a5b8a93f942f1b4ba68e8b78dab00e3b,JiffyScan - The UserOp Explorer for 4337,193.725129125,82,225.96412724070251
0xd4cc0dd193c7dc1d665ae244ce12d7fab337a008,19,Web3 Open Source Software ,0xa2f642e4a86c02d09d28f6e8cf57b269fdfa2e01c4581a737b6110c82bd271f5,ethstaker.tax,504.52587864062497,232,320.17843889944197
0xd4cc0dd193c7dc1d665ae244ce12d7fab337a008,19,Web3 Open Source Software ,0xa4d27dd96688207f5ec1ac21256836d927d04b010e26ebb9a2d83dea6bff1ddb,Plebbit,253.7639088125,104,128.67594603216276
0xd4cc0dd193c7dc1d665ae244ce12d7fab337a008,19,Web3 Open Source Software ,0xa7421049dfb7dcacaa3c423aaa31fbfeae4e091825a8c937423a7e3b3fd79888,eth.limo,0.0,2087,3222.7378232956144
0xd4cc0dd193c7dc1d665ae244ce12d7fab337a008,19,Web3 Open Source Software ,0xae97e83e49806ee023655c5ce84bb7837c7ad4fab73129d6ac089a3d48bfe268,Punk Domains | Web3 Social Names Protocol,675.63640075,292,390.69446918295944
0xd4cc0dd193c7dc1d665ae244ce12d7fab337a008,19,Web3 Open Source Software ,0xc3855183a2f04f3445ec1327744058d72db0fc96dd3f48225ece9da1f2ee823a,ethOS - Web3 needs an OS,397.25659226562493,177,297.67640588060021
0xd4cc0dd193c7dc1d665ae244ce12d7fab337a008,19,Web3 Open Source Software ,0xc84e699e38b1ae006b550e9f78f3d0d7935098ed44f13c85298754d1c82b336b,ChainTrack,371.84017553125,191,271.06218999950215
0xd4cc0dd193c7dc1d665ae244ce12d7fab337a008,19,Web3 Open Source Software ,0xd2018d0c78b6063d522f968e1a9ac0ce5b3d49abee67b53639b52a2db6028359,Ancient Beast,309.8001031875,148,176.55957622428832
0xd4cc0dd193c7dc1d665ae244ce12d7fab337a008,19,Web3 Open Source Software ,0xd8b0921ff1afdd6449d4ef6cb258e2d5480e53eefcc6aa19ed95cdf47b2c3578,Gov4Git: Decentralized governance for git communities,340.2197515625,109,251.937718720641
0xd4cc0dd193c7dc1d665ae244ce12d7fab337a008,19,Web3 Open Source Software ,0xe774b4f543259518e0595eae2ed5969cd7e2898c129ddfc8518e00439dfe7f20,cadCAD: Computer Aided Design for Complex Systems,0.0,143,169.31863771565259
0xd4cc0dd193c7dc1d665ae244ce12d7fab337a008,19,Web3 Open Source Software ,0xf8b22d1f3e6a6d9258fc85e8df59e414e500b665aeea5550b0db20459e98eaf4,EIP-7265 Alliance - securing the future of ethereum,222.14348484375003,119,124.54242833201715
0xd4cc0dd193c7dc1d665ae244ce12d7fab337a008,19,Web3 Open Source Software ,0x00065ad5b4ac5b42ac82c60ac9e939505f7996e95b6181919a5353fc50e6b664,Ether Alpha,806.12068193750008,303,533.59761654841714
0xd4cc0dd193c7dc1d665ae244ce12d7fab337a008,19,Web3 Open Source Software ,0x019b27463efbc577e6ff185aa3a525e60b0d713aa6aea2449a226ad6d769f5be,Eppie: Web3 native email,375.44250231250004,138,255.43735313531943
0xd4cc0dd193c7dc1d665ae244ce12d7fab337a008,19,Web3 Open Source Software ,0x01b241c9dd5efbfed53526975bcf7dababc1fc641ae548a53cb76cbbc5e63a0d,Wallet Test Framework,145.093717578125,104,203.92596291354857
0xd4cc0dd193c7dc1d665ae244ce12d7fab337a008,19,Web3 Open Source Software ,0x032027603fb8055d56e750a29d658eddae5b163ea76c406e42012309dc5a4f6e,4EVERLAND,1577.018613125,828,1258.4088810699359
0xd4cc0dd193c7dc1d665ae244ce12d7fab337a008,19,Web3 Open Source Software ,0x07961486ee21b1c67495f7f01e21c4d976a654da5b3ce8ad31c78181438a86fa,Zk- Block | Tools for Zk & Web3 Dapps,1820.5759293906249,810,1181.4625297884922
0xd4cc0dd193c7dc1d665ae244ce12d7fab337a008,19,Web3 Open Source Software ,0x085b4d15ee4aa73bd26ad192117fd8af8d319aad7c9dc1b241028818b61e3264,Osmium,567.96685584375,305,314.46541387215257
0xd4cc0dd193c7dc1d665ae244ce12d7fab337a008,19,Web3 Open Source Software ,0x0da3353f922620b4fa3a7b0e7e4e81d93217c60919a93f48dd430d94cfd02a05,WTF Academy,800.316933234375,344,585.591804852811
0xd4cc0dd193c7dc1d665ae244ce12d7fab337a008,19,Web3 Open Source Software ,0x0da5497b0315d5beb941e877901052762533f08b81039ad30888515927a819ec,Gitcoin Grants Data Portal,1482.95785828125,700,1020.0123033052987
0xd4cc0dd193c7dc1d665ae244ce12d7fab337a008,19,Web3 Open Source Software ,0x0f1d31d427400106f3d2958225dd235ae60b6a7572fb5155201b723e1ae79632,Tape (formerly Lenstube),3707.5947749687502,2854,4022.2874942538315
0xd4cc0dd193c7dc1d665ae244ce12d7fab337a008,19,Web3 Open Source Software ,0x121349de663c28873917d4ab844eeb4776a87fb732a806cb083cec0e4a1a1b51,"Blockhead: portfolio tracker, block explorer and web3 browser",0.0,104,115.7122134778183
0xd4cc0dd193c7dc1d665ae244ce12d7fab337a008,19,Web3 Open Source Software ,0x1854dd10b67d95b4f1337671c42cf187c270f67c8ef3d0fb9792904551f83778,Plurality.net,0.0,78,154.2734412283171
0xd4cc0dd193c7dc1d665ae244ce12d7fab337a008,19,Web3 Open Source Software ,0x1981766be063bc818c00629b7699f32032d937c098505f66313b99a78b00de23,Amphitheatre for Arbitrum,156.70121498437499,113,103.52941658999771
0xd4cc0dd193c7dc1d665ae244ce12d7fab337a008,19,Web3 Open Source Software ,0x1d139d7675a79305c1f3f62a4d5f13569a8d2561198fe85fb14f27981724b6d0,Proof of Philanthropy: A Verifiable Giving Pledge for the Modern Age,643.21545971874991,194,1254.6618327861652
0xd4cc0dd193c7dc1d665ae244ce12d7fab337a008,19,Web3 Open Source Software ,0x1e9e8d47b2f14f961f5b27b76a06753d987cc36ea0e85405bace67aa4fa3f89d,Pepemon: Degen Battleground,650.620242546875,267,799.82546251220629
0xd4cc0dd193c7dc1d665ae244ce12d7fab337a008,19,Web3 Open Source Software ,0x1fcfd983a0808384535e9642f67740046acad0958686a3f593e939b8395c6971,Qortal,821.73076465625,364,505.90265970514156
0xd4cc0dd193c7dc1d665ae244ce12d7fab337a008,19,Web3 Open Source Software ,0x20636c87f66406e917bd61ef99d029bd0dad28d271404543410f247c82d40ffc,Hypercerts Foundation,4499.9065375781256,2697,34887.063147680135
0xd4cc0dd193c7dc1d665ae244ce12d7fab337a008,19,Web3 Open Source Software ,0x229b89fb4145f9c9168bbe27ffe11bffce2c2e2f2cc89255a3386f8c63201bfc,lazy-etherscan,403.4605995,186,325.42513389652595
0xd4cc0dd193c7dc1d665ae244ce12d7fab337a008,19,Web3 Open Source Software ,0x26e6000d50326b3ae1438d0427cfa28377280de230a46cad9c24987997dd856a,Web3 GPT,1602.835288390625,693,942.712172286454
0xd4cc0dd193c7dc1d665ae244ce12d7fab337a008,19,Web3 Open Source Software ,0x2b8ab5546a9ac6829cbbb621e05f6b1c4490d851c4407897cbe3c42ebb3e1610,Scribe,213.13766789062498,109,104.5238175096456
0xd4cc0dd193c7dc1d665ae244ce12d7fab337a008,19,Web3 Open Source Software ,0x30110c8ff69b31ae1173c17e3b20c79fbc8d6cfeb41145038235d6788b73f705,Ethereum Staking Guides by CoinCashew,0.0,230,801.75076619628817
0xd4cc0dd193c7dc1d665ae244ce12d7fab337a008,19,Web3 Open Source Software ,0x3180ca7155268226167fd9b3beb761719b3d389a4735d09c6db2cc760ebf9703,"Hannah, Justin, & Jake Decentralize Ethereum: Asymmetry Finance",218.54115806250002,107,483.91628484032117
0xd4cc0dd193c7dc1d665ae244ce12d7fab337a008,19,Web3 Open Source Software ,0x33141f6f1ab2578607e4dba1f361956ef82a2e03bfbfa91e5d4dab0a81c750dc,L2Insights,253.56377954687497,129,255.7013625097461
0xd4cc0dd193c7dc1d665ae244ce12d7fab337a008,19,Web3 Open Source Software ,0x3fb838596d462373fffad335babf91d4c16cda0fc9a7ed77bdcd3fcad48d4980,Regen Score,415.06809690625,156,237.66101281042211
0xd4cc0dd193c7dc1d665ae244ce12d7fab337a008,19,Web3 Open Source Software ,0x4fcb68a367315bf589157fc14355c7812791067ff6c325f70b36c7c40637432f,Donate3,501.52393965625,256,323.74567100941204
0xd4cc0dd193c7dc1d665ae244ce12d7fab337a008,19,Web3 Open Source Software ,0x5e4e8235c7e1078340c59e320c1c3bbb381b5b0281949abcce98c69291fff86f,dm3 protocol - the interoperability initiative,900.5816953125,466,1073.6672564344226
0xd4cc0dd193c7dc1d665ae244ce12d7fab337a008,19,Web3 Open Source Software ,0x677193e829ce6fe188033ed50954617bf826d115104eea41f1629b31c3471fa0,VueDapp,214.13831421875,150,148.70100447162986
0xd4cc0dd193c7dc1d665ae244ce12d7fab337a008,19,Web3 Open Source Software ,0x6e5a9c9f01f4884ff397a8e3e3cfce0a086395f9a9d2fd9a1cb9b11edbead016,GasLockR,224.9452945625,133,321.60708182258531
0xd4cc0dd193c7dc1d665ae244ce12d7fab337a008,19,Web3 Open Source Software ,0x7a7bba183fb942fef3a8f2c97d939367c8d82328a2a5d42b9f7ba2e358ff3423,LunCo - collaborative engineering,219.942062921875,102,120.54688720987178
0xd4cc0dd193c7dc1d665ae244ce12d7fab337a008,19,Web3 Open Source Software ,0x7c7c08934025c6d843f5cd742712dd55c2b44c03864cb49c3cd56b0e6409bfa1,Flexible Voting,367.03707315624996,134,1632.0703172958456
0xd4cc0dd193c7dc1d665ae244ce12d7fab337a008,19,Web3 Open Source Software ,0x89a0a4ae11c70d1fdb328d25d16c56c49949d679ae17c22b3858a4bfdf9712f7,Kredeum NFTs Factory,169.90974651562502,94,103.27469220757484
0xd4cc0dd193c7dc1d665ae244ce12d7fab337a008,19,Web3 Open Source Software ,0x8aa22a4d81724f47f1692c01756049fd8e87c789cf47ef2a5c616f37dce4bf51,Saturn Moonlet,122.87936909374999,84,83.477679863572121
0xd4cc0dd193c7dc1d665ae244ce12d7fab337a008,19,Web3 Open Source Software ,0xa6181fa59e469dca7da45dab35280ba27acdb1a7933a60f743de3e0a8e421008,datalatte ☕️,422.472879734375,145,266.737985951826
0xd4cc0dd193c7dc1d665ae244ce12d7fab337a008,19,Web3 Open Source Software ,0xcf747084e6a05cb06436509140edc149136cdeaefb628112f3c31ab070661a61,Thunder Chat,410.06486526562503,192,326.75083343079314
0xd4cc0dd193c7dc1d665ae244ce12d7fab337a008,19,Web3 Open Source Software ,0x073a3925de3ef538cb3f597ba3cc6d061597534fe73d6317e1edd488e9e9f4f6,UNIT,282.18226453125,142,209.31799220107496
0xd4cc0dd193c7dc1d665ae244ce12d7fab337a008,19,Web3 Open Source Software ,0x1207e7650bc9cd89d2ae967b0b63f591162bbe5fc2f64dea3a749dfda5b67449,Pin Save: decentralized Pinterest,259.167398984375,104,331.82085535652004
0xd4cc0dd193c7dc1d665ae244ce12d7fab337a008,19,Web3 Open Source Software ,0x242ff3fbade46bb11bafb583dd828b78b43de1138524c0883dbf575b2d6857ab,wagmi fund,538.7479830625,279,328.24139192514122
0xd4cc0dd193c7dc1d665ae244ce12d7fab337a008,19,Web3 Open Source Software ,0x3f23fc2f474083753d82d029cad01391102331064e653b4d7c6298166330348c,OpenCann Network,380.2456046875,182,234.38025757327341
0xd4cc0dd193c7dc1d665ae244ce12d7fab337a008,19,Web3 Open Source Software ,0x41963755a6073b9828e00e9c0b715d5763d1a1447505aa3ed7964d88269f6c24,Using ZK for game optimization in Dark Forest,473.906101,236,293.64126948882767
0xd4cc0dd193c7dc1d665ae244ce12d7fab337a008,19,Web3 Open Source Software ,0x42d10861e243a80c27686dc27feb75f60ecff68f479aaf8c53852f32417ad6a8,PotLock,105.26799371874999,72,71.088910220190883
0xd4cc0dd193c7dc1d665ae244ce12d7fab337a008,19,Web3 Open Source Software ,0x4e11571892e7edbb6aa03c8327aad0325faa2297559fbccc82ac93a369267948,Lume Web: Redefining the Open Web,287.3856254375,167,156.62078574305633
0xd4cc0dd193c7dc1d665ae244ce12d7fab337a008,19,Web3 Open Source Software ,0x55cdf0eac8838c2dc1984c16436469fc48b870cfceae96a49e0aec9f2ca5549c,OTHub.io,137.88906401562502,69,171.03162423102185
0xd4cc0dd193c7dc1d665ae244ce12d7fab337a008,19,Web3 Open Source Software ,0x5f5e95d028e0f159967a1a899e319bc464a4d8c723b863468c77dab102f36057,GiveStation (youbuidl),432.07908448437496,213,301.6768559301272
0xd4cc0dd193c7dc1d665ae244ce12d7fab337a008,19,Web3 Open Source Software ,0x842d6c8642c096c7e08548cf789f1ada6788c7a9a470bff0e20475d627ea53c8,WalletLabels,383.84793146875,166,227.34923508018255
0xd4cc0dd193c7dc1d665ae244ce12d7fab337a008,19,Web3 Open Source Software ,0x906140dab823e129d46c76292116f1a6e8d945690bbc7ee9a68586ba8311dca9,DexKit,271.3752841875,151,175.90948966122232
0xd4cc0dd193c7dc1d665ae244ce12d7fab337a008,19,Web3 Open Source Software ,0x96eef6aa6ba663f9bd720296b11e32296ca264dd4edc58989fa868fc25a261f0,Rantom,284.783944984375,130,164.28921139286831
0xd4cc0dd193c7dc1d665ae244ce12d7fab337a008,19,Web3 Open Source Software ,0x9a7d959f7ba81cd0bfbaef8dfde2eb2723a190a9cc9033be81e6493866378714,Accountjs,221.34296778125,99,111.65912350171493
0xd4cc0dd193c7dc1d665ae244ce12d7fab337a008,19,Web3 Open Source Software ,0xc2e88bac5301469a2e9c5c2cec48b2ab49ec1026b6670ec4d5ce076f20209377,Public Ads - Quadratic Attention Payments Mechanism,179.515951265625,90,202.57834604987875
0xd4cc0dd193c7dc1d665ae244ce12d7fab337a008,19,Web3 Open Source Software ,0xc34353d9ff1981fbac49f64d6e74ef0b574c1d6629609c7b8e9f80830ae1d888,zkVRF,686.44338109375,329,590.0033667171374
0xd4cc0dd193c7dc1d665ae244ce12d7fab337a008,19,Web3 Open Source Software ,0x04fa0f63ba705561822b0bf863aaa9314130b243aa1d8ed423a8447190142c81,mLayer Protocol,350.826602640625,190,209.557572641148
0xd4cc0dd193c7dc1d665ae244ce12d7fab337a008,19,Web3 Open Source Software ,0x359be2c00c95ae6b3ace6dae0ce8d5281bcaae54a077ac4f135cdc7b5a1496de,ICDevs.org,232.95046518750001,78,5164.7925574709661
0xd4cc0dd193c7dc1d665ae244ce12d7fab337a008,19,Web3 Open Source Software ,0xeae610a032ed3d9b1e98e637373e44712f91e3eff120f88345c82c74da9d2359,NacDB Distributed Database,135.887771359375,88,73.915917399106547
0xd4cc0dd193c7dc1d665ae244ce12d7fab337a008,19,Web3 Open Source Software ,0xffc91ab994c238f4959acae9ee3abec79acb63cd6f1fe3067f78d782002e9ae6,Impact Markets,186.720604828125,92,95.631912133656442
0xd4cc0dd193c7dc1d665ae244ce12d7fab337a008,19,Web3 Open Source Software ,0x2e686de4c93d749cf0ae391dbd1c592015a5d9ae25970f2cac7eb68d4b9ab723,Protocol Fundamentals,268.1732159375,133,261.40369299286976
0xd4cc0dd193c7dc1d665ae244ce12d7fab337a008,19,Web3 Open Source Software ,0x875140de32d8a06913f512908564c0100d6b85e53fd64f409ce443e0ad7fc0cd,AikiSend,127.482342203125,93,92.980283985147253
0xd4cc0dd193c7dc1d665ae244ce12d7fab337a008,19,Web3 Open Source Software ,0x63dfe7dd4b0ee38e21b7a11c35f62219f8e0ef325df1222fc643c1b73fd7883a,IXily,123.279627625,86,93.5836355285719
0xd4cc0dd193c7dc1d665ae244ce12d7fab337a008,19,Web3 Open Source Software ,0x9c99e28c0a25ba747e652eed693afc3418daae00df418131b6794a218e78b972,HonorCode,176.11375375,85,127.74294515047222
0xd309defd59c0b8792b14197eaa40043d9625b22b,19,Public Goods Africa ,0x2bb00fbafb66dd2beefa3f96be9bfaf1390517b85dd2c5cd91ff05769d9e913a,Bankless Africa,1293.6593219941408,46,145.67125626068082
0xd309defd59c0b8792b14197eaa40043d9625b22b,19,Public Goods Africa ,0x92461a5a32037be57ade9025e36b2c81e21eb02c3ebc8627380073498fd61bf4,DeFi Africa - Web3 BUIDL Workshops,868.45951912158193,52,82.016812876128824
0xd309defd59c0b8792b14197eaa40043d9625b22b,19,Public Goods Africa ,0x55b1dd66c2bf1cc32582358a54a5ac8b5d6e986ca372db67eff848834513d7e7,GreenPill Nigeria(Q4),263.7996309628906,25,57.605124287307262
0xd309defd59c0b8792b14197eaa40043d9625b22b,19,Public Goods Africa ,0x1276b36dc17d2c7395b8b1a78612a132840131efedb454a0838e889a83050b21,web3 Warri Nigeria,113.98977690478516,17,49.216574081219733
0xd309defd59c0b8792b14197eaa40043d9625b22b,19,Public Goods Africa ,0x77dfa2fbb1726c7628de7504e730641ba56b3a84ab006949d5e6ba8d72602914,Pidgin Parlour,210.28433577929687,29,48.588034950193105
0xd309defd59c0b8792b14197eaa40043d9625b22b,19,Public Goods Africa ,0xeacc840786b8d8bcf929c5f695b6df63dbe5a1db14ccdaf8a896f05550fa2926,ETHAccra,55.353759394531245,7,35.356185436248779
0xd309defd59c0b8792b14197eaa40043d9625b22b,19,Public Goods Africa ,0x7e31a7d2eb5751b912e6a54aea4423f23cdf313b0194ceb0a14967772e0f5725,Public Good Africa,1276.4287158432617,46,126.49400536622852
0xd309defd59c0b8792b14197eaa40043d9625b22b,19,Public Goods Africa ,0x2171c395cca40f56bcfc35925621f62450b6ea3e1ad9da788e8288b3ae6a2358,Borderless  Web3 Tech Clubs in Campuses,230.44749217968752,29,59.665122649894329
0xd309defd59c0b8792b14197eaa40043d9625b22b,19,Public Goods Africa ,0xbced6a1f576be96bd53429f3c3f02a885d347624b320ed955c2d91f44dabdc38,Admiano,11.275580771972656,6,9.5787519216537476
0xd309defd59c0b8792b14197eaa40043d9625b22b,19,Public Goods Africa ,0x1d428c9c0406b6e8e122405eae7279619476f9ba15d1908e88fa862968be0742,DeSci Africa,672.1035480708008,36,110.66995612997198
0xc9a01d3d2505d9d2418dd2da64d06cf53fd403a0,19,Ethereum.org Contributors Round,0xeb4a49e221293a39b8ae43a1ced4aced96505a37fc641c6fdf520e879ed53f68,CRYPTONAUTAS,330.72482381738286,40,43.088925471995026
0xc9a01d3d2505d9d2418dd2da64d06cf53fd403a0,19,Ethereum.org Contributors Round,0x8349e41ab23d32e78b3854d6942bc6d0c300cee894efd5996f036a7fcf626154,Defiwithjerry,31.021390447265627,23,14.733778295307275
0xc9a01d3d2505d9d2418dd2da64d06cf53fd403a0,19,Ethereum.org Contributors Round,0xe93e90e2ef3393a37eb16a510c78ee98229b6c3a942aceebd39f90891b26360c,Victor DUSART,121.32543807421875,24,29.128635734319687
0xc9a01d3d2505d9d2418dd2da64d06cf53fd403a0,19,Ethereum.org Contributors Round,0x0017370bdfd13411f68f8f7bdac26edec1fadfa12cdc68ad17e3b83f3a11df48,wosek's contributions,95.129263903808592,25,37.605548259598436
0xc9a01d3d2505d9d2418dd2da64d06cf53fd403a0,19,Ethereum.org Contributors Round,0x86d231447c5f057201857e3e6b6fc64305cad3f7c9f414041803237cdd16e28b,Ethereum.org Translations,277.25742729052735,30,55.11455481007215
0xc9a01d3d2505d9d2418dd2da64d06cf53fd403a0,19,Ethereum.org Contributors Round,0x505c2e307995e33498d2f5bba7d6852f36944a7eec7135f905884b625427cc14,0xmike7,750.03361816406243,40,383.77220684534768
0xc9a01d3d2505d9d2418dd2da64d06cf53fd403a0,19,Ethereum.org Contributors Round,0x396103c33a1d71ae3eab6e6e04b9663470f30b88e185d8b901244cb35767e545,zer0knowledge.eth,248.22612604345704,33,40.149484787863912
0xc9a01d3d2505d9d2418dd2da64d06cf53fd403a0,19,Ethereum.org Contributors Round,0xaf84356b69b5c6c7d2c45082cb000ff7bde7aa57e110c135faeab80c46e290d8,Ethereum Grants - Greek Language,337.240115847168,40,48.667617654100468
0xc9a01d3d2505d9d2418dd2da64d06cf53fd403a0,19,Ethereum.org Contributors Round,0x3ebdeb1a821d206e88b267682e000f5130b0e3864145676be43ca286179f9da6,Individual Contributions to Ethereum dot org documentation/content,222.43497002685544,33,39.003427076353546
0xc9a01d3d2505d9d2418dd2da64d06cf53fd403a0,19,Ethereum.org Contributors Round,0x5027e9246a551705ce715dabc2d1d360cdef28ded13b4710e7c72761de77b9de,ethereum.org Contribution,619.77277958544926,44,111.96194735533572
0xc9a01d3d2505d9d2418dd2da64d06cf53fd403a0,19,Ethereum.org Contributors Round,0x7ca22acb46d070baa566d12924044de976ecd6f4bbbbf64e6af397c9b51aa547,Tyler Pfledderer - Ethereum.org Contributor,613.677506381836,34,153.41983834514394
0xc9a01d3d2505d9d2418dd2da64d06cf53fd403a0,19,Ethereum.org Contributors Round,0x932c2b0ad5ae6df6975570ff1460929b2eb71bf6bfbc5f26e2d5ddb376cc4466,Emmanuel Awosika,116.09020341943361,20,63.608198252240982
0xc9a01d3d2505d9d2418dd2da64d06cf53fd403a0,19,Ethereum.org Contributors Round,0x2a64960dafb787b22605ff9112fd123bbab03846489483d3c40ca587720151eb,Ethreum.org website translation from English to Nigerian Pidgin to increase Web3 adoption in Nigeria and Africa extensively.,161.51223933544924,28,37.565548567828955
0xc9a01d3d2505d9d2418dd2da64d06cf53fd403a0,19,Ethereum.org Contributors Round,0xb8b20b9f32380a5397a8ab5f40582a325bb8353640916f619a427d0ed9fae3a2,0x0OZ,128.76077134228515,22,47.675894339954539
0xc9a01d3d2505d9d2418dd2da64d06cf53fd403a0,19,Ethereum.org Contributors Round,0x3ffa0471cdf06dced35b7ba4be20350a9dc8da70b2279732bf66f6770b1c3f22,Artem Stankov,44.1669796616211,18,17.253595545422286
0xc9a01d3d2505d9d2418dd2da64d06cf53fd403a0,19,Ethereum.org Contributors Round,0x2f3205989a96f7bd5a18951715984baa6678452d1d22bd29567af88a4ac5af61,Xofee's French Translation,750.03361816406243,45,100.00910771090275
0xc9a01d3d2505d9d2418dd2da64d06cf53fd403a0,19,Ethereum.org Contributors Round,0xa65074086ba5151b417a00a831b40d88dbd522a6a58b68f53bf11d53951111a4,Bogdan Dovbysh,91.2840915546875,28,21.719899746029114
0xc9a01d3d2505d9d2418dd2da64d06cf53fd403a0,19,Ethereum.org Contributors Round,0x7ea02128f51619f183c2298a21474670d1bf3081df7d2ac58871aecac833657a,Boluwatife,26.586191651855469,19,12.216746161535411
0xc9a01d3d2505d9d2418dd2da64d06cf53fd403a0,19,Ethereum.org Contributors Round,0xdf8d03ed241a9c46679d83518c9955343d5fb597547f0ffab52ba0fd69ca6582,Hursit Tarcan,34.906564589355469,15,17.126682160422206
0xc5fdf5cff79e92fac1d6efa725c319248d279200,18,Token Engineering,0xc4c2a8407d3652d2c9dd742565127cf0e2d435be647c1280ee75e4ca58dfbaa2,Retroactive Thank you to Volunteers at Token Engineering Barcamp (EthCC Paris 2023),0.0,67,955.81040380091872
0xc5fdf5cff79e92fac1d6efa725c319248d279200,18,Token Engineering,0xc90392c83363098d161053aae490d5c0aead7decf223b12ae0641ec7514319ae,cadCAD: Computer Aided Design for Complex Systems,0.0,115,253.92590074928012
0xc5fdf5cff79e92fac1d6efa725c319248d279200,18,Token Engineering,0xd938eaeace44f229a6e2746a49385e2e9e7265e485bc8834371a75392f2f0a23,Programmable Quantitative Token Model,0.0,60,629.80224700958934
0xc5fdf5cff79e92fac1d6efa725c319248d279200,18,Token Engineering,0xf1f4942df7878a8626d441ae1b9e40f9dd6e67b66bd88138c9285451d871412f,Index Wallets,0.0,216,332.25426912622061
0xc5fdf5cff79e92fac1d6efa725c319248d279200,18,Token Engineering,0x4479e04c3aa55c68d2c442cf4d99699965cb492fd50010e1baf1976a2261c013,DataBites,0.0,251,388.10024290846195
0xc5fdf5cff79e92fac1d6efa725c319248d279200,18,Token Engineering,0x68bccc70e6e65f79364f638d0d6c99dd64a721d0ceb19f27ee97f2255117b33e,Dynamic Optimization Algorithm for Self-regulating Tokenomics,0.0,861,268.516836117371
0xc5fdf5cff79e92fac1d6efa725c319248d279200,18,Token Engineering,0xf76866d7e39491138d9c13ba7cf447f4b66da702b9400147101d9bd904af192c,SymVal,0.0,66,201.05443193705287
0xc5fdf5cff79e92fac1d6efa725c319248d279200,18,Token Engineering,0x118a917101c9e0fbb0bf0f3701e00138995d3250e7f47712abb8efbf0ba3a33b,Bonding Curve Research Group (BCRG),0.0,324,764.79249370412435
0xc5fdf5cff79e92fac1d6efa725c319248d279200,18,Token Engineering,0x31e21fb51b4948e84356d1ef200fd9340760b75c2dc93bc7fc3a67c663f8705a,HarbergerToken - A Decentraliazed Infra for Sustainable Funding of Open Source Proj.,0.0,60,121.81847418338054
0xc5fdf5cff79e92fac1d6efa725c319248d279200,18,Token Engineering,0x9ff7f449889c0b715e9fec15354dd9afa0c1718d0afa82371ef20434bc241bae,EVMcrispr,0.0,125,281.17921862693038
0xc5fdf5cff79e92fac1d6efa725c319248d279200,18,Token Engineering,0xcefce998b4003cbba7d4efd2c5485af8e39ff0fdc71a947209a6af9d2935f8f4,Decentralized Library,0.0,1,1.1573007106781006
0xc5fdf5cff79e92fac1d6efa725c319248d279200,18,Token Engineering,0x8d6f0c7bda15baeb4e11fd284ad7a186def0a60a4559d34f127b66dd76bbf83d,Towards an Industry Standard Python Library for Token Engineering,0.0,75,240.59169723035302
0xc5fdf5cff79e92fac1d6efa725c319248d279200,18,Token Engineering,0x6f0dada1385d326e6e4076f304dad4db7cd0e2f383a32d13b7c6c29f6614afd9,Commons Stack,0.0,186,582.98040105670225
0xc5fdf5cff79e92fac1d6efa725c319248d279200,18,Token Engineering,0x76b1bbde22213defc762bd2f7a873c204a11212e1a47b63e36664e868601dae4,TurtleShell,0.0,113,223.65247531922068
0xc5fdf5cff79e92fac1d6efa725c319248d279200,18,Token Engineering,0x30d5d4d7f07e0f98db9680829acc778e43088011fdba43e1fd00243b9c20336b,TE Career Builder for Womxn in Web 3,0.0,66,539.754141094978
0xc5fdf5cff79e92fac1d6efa725c319248d279200,18,Token Engineering,0xf752b34beeef0a1bb9e1eb97f0d5def20e0d3324dd5a7390cafce92edf51ae76,0x Salon,0.0,1,1.1573007106781006
0xc5fdf5cff79e92fac1d6efa725c319248d279200,18,Token Engineering,0x4cd41869f9b2d95c05e2cb13643f1ab7ae05ebd439349c0024aeba44a249b1d8,ITU Blockchain,0.0,1,1.1573007106781006
0xc5fdf5cff79e92fac1d6efa725c319248d279200,18,Token Engineering,0xc750424074b2ffd2036843ba74386de96b6d3a5f6f0e9d98179423d0718954e6,ChainPray,0.0,1,1.1573007106781006
0xc34745b3852df32d5958be88df2bee0a83474001,19,Web3 Social,0xa9d4a418242316e63ee995578fc4478cc447914baf74aacadbd49e77b4f45720,Heavens Tools,188.429031703125,166,145.78929245178733
0xc34745b3852df32d5958be88df2bee0a83474001,19,Web3 Social,0xcc6d33fe291d0fafb19cf8b833dc27d2f469fac52e3cc1f050ca4a0d83d66c74,POAPin,899.852109375,679,907.74713333239924
0xc34745b3852df32d5958be88df2bee0a83474001,19,Web3 Social,0xcd2b718969bcc37c52954ed8ba47c9ffec246de61c0adab480a2b35852998386,Eppie: Web3 native email,594.6672664804687,254,253.34396637283862
0xc34745b3852df32d5958be88df2bee0a83474001,19,Web3 Social,0xcebac65966ee4aad5e31b3a56756f4051a748a93f5075a2d729681bcc106dfc3,Web3IMG,38.176225740234372,105,173.6930997528616
0xc34745b3852df32d5958be88df2bee0a83474001,19,Web3 Social,0xd2ecd48b1db85f8b1c1088c8bc063527b9c37667dda5b2626844906b9dbd9a6c,Firefly,899.852109375,456,560.38936274119624
0xc34745b3852df32d5958be88df2bee0a83474001,19,Web3 Social,0xde061f2a2a4047aef45b76f480a8e0bf8c8c3918a18b3ed8e86b60f7734d270d,1W3,461.60163580664062,225,301.17912172046636
0xc34745b3852df32d5958be88df2bee0a83474001,19,Web3 Social,0xe1516db43a284ffcfa48ffeb33d5cdb0d31bae2a445bfc3ed79e0799877d7569,Stogram,134.66286816796875,149,111.98804318425391
0xc34745b3852df32d5958be88df2bee0a83474001,19,Web3 Social,0xe1cb0620ffc3d5d4aeb2a628ff0e70408b6dd7d7071cd499e270f7a47d055be2,Twittens.xyz,899.852109375,300,237.05418941897005
0xc34745b3852df32d5958be88df2bee0a83474001,19,Web3 Social,0xe3b9f98ce2fc4508932ff6316ef7c36b4e224da31261aef5441a447c8682d2a7,Onlyfun,899.852109375,244,2821.8492511090371
0xc34745b3852df32d5958be88df2bee0a83474001,19,Web3 Social,0xf07ea04701c275aba07e6a0ac4d89155d0cf9233a779df3fa5999ead1883f1e1,Kleo Network,899.852109375,513,557.55306082950119
0xc34745b3852df32d5958be88df2bee0a83474001,19,Web3 Social,0x4310f7265c524f30ae6f0713ec53e644a0413f0a975c8aa9b948a2e51052a4ae,Inferer,899.852109375,377,482.165124332656
0xc34745b3852df32d5958be88df2bee0a83474001,19,Web3 Social,0x444e90bf571ada85fa7c3e0a9ce8eef18472be5063906174bfaa4c2faf65dfc0,Communities ID,11.38312918359375,61,36.775044824928045
0xc34745b3852df32d5958be88df2bee0a83474001,19,Web3 Social,0x576748e675869c3fe2326367c0f510f36223edda3c072b89e8efdd1f069fd79e,PledgePost,714.37009333007813,293,265.16935207960341
0xc34745b3852df32d5958be88df2bee0a83474001,19,Web3 Social,0x661adec1a01270a6f2d0fa694e85810429dbcbacfcb2aa42445c05badce85e39,Hey.xyz (formerly Lenster),899.852109375,1996,4242.23006192418
0xc34745b3852df32d5958be88df2bee0a83474001,19,Web3 Social,0x751e30ac4e9978891ca76362b4579adb2d575a07dfece1c30b689b53ac1f5c01,Nextme,899.852109375,332,758.58049627938453
0xc34745b3852df32d5958be88df2bee0a83474001,19,Web3 Social,0x797ce348134caaa5a5605ebea6ad5396d287397f1be9b899812b10edc7707b20,Share,140.57939578710938,173,105.12311427374516
0xc34745b3852df32d5958be88df2bee0a83474001,19,Web3 Social,0x7a7bba183fb942fef3a8f2c97d939367c8d82328a2a5d42b9f7ba2e358ff3423,LunCo - collaborative systems engineering,230.542110421875,208,130.4799475559339
0xc34745b3852df32d5958be88df2bee0a83474001,19,Web3 Social,0x7dcf39235b9e7c720a1b21cb365ef91e6ea48277f5f8d0c051e8a0c546eb8652,Dragverse,529.33800333984368,258,233.02193045346212
0xc34745b3852df32d5958be88df2bee0a83474001,19,Web3 Social,0x8822dd08961d58b1a9267b9dc6a4d4bfd8feae387b1bfdf4105ae3c355752954,Zon,899.852109375,309,240.31224859305439
0xc34745b3852df32d5958be88df2bee0a83474001,19,Web3 Social,0x957be7b3b8481ecbdbf166fc14aa604cb3cfda120f6ef8846bc4d60782f3098a,MetaMail,899.852109375,624,758.99525097251535
0xc34745b3852df32d5958be88df2bee0a83474001,19,Web3 Social,0xa4d27dd96688207f5ec1ac21256836d927d04b010e26ebb9a2d83dea6bff1ddb,Plebbit,398.83695117773442,243,166.32790878281594
0xc34745b3852df32d5958be88df2bee0a83474001,19,Web3 Social,0xa6dba6efb0e4ef22812c682c7097928396900fbeb7818ddf43957859b36ec4f2,ensō collective,34.756787724609374,118,58.981539371852705
0xc34745b3852df32d5958be88df2bee0a83474001,19,Web3 Social,0xa7421049dfb7dcacaa3c423aaa31fbfeae4e091825a8c937423a7e3b3fd79888,eth.limo,899.852109375,905,1496.5653998952803
0xc34745b3852df32d5958be88df2bee0a83474001,19,Web3 Social,0xbcee43c3c57fa110010daec575e9ed3cf70f474dda1e73ceac2321263b6b3e3d,Data2.cash,174.77377594335937,155,238.16473877323006
0xc34745b3852df32d5958be88df2bee0a83474001,19,Web3 Social,0xc6e5275530a136ce75bc92c8435122ffe20e3fef180dbb1d60e99203d3a91733,Decentraplace,243.63495861328124,173,117.14713844363723
0xc34745b3852df32d5958be88df2bee0a83474001,19,Web3 Social,0xcf747084e6a05cb06436509140edc149136cdeaefb628112f3c31ab070661a61,Thunder Chat,899.852109375,295,344.79941828535084
0xc34745b3852df32d5958be88df2bee0a83474001,19,Web3 Social,0xdfdc0e25415cfd746f93822d5c0e06634df26a20dcd0f3a08a73937d72a0b5bc,Soulcial,626.27457182226556,266,203.84412128557597
0xc34745b3852df32d5958be88df2bee0a83474001,19,Web3 Social,0xefce93129766c1964da8f4d152eb9e1289444aa9f36f39a3dadab7d63f11b0af,WUW WhateverYouWant,39.098574152343751,112,55.949650537084381
0xc34745b3852df32d5958be88df2bee0a83474001,19,Web3 Social,0x0e0c1039f8d1f86303fd0f1343c46e8f1cd27eb8fdba0955033e875ee12fb60e,Moss,198.32740490625,166,119.6630171787474
0xc34745b3852df32d5958be88df2bee0a83474001,19,Web3 Social,0x0f1d31d427400106f3d2958225dd235ae60b6a7572fb5155201b723e1ae79632,Tape (formerly Lenstube),899.852109375,477,856.04649765868817
0xc34745b3852df32d5958be88df2bee0a83474001,19,Web3 Social,0x1207e7650bc9cd89d2ae967b0b63f591162bbe5fc2f64dea3a749dfda5b67449,Pin Save: decentralized Pinterest,799.3611250605469,255,793.01700573773269
0xc34745b3852df32d5958be88df2bee0a83474001,19,Web3 Social,0x1fc6fa3b1282e224ff0b1826347535cfe737a51979f754274353e6dbeba5de3a,1W3,680.49066141210938,236,340.9782680495191
0xc34745b3852df32d5958be88df2bee0a83474001,19,Web3 Social,0x200ea4886368da88cf37148a2d9b2597348c40db336ec1991adc57e744d94dfa,LensPlay,899.852109375,402,534.09683809043054
0xc34745b3852df32d5958be88df2bee0a83474001,19,Web3 Social,0x2e640d65f775bc1ee5130ccc4b16d49d155214fb8f996ba7ad91515c06811480,Metopia,899.852109375,407,446.61990323581995
0xc34745b3852df32d5958be88df2bee0a83474001,19,Web3 Social,0x71e0670af09c1c3d90f6d4c418628931fad793e7cd04501bd0099a17f1cd078e,Dhive,80.581756394531254,126,80.284188338417152
0xc34745b3852df32d5958be88df2bee0a83474001,19,Web3 Social,0x937d29ab54e50780fcbdd4f1f93c157b4ddb2283e333c1e54f7391b8cc8d0b5b,Mix-n-Match,53.473711599609381,121,142.90426859711442
0xc34745b3852df32d5958be88df2bee0a83474001,19,Web3 Social,0x139a5b1185ec14b4e0a2a7d181049938ff9d031ce70b475c7045e80a7c20ffcc,ComingChat,467.90060057226566,232,186.36811735746596
0xc34745b3852df32d5958be88df2bee0a83474001,19,Web3 Social,0x17bd4435619699f3be591de2cc1f52943bd6a0ce5e5d091ee8de5610f22512c6,Bloom Network,899.852109375,302,302.97748091989342
0xc34745b3852df32d5958be88df2bee0a83474001,19,Web3 Social,0x2b8ab5546a9ac6829cbbb621e05f6b1c4490d851c4407897cbe3c42ebb3e1610,Scribe,161.9733796875,159,109.86550095291022
0xc34745b3852df32d5958be88df2bee0a83474001,19,Web3 Social,0x401235c4d7eb2e9392e659e6fc0060e4b8612e281d651b7bd11bb6917802a157,StarSocial,285.72554102929689,202,141.91737035611732
0xc34745b3852df32d5958be88df2bee0a83474001,19,Web3 Social,0x5ce38cc0dda2335920760fd710fe8c1e6c6eb3956565c9ce808148cb4be12066,Social Layer,302.530279171875,138,239.652534885332
0xc34745b3852df32d5958be88df2bee0a83474001,19,Web3 Social,0x68f1da3e04908884ed83bb92cd7c7cfb9b5c1ae72babd1f0ca884b1f48acb810,Web3event,82.5164384296875,130,94.4611413319144
0xc34745b3852df32d5958be88df2bee0a83474001,19,Web3 Social,0x8025a816bd9384bae58b488941bdba13dc3188d63245067bf243cb48e38f9a87,eth.cd - A social hub for ENS domains,338.43437833593748,148,510.41459405315254
0xc34745b3852df32d5958be88df2bee0a83474001,19,Web3 Social,0xcaa2f99f0e54943da441af228296cf621a7a1eab4949305785e51e342a5afd15,Augmenting the ReFi Knowledge Graph with AI,0.0,82,67.395528590041067
0xc34745b3852df32d5958be88df2bee0a83474001,19,Web3 Social,0x92b8ac608217cb506cf502f3eddf8d6d416cd4e1ee50410bbc615d6bfdfeefd7,laputa,4.27429751953125,25,25.661492729559541
0xc34745b3852df32d5958be88df2bee0a83474001,19,Web3 Social,0xf986413e06c871a34330c42867a298f631934090ae6f48c765f1b7070e17b108,S3ND,43.68781991015625,87,74.3838295713067
0xc34745b3852df32d5958be88df2bee0a83474001,19,Web3 Social,0x6a31e961c28488a66e2bb8e54f190aec92fc8e3951190339324d804a540f9881,Eggcess,37.92876641015625,118,57.103615316424111
0xb6be0ecafdb66dd848b0480db40056ff94a9465d,18,Climate Round,0xa8570318dc5eb4618cb030b0f06ea912302efedecf23d819710ae76ff9f238ad,Treejer Protocol,1868.391636703125,179,596.81399018201046
0xb6be0ecafdb66dd848b0480db40056ff94a9465d,18,Climate Round,0xab34f42d126434a8139362cd98b408ca0cf4e566a9c3feb5776788f61e0b402c,Elephant in the Room Strategic Climate Solutions,877.0664875625,127,235.78306626223639
0xb6be0ecafdb66dd848b0480db40056ff94a9465d,18,Climate Round,0xb23280fe14b0e662e73be4122de3a9aabd60e8bb0b9a3117ee209210fe6a1afc,Roela,21.751648921875,52,29.93982947634106
0xb6be0ecafdb66dd848b0480db40056ff94a9465d,18,Climate Round,0xc0d1f1df43d2456da3e62ba20dbb862464b8cd524b33fbd69507c93061fb44cb,TREEGENS - The Most Transparent & Rewarding Tree Planting,11597.629178609375,252,653.98370566433334
0xb6be0ecafdb66dd848b0480db40056ff94a9465d,18,Climate Round,0xc42baf29417648442f12a905809fc0ab0fba22edbf93f88d20070222ad4ff6ec,R3WILD,1422.857862234375,119,235.18588085395788
0xb6be0ecafdb66dd848b0480db40056ff94a9465d,18,Climate Round,0xce117eb32d81831947a4725358938b08c46d84195cb52f3d2a1257911abfad5a,GainForest: A global conservation basic income enabled by AI and web3,3944.5490234531248,193,374.67319901420308
0xb6be0ecafdb66dd848b0480db40056ff94a9465d,18,Climate Round,0xe2c2826f16d68804bd86b19178950e6f0ca891df3d3a7cc767a9549003346bae,Earthist - Decentralize the Seeds,6415.4863371875,990,1640.7755047812129
0xb6be0ecafdb66dd848b0480db40056ff94a9465d,18,Climate Round,0xe58ac9ecba70b421fc3dff3c6095bf26163f9a8dfb93ae4567550274be9ef6c1,Ekonavi,2390.4312108281251,109,329.393345104461
0xb6be0ecafdb66dd848b0480db40056ff94a9465d,18,Climate Round,0xe98db10bd77705b0b73df543cd5b0fd1fdb84f3e597f67499ca303a692869689,"Solarpunk nomads: eco vehicles, routes and Solarpunk World Building",6504.4930845,188,425.61614751936906
0xb6be0ecafdb66dd848b0480db40056ff94a9465d,18,Climate Round,0xec843929e4c2a76084d42b3225f599a5e26f28c21aa5138dc8e351ea9725e75d,"Nawonmesh - Regenerating Buxar (Bihar, India)",1466.1111411250001,300,397.5415770008
0xb6be0ecafdb66dd848b0480db40056ff94a9465d,18,Climate Round,0xedd3049723764122bbed15c36557ab9c5057fded298af97b68dc226969cc3664,Plants And Pillars,1094.0829388749999,131,170.14545270973031
0xb6be0ecafdb66dd848b0480db40056ff94a9465d,18,Climate Round,0xf11b503737ee9dc4fe01bf1469e772234fa5a49d671882ac52ee4bfd63ebb94c,Pellet stoves and solar panels for rural Namibian community,619.0469279375,86,205.1474898544144
0xb6be0ecafdb66dd848b0480db40056ff94a9465d,18,Climate Round,0xf84965b2f70bbe2b142eafb0fdefb3a0120c0a5e9c2ca02c61622162c246636a,Biolumen,914.56933053125,84,141.61335087316149
0xb6be0ecafdb66dd848b0480db40056ff94a9465d,18,Climate Round,0xf9e78d3438e2cd36dbc7666075771fd9771a1273caa0cfd2a267d3a5f8d58bf5,Web3beach,9711.4861962343748,246,1017.9715527248806
0xb6be0ecafdb66dd848b0480db40056ff94a9465d,18,Climate Round,0x4d7c390a5f9528bc0ebd8934ad078c661c6c480d9f0b10525609cb9edd80f240,SeaBrick,825.312564265625,80,192.78364289358763
0xb6be0ecafdb66dd848b0480db40056ff94a9465d,18,Climate Round,0x4f877ae38cfa1a000988d1b571245c773b6b06aba426b47c0c852154f99cd1a5,dMeter,2145.6626557187496,90,410.58721981318706
0xb6be0ecafdb66dd848b0480db40056ff94a9465d,18,Climate Round,0x5aacbf6c4fd74b2217614c56f11fcd41ae03fd5ce0105447ba9fe63d6f36cc81,Litter Token,3277.4984565156251,973,562.61011951135151
0xb6be0ecafdb66dd848b0480db40056ff94a9465d,18,Climate Round,0x61bf50e57da40be19a8964d5064388b9eb0d5f978c6db88e293a7c7041f46998,Digital Gaia: An Open Source Ecosystem to Defeat Moloch and Regenerate the Planet,474.28595407812503,51,81.483127768220243
0xb6be0ecafdb66dd848b0480db40056ff94a9465d,18,Climate Round,0x63116df536c9a207ac7fdf5157321841c7ce0d12ec6a9bbfeccad708ca71e54b,Endangered Tokens DAO: Endangered Trees as ReFi Biodiversity Assets & Public Registry,5494.6665328281251,130,633.77808043740117
0xb6be0ecafdb66dd848b0480db40056ff94a9465d,18,Climate Round,0x6559bccaf07c5a5a05b0ce841fdab866703bfdb9eb70d31dcf1e464a7eaefaad,ECORISE,0.0,71,81.732073764014444
0xb6be0ecafdb66dd848b0480db40056ff94a9465d,18,Climate Round,0x6638a84ebc65fa2d1b7bb7f046329936dffb1aaa0bc6feb04ec18bf7dedf5a7e,$Earth - Solarpunk Dao,19118.699326515623,291,1593.3995495298182
0xb6be0ecafdb66dd848b0480db40056ff94a9465d,18,Climate Round,0x7352c239d0dd8c39062300c7a507aed952f61908a44b0a0e146d8b6eec846e58,Shamba Network dMRV,2570.4448570781251,134,276.53054937806485
0xb6be0ecafdb66dd848b0480db40056ff94a9465d,18,Climate Round,0x79fa067e89741b8dbac9ab78fe08ec9915123a8b24a09904c81309357271bb10,Bloom Network,1857.64082171875,137,281.82166194361673
0xb6be0ecafdb66dd848b0480db40056ff94a9465d,18,Climate Round,0x82198d786dbcbc9c0850a4f535cce54b14c6701c2c77940909b1b552162e980e,Beyond Fossil Fuels - Supporting Indigenous legal efforts to STOP fossil fuel infrastructure,545.54135571875,82,164.20514019606674
0xb6be0ecafdb66dd848b0480db40056ff94a9465d,18,Climate Round,0x82c3e8a9200b9f87d9b025a8bb3f9fc6720a7c315773e0ec990915430529db51,Kokonut Network; Building an Eco-Friendly Perpetual Asset,5686.1810509218749,229,554.33267747359389
0xb6be0ecafdb66dd848b0480db40056ff94a9465d,18,Climate Round,0x84e5ecb55ea744764c11c1600cdaba725af5cd9bef1456cfb4f1b16069f3f6a7,🌻 Sunflower EcoTech 🌻 (fka Eco Labs),6557.99714046875,132,1056.7915788482164
0xb6be0ecafdb66dd848b0480db40056ff94a9465d,18,Climate Round,0x9575cc4fc36454d4fd20fe68f980a72247e115363927b4ffba3a59f713f65351,Silvi,13368.263404640626,1056,2127.2434219563615
0xb6be0ecafdb66dd848b0480db40056ff94a9465d,18,Climate Round,0xa2b727e6a913bf10d29862ab7a1b4a28daea0ce06262ef453fdc0276372c3412,Impact Verification Infrastructure Bundle,3057.2317588124997,131,431.36101288718783
0xb6be0ecafdb66dd848b0480db40056ff94a9465d,18,Climate Round,0xaefb6b82af41c82e4bf3f08150254363fac89efbef488a984d29d16907f7ed31,KOKO DAO saving forests in Colombia,6753.2619428593753,227,752.65042417978441
0xb6be0ecafdb66dd848b0480db40056ff94a9465d,18,Climate Round,0xc17b5a8f4dd55715c3b100d415b02b3fa7cdc5a506fc86f2078600bcbd40bbee,Helios - High Impact Solar in Emerging Markets,3302.75037078125,107,2329.8881977068481
0xb6be0ecafdb66dd848b0480db40056ff94a9465d,18,Climate Round,0xc61522c98d4f8ab14febfd9e3a4b428fd79a54b01a21a7979f3d627938d02e08,Vanara,182.26381682812502,58,72.33563667843157
0xb6be0ecafdb66dd848b0480db40056ff94a9465d,18,Climate Round,0xc7fd4470d72c9e927734fdce1329161e6ad5625369233745a7f7f8b28038945a,regrò,622.54719328125,73,173.52438837678676
0xb6be0ecafdb66dd848b0480db40056ff94a9465d,18,Climate Round,0xd1cf66794caca737618758142c61ea97f0c11d5643308b160bba1296cf9638fd,Project “Eco-Giving Accountability”: Building Bridges Between Communities and Socially Conscious Donors,527.28997214062508,79,82.017334197927653
0xb6be0ecafdb66dd848b0480db40056ff94a9465d,18,Climate Round,0xe4946ea02ca360c45263d51f6ecf0d6361ec49c6c89c5f9d7a43711c52883dcb,The Kawagumba village community farm project,2472.937465359375,119,220.71086359145158
0xb6be0ecafdb66dd848b0480db40056ff94a9465d,18,Climate Round,0xed86834ec9dc26bfb776afa89ec0b8a16ee78519e03f2fe6a95c2e3be0176718,Alinticoin,1187.840046296875,107,137.02163522834928
0xb6be0ecafdb66dd848b0480db40056ff94a9465d,18,Climate Round,0xfcb429eb0cf1ead9ebfaa6e2cb8bd99ab472105351151bc697df187ab218e566,Gaia,1676.877118609375,147,214.49671418480796
0xb6be0ecafdb66dd848b0480db40056ff94a9465d,18,Climate Round,0xfd14962e7f6f9547600e65643ade6c871b6818629dcedf774ff3545e111c6bd7,M3tering Protocol,1886.6430202812498,108,217.59406157250089
0xb6be0ecafdb66dd848b0480db40056ff94a9465d,18,Climate Round,0x03580cc71e6494540f6640174a357b21e1b128ff071700138e90fd0683f7b26e,RegenBuild,2111.1600401875,129,353.65844566183989
0xb6be0ecafdb66dd848b0480db40056ff94a9465d,18,Climate Round,0x04961f6397f8f2cc887863431ea1ac688626141062402a8ad99e079b69d65a2c,SANE Foundation: Pioneering Web3 Climate Solutions in Bioregions Worldwide,55.0041696875,36,38.262213145684314
0xb6be0ecafdb66dd848b0480db40056ff94a9465d,18,Climate Round,0x06649f9776f6104d34e476d625bb20bd98527bdb6bedb7573bf1f160a87f537c,Rebioca,951.822154546875,125,171.95607198493235
0xb6be0ecafdb66dd848b0480db40056ff94a9465d,18,Climate Round,0x0af807cae064bcddde19aa2b96613689b25c120c9dccf1bc8ee06c89169209b0,All for Climate: offering a back office for autonomous collectives,892.817681609375,101,158.3720025516119
0xb6be0ecafdb66dd848b0480db40056ff94a9465d,18,Climate Round,0x19a1df489175da1b617db3e7b14054b3c51c5358bd9c5c31f01d0169648e0c87,Atlantis: Home to Changemakers,23878.560156109375,236,1536.6913997530241
0xb6be0ecafdb66dd848b0480db40056ff94a9465d,18,Climate Round,0x1ee3f4586e37274f4d4ffdf49d0862b835adeb7488935ef3681deef3b4b848cd,Afrocarb,361.277387265625,76,107.26610957337437
0xb6be0ecafdb66dd848b0480db40056ff94a9465d,18,Climate Round,0x21cf1e3113b6bc01f3bc0517be60f2bcf495ba9e6ba9be416ec0fb863c8c1ec7,BETTER,601.79562017187493,92,214.38065736617466
0xb6be0ecafdb66dd848b0480db40056ff94a9465d,18,Climate Round,0x27dfbe7a9c237ab618003d6406d8144dcd6916ebe55265a9b3ef5490db971ca8,DeFood: Decentralized Food Security Network (DFSN),891.0675489375,102,143.49868851928079
0xb6be0ecafdb66dd848b0480db40056ff94a9465d,18,Climate Round,0x29e1256cffdb522383bc943035ecfa518cc3051f24380be615547688b52b4a75,Coffee Impact Collective,1633.873858671875,109,271.20322733831165
0xb6be0ecafdb66dd848b0480db40056ff94a9465d,18,Climate Round,0x301ba45f6897d553fad83752fb362f40b820a46084bfd04442b78bc73b1d8dda,Oxygenchain,3550.7691722812497,154,551.952225465258
0xb6be0ecafdb66dd848b0480db40056ff94a9465d,18,Climate Round,0x30629969e7332cc4ad49a784a30010c52085a796d85c65c74c512979176de588,Sustainable Heating with Compute Power,283.52149284375,93,82.3917221409971
0xb6be0ecafdb66dd848b0480db40056ff94a9465d,18,Climate Round,0x30c554f355fc9af4e0d86f58429e713bcef00d30f59dc73dc3fb44e7fef8d888,The Solar Foundation ☀️ Decentralized clean energy is a public good,18916.684012390626,304,1216.6231999533952
0xb6be0ecafdb66dd848b0480db40056ff94a9465d,18,Climate Round,0x35d8c814bf76a71b793ba9cc79fc5e0fabc83dd4346701ca59445ebf5ad505a5,carbonlinked,1117.58472046875,93,1176.8402937564615
0xb6be0ecafdb66dd848b0480db40056ff94a9465d,18,Climate Round,0x3c3ddae5a19964c60e6c728a5d6f710afa81ca9b502d0307b55fc7f531e084ce,Gigawatt,1644.1246357500002,118,197.118386897189
0xb6be0ecafdb66dd848b0480db40056ff94a9465d,18,Climate Round,0x3c9882d0b9c266de33cc6e87163064efb708f2effc7439d09d245f577d1d2f71,Ranna: Filmmakers for Climate,373.278297015625,92,106.48366340429095
0xb6be0ecafdb66dd848b0480db40056ff94a9465d,18,Climate Round,0x4b4d8c4bd455eef28c855ffdc7a5834ff05077c13a535c472050094c0845fe93,Kula (कुल) Regenerative Commons,3222.244267875,129,328.75864059249909
0xb6be0ecafdb66dd848b0480db40056ff94a9465d,18,Climate Round,0x4fd7dc779528005f613872223969a74e15b6ca8131b77b0b45d3373e142ea914,Simbiotica | The source for impact insights on-chain.,263.0199386875,73,70.779976376030049
0xb6be0ecafdb66dd848b0480db40056ff94a9465d,18,Climate Round,0x51ebb25154043de25a15808755b54a2e0f0ab5694c6409272ff0be90a5234d3c,Pollen Buzz Initiative,1385.1050003125,87,199.99729188280219
0xb6be0ecafdb66dd848b0480db40056ff94a9465d,18,Climate Round,0x5744a405a0e3fd6f9d3f7d1e08d641b2e0c59327d8f93bfd935dff3a7a0fd40b,Cosmos for Humanity | C4H,3004.72777865625,215,367.71558656117452
0xb6be0ecafdb66dd848b0480db40056ff94a9465d,18,Climate Round,0x78b858009ecfa46c866a7765cf0665699dd097eaadc3bdf9fc4f1f2229823bf5,WaterDAO,5743.93542909375,252,458.773817007244
0xb6be0ecafdb66dd848b0480db40056ff94a9465d,18,Climate Round,0x80d9270ea5f28cb4f5cf7a1affc62397c227602a689c19ccd1955d1d88e79ad5,ReCommon,3321.0017543593749,126,384.93679701087569
0xb6be0ecafdb66dd848b0480db40056ff94a9465d,18,Climate Round,0x9fc4c651ce4a623fc8cf5082640d17d2f55ac3e6a293f06c9b2a459f5b3e37d8,Ocean Sole,2393.4314382656248,125,516.86518852242773
0xb6be0ecafdb66dd848b0480db40056ff94a9465d,18,Climate Round,0xc422ebcc0550dbf424937a8ffef69ce68f330e1597f85d30ce56df1a6f67529e,Climate Emergency Centers,188.764309609375,83,92.58100562922084
0xb6be0ecafdb66dd848b0480db40056ff94a9465d,18,Climate Round,0xe26da6eb1cd05b4764a750653e3af706ea51bb51fb4bb3f659d1075b91f28f0e,MesoReefDAO - Regenerating Reef Conservation with DeSci Web3 tools,1852.390423703125,121,211.77744320754573
0xb6be0ecafdb66dd848b0480db40056ff94a9465d,18,Climate Round,0xe97ee56cfa599d12b62a9b81d2a3fb945a90f29482214cfc290d9138952b29ff,Khepera Blockchained Bioregeneration For Climate And Education Proposal,9.0006823125,42,49.733827106003105
0xb6be0ecafdb66dd848b0480db40056ff94a9465d,18,Climate Round,0xed0329b547363295b7ba001885aa43ca88fe757be984c836d664cdc621b60708,VinQ: Decentralized co-creation community for regenerative viticulture,178.013494625,66,53.737787311245143
0xb6be0ecafdb66dd848b0480db40056ff94a9465d,18,Climate Round,0xf18d0216e2f3dd60e80a99ed09e4c8aa2b362c96ac02c6a43ac8be91f19aa0ef,Leaf Track,210.765977484375,62,69.689388444250312
0xb6be0ecafdb66dd848b0480db40056ff94a9465d,18,Climate Round,0x02ccaa6855e874c5858a4e0e0c46a419a9c3c7815040a06f37a9061ea9200c8c,NFP (Non-Fungible Plants),1233.59351471875,144,288.35702347410881
0xb6be0ecafdb66dd848b0480db40056ff94a9465d,18,Climate Round,0x03d1642d1382e94d60107c0fe955462f210f56438dd25f507b6eb2489845a890,SENTIENT: Giving Voice to Earth's Rivers using Ai,1042.078996625,96,198.1415232692849
0xb6be0ecafdb66dd848b0480db40056ff94a9465d,18,Climate Round,0x101e125c8b79e8a9bf663ed76f397655cafa4ccb9b09dd81c358107df64587cb,AgroforestDAO,4086.3097698750003,178,343.89107478780352
0xb6be0ecafdb66dd848b0480db40056ff94a9465d,18,Climate Round,0x281ce031a29ef4f4dda65dec5f1ece174cf83dea7e4e0a9db435e66f0efb8b2e,Jerri.wtf,767.30816714062507,77,110.28388339332344
0xb6be0ecafdb66dd848b0480db40056ff94a9465d,18,Climate Round,0x35bc1edfaf32bc3af66a262bfeb7553a4219eb1b962ae01ea1bd4a0b78f0932a,AI For Trees,266.52020403125005,54,91.543506906436619
0xb6be0ecafdb66dd848b0480db40056ff94a9465d,18,Climate Round,0x3643929fbea2154449cce6b77b2c6f1752d2a19913c28035ee86a83d71cef648,Wasset,287.77181504687496,95,104.92783268534151
0xb6be0ecafdb66dd848b0480db40056ff94a9465d,18,Climate Round,0x42620808d558bf533ba6eab1e511e73de17f584a1b873dde7ddc788c0471dd87,"AYOWECCA UGANDA:      Training rural farmers & indigenous communities on regenerative agriculture and planting fruit trees in schools, health centers & churches",5067.1341229843747,175,415.93254544555714
0xb6be0ecafdb66dd848b0480db40056ff94a9465d,18,Climate Round,0x4739ceb60454b42ef0bc086b89f4927c310c7f9d916b566efef861aa1b00e9c4,GoodDollar,7294.3029574218745,236,781.96018425647674
0xb6be0ecafdb66dd848b0480db40056ff94a9465d,18,Climate Round,0x70d4654a520133b967339cf4be27469fe3b645737a7d4726d9dce9350ccdfb7f,Ogallala Life,1677.1271375625001,120,282.25219740378816
0xb6be0ecafdb66dd848b0480db40056ff94a9465d,18,Climate Round,0xed04796b2e46ebfe574a98567b6e864e9871760919a71c5048488efa0bf16b13,"Mi Costa De Oro, Autonomous and Regenerative Community Rooted in Action (Venezuela)",1343.60185409375,112,191.10133509761692
0xb6be0ecafdb66dd848b0480db40056ff94a9465d,18,Climate Round,0xf5e5ac17f14c18272cb2fc72a9815c3cef3df1611b66dbe1183edd1bf8abb297,La Madriguera,336.275491953125,69,98.176017673034607
0xb6be0ecafdb66dd848b0480db40056ff94a9465d,18,Climate Round,0x2823e25965c671bef50f35762b04831d05cc751a1a78c2708044cd5eb7058095,Safi Protocol,1957.8984219218748,157,232.24226697618326
0xb6be0ecafdb66dd848b0480db40056ff94a9465d,18,Climate Round,0x286af24f3b1316938a5a7a37d4e9a61f2338c55dc1ad278b88220f0ee48ae980,PlantGang,754.807219484375,94,138.48470662515649
0xb6be0ecafdb66dd848b0480db40056ff94a9465d,18,Climate Round,0x329170e769ace967de0a1467dbeb2c3eaee2580099ccb9dc650452ab10216821,Barichara Regeneration Fund – Prototyping a Bioregional Regenerative Economy,2543.1927911875,107,360.58470752956384
0xb6be0ecafdb66dd848b0480db40056ff94a9465d,18,Climate Round,0x4118d01123adaa71c2d90c512c2549e0dacc5a4485702d76d6943d3ff9dabf54,River Cleanup,3242.9958409843748,156,405.69817216966806
0xb6be0ecafdb66dd848b0480db40056ff94a9465d,18,Climate Round,0x42ff9fdf97a805c740e58273dcf1897a9c8c5ea1d4ae26c14f30c381a199c6d8,Traditional Dream Factory,961.82291267187509,84,377.53809881331438
0xb6be0ecafdb66dd848b0480db40056ff94a9465d,18,Climate Round,0xec6d1774906438736d98ad530e4b674630c8d358a07a27b49ef231436e79b973,RMTerra,185.51406321875,62,69.563867087755739
0xb6be0ecafdb66dd848b0480db40056ff94a9465d,18,Climate Round,0x12479ac96d450848cb3c773562929443e9dd2dd8d3e5c168ba62ef25bb6250f2,Yaupon Tea Co. - Creating Sustainable Rewards for Local Suppliers,392.52975640625,62,136.44460536765439
0xb6be0ecafdb66dd848b0480db40056ff94a9465d,18,Climate Round,0x5f808b91a57b8fff7c24317881a4da6de0f52951860b00e4996d167e2462a689,EcoVision - Honduras,260.76976810937504,56,124.70287712784523
0xb6be0ecafdb66dd848b0480db40056ff94a9465d,18,Climate Round,0x7bd2dc64d13a547bb12ce2afc015a2cfdc64c6530a7629568df17b2364b62ba8,Etherisc - Affordable Crop Insurance through Carbon Farming,757.807446921875,146,260.23540039761031
0xb6be0ecafdb66dd848b0480db40056ff94a9465d,18,Climate Round,0x8019e55c73bdb804606d34445d85bce821ce46e89525e964bcb2b2ba8eafa3d9,Impact Verification Infrastructure Bundle,0.0,5,6.0709240436553955
0xb6be0ecafdb66dd848b0480db40056ff94a9465d,18,Climate Round,0xa42e657cc21b0784270b109f7c5a10e8342681ed7b19fc2477f0fde6b9bda25c,ReFi Tanzania,1252.3449362031251,102,175.24592101182827
0xb6be0ecafdb66dd848b0480db40056ff94a9465d,18,Climate Round,0x67bbdbcacddd26be49cfe3ae2118329003a4145ea6fcc3d824becbe0f3622c45,Carbon Anti-Theft,0.0,1,0.99973046779632568
0xb6be0ecafdb66dd848b0480db40056ff94a9465d,18,Climate Round,0x7d428c60aa119a7bc08c6fc438641c4389f3826faafef0e055a14cb15308dfce,Tokyo River Friends,1342.3517593281249,98,282.1315272459542
0xb6be0ecafdb66dd848b0480db40056ff94a9465d,18,Climate Round,0x0b4a5df2b9b5e5cfd4e84079efe5d62dfb4fa83a9578777ebdabb1d1d936b527,Fridays For Future Lebanon: Pan-Arab DeFi Solidarity,175.0132671875,56,55.940707721095919
0xb6be0ecafdb66dd848b0480db40056ff94a9465d,18,Climate Round,0x717f0ec44bfface6e64c6b0c66021ce560c98e74152847a515c6591e4b1d50b5,FORK FOREST,1245.3444055156251,109,421.8062465311483
0xb6be0ecafdb66dd848b0480db40056ff94a9465d,18,Climate Round,0xbb13a4be78f790d95e48128b50ae064ad85eb400d9a06fc0a65b4cc3a709d163,Mycelia : Bridging Web3 to Indigenous Public Goods,0.0,1,0.99627596139907837
0xb6be0ecafdb66dd848b0480db40056ff94a9465d,18,Climate Round,0x644c7b7904ba3f93391b8adffde91a23decb407ec4d1eac10e0f578da6c88476,Permet,59.254491890625,48,45.612645400807764
0xb6be0ecafdb66dd848b0480db40056ff94a9465d,18,Climate Round,0xf15a1447a5ae3da7cc7fa16863be84c9e5bb05ccf2922a85d9543f8a7dc0ca65,Ecofrontiers,0.0,1,1.1573007106781006
0xb6be0ecafdb66dd848b0480db40056ff94a9465d,18,Climate Round,0x57d0fc329c47d4469c81d4cb8eac8c356ce0dd6c5d29edbd7027fadeee95ccb3,Ecoland,0.0,1,1.1573007106781006
0xb6be0ecafdb66dd848b0480db40056ff94a9465d,18,Climate Round,0x8103324081b80535d64c88234524717c9b5121ceb5bbeb4007afd2364acc53e6,POZZ,0.0,2,5.1631186008453369
0xb6be0ecafdb66dd848b0480db40056ff94a9465d,18,Climate Round,0xed4dad2fdd3cf26da16d86aadcd3fb0e2496ed467caef31d1b95d3d094f5b4e1,Circonomy,0.0,1,4.0058178901672363
0xb6be0ecafdb66dd848b0480db40056ff94a9465d,18,Climate Round,0x5150bc77b11dc28aebe8abe88004d329a6f64f7c3f19513c2f198b7f08f5fa20,BFF (Beyond Fossil Fuels) - Stand Strong for Wet'suwet'en Yintah,0.0,1,5.4661989212036133
0xb6be0ecafdb66dd848b0480db40056ff94a9465d,18,Climate Round,0x1f62802f88f507a0f9bcd181bf1b58dba4560910fd1a82f7ce5f6a046d5634d4,Urbanika & the Climate Positive Traveling School,0.0,2,3.0031918883323669
0xb5c0939a9bb0c404b028d402493b86d9998af55e,19,Raid Guild Contributors v0,0xc0e7bb35dbecbf08d07104c5a88ad2fe1ab9119f19e3df13d8c6416c6701c168,"Derrek, The Loud",244.2090533261719,32,108.86724438110105
0xb5c0939a9bb0c404b028d402493b86d9998af55e,19,Raid Guild Contributors v0,0xf76b0d483a02c3ef80a8fe2f0804543aec5aa1bf479361808f979398cd16cbb3,plor,328.69241485668942,29,191.18563095360514
0xb5c0939a9bb0c404b028d402493b86d9998af55e,19,Raid Guild Contributors v0,0x8a335028fbeb442b3b37513fd1eeb8653420f817746207bd26abe9856722b852,ECWireless | RaidGuild,312.05156347558597,35,155.45591518925357
0xb5c0939a9bb0c404b028d402493b86d9998af55e,19,Raid Guild Contributors v0,0x599ce300ad32997fa92f1b68738ec8c541e0c8381f9f3cdef15de2d5c5c09999,ApeironCreations Rogue Work for RaidGuild,260.45518101440427,34,143.90000111946574
0xb5c0939a9bb0c404b028d402493b86d9998af55e,19,Raid Guild Contributors v0,0x3e625a2e131433f708b27537748bb90b035c5c20d76673ca4719256dc0778578,tae kekz,228.06285568676756,31,157.60738280170335
0xb5c0939a9bb0c404b028d402493b86d9998af55e,19,Raid Guild Contributors v0,0x5a9bcdc5b034c68a8f9e47bfe62608d4ecae86fa67dee1eaf391b4ce53c28b29,TW,178.06285575561526,25,127.4915003111746
0xb5c0939a9bb0c404b028d402493b86d9998af55e,19,Raid Guild Contributors v0,0x054cff8976483626d56b1838f1aa58b485857f4a7c9c8edfd37a74a5bc4aff14,Scottrepreneur,351.593883796875,28,202.05292550314334
0xb5c0939a9bb0c404b028d402493b86d9998af55e,19,Raid Guild Contributors v0,0x43ad53b7d0b09b84912f5e33a129c157ddfca0ef968a85fc043903d2c6ca3606,Saimano,302.89047624926758,27,201.14526317978016
0xb5c0939a9bb0c404b028d402493b86d9998af55e,19,Raid Guild Contributors v0,0x4f81e34533ea6c06e702e89af64c5c3326957825157448e4ffae5e21f352cc57,"Christina, BorrowLucid",189.719695951416,18,159.8112955018878
0xb5c0939a9bb0c404b028d402493b86d9998af55e,19,Raid Guild Contributors v0,0xe7805b57310f1980db794db1f492c1bd0704bfaa8a1f96e48fa59be69fc40243,Nitegeist 🧿,102.49575283178712,13,151.39467906951904
0xa7608d95a93cc684f2719323d40cbd0f59afe7d4,19,Governance Research Round,0xe9b3ed0b492d730d4472c9547a453632d654710c80734ce518a73649346ec4a1,Modpol: Turn social platforms into governable spaces,0.0,57,62.123815704560911
0xa7608d95a93cc684f2719323d40cbd0f59afe7d4,19,Governance Research Round,0xed0329b547363295b7ba001885aa43ca88fe757be984c836d664cdc621b60708,VinQ: Decentralized co-creation community for regenerative viticulture,0.0,72,76.945951821007839
0xa7608d95a93cc684f2719323d40cbd0f59afe7d4,19,Governance Research Round,0xfbb97c4010bd274ec812ea4152cebf1b57860684e6a135d1c619aaffdabbfa1d,A Constitutional Logic: Supporting Blockchain Projects to Navigate Constitutionalism,0.0,44,68.299622603184616
0xa7608d95a93cc684f2719323d40cbd0f59afe7d4,19,Governance Research Round,0x4d706f36290beb3d4c9bfcdccbdcb28f4311e8c3e0d8f87b4fb436e534252c66,Can Privacy Rights Be Upheld in the Digital Age Absent Encryption? - ZKPs as a Promising Path Forward,0.0,58,85.3692171105231
0xa7608d95a93cc684f2719323d40cbd0f59afe7d4,19,Governance Research Round,0x767654d43cc690571ae5a56c24db0e78fb27de78fa2f76e560aa23f53a1619fe,Aiki Wiki,0.0,32,33.847023919648564
0xa7608d95a93cc684f2719323d40cbd0f59afe7d4,19,Governance Research Round,0x818afe0085ec49cfed4b5f3ebde464ce458f1e9e69c6992133bad8dda0cc0dad,Scoping and Feasibility Research For Decentralizing Governance in Scientific Publishing,0.0,75,73.356732118600121
0xa7608d95a93cc684f2719323d40cbd0f59afe7d4,19,Governance Research Round,0xcf75e680a4856bece4a6e6da3ea74c0bdccea390aabbbcc42125b4725f884ae0,Constitutions of Web3,0.0,65,94.4598659330095
0xa7608d95a93cc684f2719323d40cbd0f59afe7d4,19,Governance Research Round,0xefb1d839c9d787162c8f1c9c902d78a8e98928d23205e3df65a2a3a26fab06f4,"Network Sovereignties, Network States and Coordi-Nations",0.0,19,16.77315016835928
0xa7608d95a93cc684f2719323d40cbd0f59afe7d4,19,Governance Research Round,0xf85911aef3286fb038ed02b59f9aeba9711c1e12af61a8dd3e56d1cd7d66a197,Mirror,0.0,336,724.885793319163
0xa7608d95a93cc684f2719323d40cbd0f59afe7d4,19,Governance Research Round,0xfe5a168fd5fe89de7bf2b776963aaef15ec688a6a599318023438ea30109a205,Research on Dynamics of the Voluntary Carbon Market Blockchain Ecosystem,0.0,126,131.61944091234363
0xa7608d95a93cc684f2719323d40cbd0f59afe7d4,19,Governance Research Round,0x244420fd9a15c14e9073af082208a48523aa6018b4694033ede91bf4d5b4006e,Network-Based Pluralistic Communities - Exploring Sustainable Governance Models,0.0,111,287.92152395444464
0xa7608d95a93cc684f2719323d40cbd0f59afe7d4,19,Governance Research Round,0x2994bf39fbc9014e15e50c35c5b47243a9ed5b07438018cd1f831f32b1f56856,RnDAO - decision research group,0.0,91,220.90491864081014
0xa7608d95a93cc684f2719323d40cbd0f59afe7d4,19,Governance Research Round,0x3324e2168564dc5a79a368e7c6fbbd9eba90175b71c8efeb7a5b354be727e581,Web3 Citizen Guide,0.0,89,255.53828064720619
0xa7608d95a93cc684f2719323d40cbd0f59afe7d4,19,Governance Research Round,0x34c85d09ec48a58915fbc5115ac38ada1bede18c5306ff46594b91a1bbd5afe0,(BOOK PROJECT) Self-Infrastructuring: How Decentralised Technology Communities Organise & Govern,0.0,65,73.5826261413331
0xa7608d95a93cc684f2719323d40cbd0f59afe7d4,19,Governance Research Round,0x41e4349250974b14dd08c6df76dbd5db94d199356ff5841c180f2f869aa47f57,Satisfied Vagabonds Presents: Governance with Neutrosophy,0.0,77,94.455465159104278
0xa7608d95a93cc684f2719323d40cbd0f59afe7d4,19,Governance Research Round,0x906ffc3130897f433c5fb1a01a30d2581eaa606ff00f6c80348ccc65af9a1a8e,Mechanism Institute,0.0,129,232.41675762449631
0xa7608d95a93cc684f2719323d40cbd0f59afe7d4,19,Governance Research Round,0x1f4a582842b97aceb4b9fcd7c1f315b37f01a601190c9e3e8f2791cd729a2abb,Protector,0.0,27,22.121427423744535
0xa7608d95a93cc684f2719323d40cbd0f59afe7d4,19,Governance Research Round,0x2ceaf16d7863ca739a6b511606dddaca76f4c754e045bcccae22efa7ee2af23d,Experimental Sybil Identification Method using Graph Deep Learning,0.0,137,203.71121525969829
0xa7608d95a93cc684f2719323d40cbd0f59afe7d4,19,Governance Research Round,0x49a535f2ebf164d13d9db0d85e51bcfcdb37f1a6f6f2f5fd6afbea83bc7c4e78,Open Problems in DAOs,0.0,59,111.12606219267946
0xa7608d95a93cc684f2719323d40cbd0f59afe7d4,19,Governance Research Round,0x50b6dc01df71cd65097006525f30e44c3975f3a1862d080563217c445fb99650,Who Participates in Web3 Governance? A Large-scale Survey of DAO User Demographics,0.0,35,41.684857160276806
0xa7608d95a93cc684f2719323d40cbd0f59afe7d4,19,Governance Research Round,0x76e1494fe0654e3fc938678ca3c02742dfccec9b5dfb5b66cf04d83ec62ceb39,DVCTVS - Decentralised Identity for Small Island Governance,0.0,93,189.38195476397414
0xa7608d95a93cc684f2719323d40cbd0f59afe7d4,19,Governance Research Round,0xaaba1855864c96e2e1556d24f894bec29e420a8c14d2da71d200e5e129417c8e,Commons Stack,0.0,72,119.04600716261666
0xa7608d95a93cc684f2719323d40cbd0f59afe7d4,19,Governance Research Round,0xce5688211c6a2c0e9e19dc87b5831d2ed7e55e03986eed516e399d923452932c,A Peer-to-Peer Review Protocol,0.0,10,19.350485518574715
0xa7608d95a93cc684f2719323d40cbd0f59afe7d4,19,Governance Research Round,0x253f1f65086d6c1106bfb96909c27607de51acc81d5d607b05989d5462f6105c,InclusiveAI: Equitable AI Governance via DAOs and Plural QV,0.0,43,37.51072575287435
0xa7608d95a93cc684f2719323d40cbd0f59afe7d4,19,Governance Research Round,0x65485a7160279c33bde4113be4ac3da37a9efe763e968ba5a1956589c2f205a0,Web3 Deliberative Governance - Decision Legos,0.0,85,2172.393870734335
0xa7608d95a93cc684f2719323d40cbd0f59afe7d4,19,Governance Research Round,0x88a49715eee2997252da24325a1bacdacb881b7a725401441ed3ac8feb76af77,Ethereum Dispute Resolution Ecosystem Mapping Initiative,0.0,42,79.740667134947216
0xa7608d95a93cc684f2719323d40cbd0f59afe7d4,19,Governance Research Round,0x23bac9bacd878455cf509efa1911610dbb00c863b3f13cef347abb14d7fafd60,Distributed Governance Score Framework: DAO Index,0.0,41,42.923358872956669
0xa7608d95a93cc684f2719323d40cbd0f59afe7d4,19,Governance Research Round,0x44b62e06aa91319ef9e27329e950bf3a639c5810fbbb171e9415cb51a4fb758d,Paradigma Education: How Much Cost To Pillage a DAO?,0.0,17,77.287439987063408
0xa7608d95a93cc684f2719323d40cbd0f59afe7d4,19,Governance Research Round,0x38e5d8780df0c247dd03c973dc973562cdf815def6f4ac5a04b68d712273b331,Token Engineering Governance Education,0.0,40,62.83258411726456
0xa7608d95a93cc684f2719323d40cbd0f59afe7d4,19,Governance Research Round,0x313563121c5ba9f5f127d0ff2f86aea9317a2eb098d05699a6db12a188af4f87,DeSci Landscape Analysis,0.0,43,34.6995754211257
0xa7608d95a93cc684f2719323d40cbd0f59afe7d4,19,Governance Research Round,0x1834d75262f1d1a45f472946d7285802885483c2bf31bc12d0b3f536c018e827,Regen Rojava,0.0,63,1305.8825595688122
0xa7608d95a93cc684f2719323d40cbd0f59afe7d4,19,Governance Research Round,0x5b1b09a337914a584ad60039e33254476e576dec0fdb7a4a2c2fb5b1c29c5ca4,D20 Governance,0.0,34,21.238209573975837
0xa7608d95a93cc684f2719323d40cbd0f59afe7d4,19,Governance Research Round,0xcee675bc3a9539210b234290644c6545bc0145e5995463f8e554e95dda6ba131,Natural Language Sensor Fusion,0.0,5,3.9116077870130539
0xa7608d95a93cc684f2719323d40cbd0f59afe7d4,19,Governance Research Round,0x3a5b2a67a617a37f94e3e2e447d5bbceaf4f61e789d8eaf1e1e31d893ec12bda,DAO Death,0.0,30,33.302046790211534
0xa1d52f9b5339792651861329a046dd912761e9a9,19,"Ethereum Core Infrastructure, Research, and Development",0xaa09ef03fe5e4d9a0aa3d49a203ea8d1d89969e19cfe8af2135ecec38f035ae0,Stereum - Ethereum Node Installer & Manager,4612.2258613031254,2320,965.23249948483681
0xa1d52f9b5339792651861329a046dd912761e9a9,19,"Ethereum Core Infrastructure, Research, and Development",0xad02fe3124cef38f8c4fd5a44302713e49458d60a84d0ddcd4bca4047543964e,ZK Email,15476.909423990624,4635,4954.8348706895458
0xa1d52f9b5339792651861329a046dd912761e9a9,19,"Ethereum Core Infrastructure, Research, and Development",0xb0afd591630775811d76abf5cadda7881100b251ada0a67b5733beb2b148afcc,ethRPCtoREST,792.23775837812479,694,172.37652419939781
0xa1d52f9b5339792651861329a046dd912761e9a9,19,"Ethereum Core Infrastructure, Research, and Development",0xb510aeabc101c97d8612650059a43a1b4ed1c8c86e96d61143506b3649b9f4d0,"Blockscout Block Explorer - Decentralized, Open-Source, Transparent Block Explorer for All Chains",6583.0359024468753,2473,1327.5294626743384
0xa1d52f9b5339792651861329a046dd912761e9a9,19,"Ethereum Core Infrastructure, Research, and Development",0xbb5864fabd76bd8a9d620dd2cfd089a0507135e6e57d12487d4ffd74a4939538,rotki,10353.617263343751,2698,3284.2211945114991
0xa1d52f9b5339792651861329a046dd912761e9a9,19,"Ethereum Core Infrastructure, Research, and Development",0xd1602a95b19154abaad3db8e33663dc75235897c57eb350242dc29671f088e7b,Dappnode,19407.09026060312,4771,4879.0957465279807
0xa1d52f9b5339792651861329a046dd912761e9a9,19,"Ethereum Core Infrastructure, Research, and Development",0xe0acd0898fada5b0a3f1a6a918858f39fdb7f8408f62a0f583afb70fe488022b,ethers.js,13535.907417249999,3866,3557.9503046069044
0xa1d52f9b5339792651861329a046dd912761e9a9,19,"Ethereum Core Infrastructure, Research, and Development",0xfb5b07f162ab081bf8608d275e9d595a331e0b36b2e445a9a67a2baad6195444,TrueBlocks and the Unchained Index,3379.27716421875,2197,735.32040117074439
0xa1d52f9b5339792651861329a046dd912761e9a9,19,"Ethereum Core Infrastructure, Research, and Development",0xfea4b1dccc14b6b2d06d08ec300222497194f0f95437d5c4de8fa2e22f552f58,beaconcha.in,8961.16908395,2941,2231.0073262962605
0xa1d52f9b5339792651861329a046dd912761e9a9,19,"Ethereum Core Infrastructure, Research, and Development",0x429927c3a14cbe156749adb31371f385749150ac3604513b24d0ddfb6e7b8b90,Ethereum on ARM,6599.4548197531258,2424,1361.0399134368795
0xa1d52f9b5339792651861329a046dd912761e9a9,19,"Ethereum Core Infrastructure, Research, and Development",0x4ead9a89e6e36b62255601f4ef011f33a32400ba5ea5122a7c8b1ce8639a2bae,eth-wizard: An Ethereum validator installation wizard,4028.614345725,2318,905.21178910327308
0xa1d52f9b5339792651861329a046dd912761e9a9,19,"Ethereum Core Infrastructure, Research, and Development",0x50f3dbb23d121a397941e827ce2f10a0aea7f5cf311de6e3abcfe3847c56c405,wagmi,7147.1987005093752,2721,1571.0539869158865
0xa1d52f9b5339792651861329a046dd912761e9a9,19,"Ethereum Core Infrastructure, Research, and Development",0x58ee2f1c57f90eb5ef717e2b002a8e5cf10883a212dd70906dfcd3536f2b9c02,Protocol Guild,7121.2504115875,2361,1597.1649446628103
0xa1d52f9b5339792651861329a046dd912761e9a9,19,"Ethereum Core Infrastructure, Research, and Development",0x6912f9b68921b6f227dfd5b321f38a531d73fe560c6d1055c01ed1c6b00d5ee1,Somer Esat Ethereum Staking Guides (Ubuntu),4013.085369734375,2290,920.86853578885712
0xa1d52f9b5339792651861329a046dd912761e9a9,19,"Ethereum Core Infrastructure, Research, and Development",0x6ebed815eef2ae11dd17e86ec396d6c081f5271f1a5163b85ce804e70bc4860e,Candide Labs,3827.4976077343749,2247,837.57787256580673
0xa1d52f9b5339792651861329a046dd912761e9a9,19,"Ethereum Core Infrastructure, Research, and Development",0x72fb0d927846d11ac534201e7469dd6a613dfe118a8c15e0cd3d959b33318d01,Ephemery Testnet,2606.24813918125,2031,670.39392267852816
0xa1d52f9b5339792651861329a046dd912761e9a9,19,"Ethereum Core Infrastructure, Research, and Development",0x7507e5f241448df7b113d48c85ef7c4a11a909a616776d96fcca6befe0affdd5,OpenZeppelin Contracts,3972.2580619625,2086,930.2932359209467
0xa1d52f9b5339792651861329a046dd912761e9a9,19,"Ethereum Core Infrastructure, Research, and Development",0x76eabce511626d1d54bdae4770c3dc172bffca39ba53d82c27defe44ddb94cfa,EthStaker,19998.68125,5503,6002.303906364923
0xa1d52f9b5339792651861329a046dd912761e9a9,19,"Ethereum Core Infrastructure, Research, and Development",0x94eb97247c425470175ec5573d9a21fa6dfb93ae4ce534a0d8c19842b1646e5f,Ethereum Attestation Service,7353.1551193625,2770,2165.8685462594626
0xa1d52f9b5339792651861329a046dd912761e9a9,19,"Ethereum Core Infrastructure, Research, and Development",0x99a0923a56df8ca5c4e11857a3135657720904cd1b059d8b94f1f080acefa001,L2BEAT,19998.68125,8021,11409.043011086997
0xa1d52f9b5339792651861329a046dd912761e9a9,19,"Ethereum Core Infrastructure, Research, and Development",0x99b81016d61f8b9115282b1055649d4876f38619759064b783478047ca61b714,NiceNode,6440.0053341468747,2656,1503.1445209998428
0xa1d52f9b5339792651861329a046dd912761e9a9,19,"Ethereum Core Infrastructure, Research, and Development",0x9cf538295b69125db2e7036df4bee5d9f40ce2966577064a1af58f60985d98a4,"PLUME: Pseudonymously Linked Unique Message Entities, aka Verifiably Deterministic Signatures on Ethereum",3190.579607284375,2214,683.360780223656
0xa1d52f9b5339792651861329a046dd912761e9a9,19,"Ethereum Core Infrastructure, Research, and Development",0xa7421049dfb7dcacaa3c423aaa31fbfeae4e091825a8c937423a7e3b3fd79888,eth.limo,6637.242327975,2599,1442.1056633440894
0xa1d52f9b5339792651861329a046dd912761e9a9,19,"Ethereum Core Infrastructure, Research, and Development",0x04df105ffc154ad45351c703b6fbe7f387c577244ea841f782b35d3b6cdceb3f,eth-pkg,1215.37985560625,1705,307.00923354229957
0xa1d52f9b5339792651861329a046dd912761e9a9,19,"Ethereum Core Infrastructure, Research, and Development",0x0cdbfe30f8bfea9a33a297e1812c0ff146d326a3afa5832e24dc941a2e415b8f,Otterscan,5542.33452821875,2279,1140.3143131840432
0xa1d52f9b5339792651861329a046dd912761e9a9,19,"Ethereum Core Infrastructure, Research, and Development",0x121349de663c28873917d4ab844eeb4776a87fb732a806cb083cec0e4a1a1b51,"Blockhead: portfolio tracker, block explorer and web3 browser",2983.5332603031252,2398,901.603156508881
0xa1d52f9b5339792651861329a046dd912761e9a9,19,"Ethereum Core Infrastructure, Research, and Development",0x2846c907cabad2d40f3fdd201767a3a47a98f3d2cc4315ccf00b9aacf22e1c54,D4C : Fuzzing the Ethereum Network,1349.0610404218751,1701,299.32110736770341
0xa1d52f9b5339792651861329a046dd912761e9a9,19,"Ethereum Core Infrastructure, Research, and Development",0x30110c8ff69b31ae1173c17e3b20c79fbc8d6cfeb41145038235d6788b73f705,Ethereum Staking Guides by CoinCashew,2861.1013336906249,2124,709.614805090378
0x98720dd1925d34a2453ebc1f91c9d48e7e89ec29,19,Web3 Community and Education,0xa9d4a418242316e63ee995578fc4478cc447914baf74aacadbd49e77b4f45720,Heavens Tools,331.01380534375,79,769.44317067181692
0x98720dd1925d34a2453ebc1f91c9d48e7e89ec29,19,Web3 Community and Education,0xaa2499a3dc8be88d1769016f9fef5482a4cf159943d237bc82e0a24e7523f2be,SqrDAO,191.3235779375,59,395.42437090910971
0x98720dd1925d34a2453ebc1f91c9d48e7e89ec29,19,Web3 Community and Education,0xadbe153724eec36bc07d2979e7cd3c3927b13d6a6706dd1f54fdd8ea894b5874,L2 Planet,653.221923,149,237.79356550332159
0x98720dd1925d34a2453ebc1f91c9d48e7e89ec29,19,Web3 Community and Education,0xae994b0a1005d5bcac29befe8f316e457fdb429749d9cb2709e8c269902732c9,UFO,708.05734178125,144,216.87448604777455
0x98720dd1925d34a2453ebc1f91c9d48e7e89ec29,19,Web3 Community and Education,0xaff83448bc6a663266e1103d13994ead4cede4778f14d755cee8ca8d9a280fa4,Public Nouns Operations,1219.58774471875,111,296.40951197966933
0x98720dd1925d34a2453ebc1f91c9d48e7e89ec29,19,Web3 Community and Education,0xb28d9acc3d6d023c593fdbd592dfb6432c99730e46e27557e35911993c4a9152,Dream DAO,900.98195384375,109,179.29499496612698
0x98720dd1925d34a2453ebc1f91c9d48e7e89ec29,19,Web3 Community and Education,0xb3f29ba7f49ecfcc6a5ada3494f3fdc50eedcb08ab1ff647e3d31fa6ad57dc9f,EtherScore,13884.368061265624,6801,11822.310073693447
0x98720dd1925d34a2453ebc1f91c9d48e7e89ec29,19,Web3 Community and Education,0xb548759fa9ed28d0864a2caebce289ace903636e3fd30149767272c4004d0b23,The Flippening,356.63035134374996,96,198.96704619936645
0x98720dd1925d34a2453ebc1f91c9d48e7e89ec29,19,Web3 Community and Education,0xb5ee5642dd21e955a8c5f787987c4024fc55d6328385af110b9205e69284a4e7,ReFi Japan,534.14500995312494,112,150.24223773181438
0x98720dd1925d34a2453ebc1f91c9d48e7e89ec29,19,Web3 Community and Education,0xba5a040718eff624d9a26b52ea86ad47e68336684a03a56a66077a6517399993,AsteriskDAO,359.03190253125,66,323.61666939314455
0x98720dd1925d34a2453ebc1f91c9d48e7e89ec29,19,Web3 Community and Education,0xbb4fe1066130c2a290c2a0dd3d1701498b3f65528cae6fa7c43aca56e8a65b79,MotusDAO,516.73376384375,89,125.7676111292094
0x98720dd1925d34a2453ebc1f91c9d48e7e89ec29,19,Web3 Community and Education,0xbd58608868056c3dd0709ccdf64ebe7b1e42ec0589612e26a37fa748e9a4c1c6,Intelligence On Chain,486.714374,88,271.8607983039692
0x98720dd1925d34a2453ebc1f91c9d48e7e89ec29,19,Web3 Community and Education,0xbecd444c2e6dba4f22425147775a29bdf3dd6a26989d53d066f468eed17cfb94,Proof of Integrity,718.0638050625,176,340.41204021964222
0x98720dd1925d34a2453ebc1f91c9d48e7e89ec29,19,Web3 Community and Education,0xbf0759a189cf67ec0f531de1fa1daa459dc9bb856d1f5c7699b1e1e9137f456f,The Rollup,1707.1026357812498,482,2713.0553523041308
0x98720dd1925d34a2453ebc1f91c9d48e7e89ec29,19,Web3 Community and Education,0xc05edb8647212bbdbb2db8c6ebe528d30d58dfc9dd20087cb466cd89b522cb74,Decentralizing Journalism to Restore Public Trust,486.714374,67,100.72645660210401
0x98720dd1925d34a2453ebc1f91c9d48e7e89ec29,19,Web3 Community and Education,0xc24e3904b30e45ee23b4cf0bf1c46a133fdfce916176052e703a02a11efa595b,Greenpill NYC,631.20770378125007,73,180.34234614600427
0x98720dd1925d34a2453ebc1f91c9d48e7e89ec29,19,Web3 Community and Education,0xc271e6417d9bb7848d38c1f911d6a00ca8d1f4a821ea9b88bddaadd68c3ddd6a,Ethereum Mexico,811.524172109375,104,217.50434697442688
0x98720dd1925d34a2453ebc1f91c9d48e7e89ec29,19,Web3 Community and Education,0xc401c980df990c4153febcf89b1b78428be1e1f5020d1c72d21b9c818f5ab2a5,DeFinomics Labs,157.101473515625,60,169.10770340356976
0x98720dd1925d34a2453ebc1f91c9d48e7e89ec29,19,Web3 Community and Education,0xc73eb24103a064f2069ec877bf4f1243abe3eafd3cdde9ae741704f3118be7e6,Youth In Crypto,68.44420884375,35,37.281011196784675
0x98720dd1925d34a2453ebc1f91c9d48e7e89ec29,19,Web3 Community and Education,0xcb1d892e7c162ce6f9ddb6602adff102e5b250cc3a7d92a19727ed5fd62404de,BEE APICULTURE,225.145423828125,43,209.2341680675745
0x98720dd1925d34a2453ebc1f91c9d48e7e89ec29,19,Web3 Community and Education,0xcb347b5b694a7ae49e3259f3b24f91a2e1cb12538c0a44f7e585e4b77fd8af97,ReFi DAO - A New Chapter…,1070.091183296875,125,265.57796964724548
0x98720dd1925d34a2453ebc1f91c9d48e7e89ec29,19,Web3 Community and Education,0xcefce998b4003cbba7d4efd2c5485af8e39ff0fdc71a947209a6af9d2935f8f4,Decentralized Library,400.858919046875,100,125.51561193843372
0x98720dd1925d34a2453ebc1f91c9d48e7e89ec29,19,Web3 Community and Education,0xd144e320b20f9d4a2723349291ad09907475555a6fa4c4dfd8bfd9e9c6ad020d,Week in Ethereum News,2052.7258775156251,405,3773.0406794035807
0x98720dd1925d34a2453ebc1f91c9d48e7e89ec29,19,Web3 Community and Education,0xd289e43c2df613b8737069de5e4e84ad10b4858e5286126775a0c7fc2298cae3,impactMarket: Financial education & microcredit to vulnerable communities.,470.70403275,72,162.34403054788709
0x98720dd1925d34a2453ebc1f91c9d48e7e89ec29,19,Web3 Community and Education,0xd633b7b93b59c9185f636843b989c6d1b29c3558ec9383185d8b7f223aef8c80,Afro Blockchain Carnival,61.239555281250006,32,27.154408385977149
0x98720dd1925d34a2453ebc1f91c9d48e7e89ec29,19,Web3 Community and Education,0xdcf722a36ffb837f578db38c9d7798866861f1b2a35a276db0daa184bc93be2d,FABDAO,285.38433278125,70,90.753378055989742
0x98720dd1925d34a2453ebc1f91c9d48e7e89ec29,19,Web3 Community and Education,0xdd4197864ab59f2b755b2ead91e7236cff8a3c1c6227d28b65877c22196010fb,MetricsDAO,447.68916720312495,117,242.74095567502081
0x98720dd1925d34a2453ebc1f91c9d48e7e89ec29,19,Web3 Community and Education,0xdfa4005d484b413fbdec038ab5b5f0c716527a1c32e9b7e0e9111ca0b35d5d9e,Solow,290.98795221875,74,130.21587963681668
0x98720dd1925d34a2453ebc1f91c9d48e7e89ec29,19,Web3 Community and Education,0xe223994d1bed769eb5a3c37d38b162c9ed332c091ffef5368c7facf5ad934502,Empowering Builders: How To DAO Educational Initiative,221.14283851562502,45,56.588181471684948
0x98720dd1925d34a2453ebc1f91c9d48e7e89ec29,19,Web3 Community and Education,0xe24aaf54ffefa4666f026e660d89e75c8d87e59a4e7170400b3608007456c49f,Ethereum Edmonton,87.65661834375,35,34.7846652995795
0x98720dd1925d34a2453ebc1f91c9d48e7e89ec29,19,Web3 Community and Education,0xe3b9f98ce2fc4508932ff6316ef7c36b4e224da31261aef5441a447c8682d2a7,Onlyfun,908.786995203125,274,4088.511752986582
0x98720dd1925d34a2453ebc1f91c9d48e7e89ec29,19,Web3 Community and Education,0xe4bf1dc53bc1822535f53dba1611489cd12e9b9faef4055d33f3aca0fdaf9bbd,Web3 Sanctuary,465.90093037500003,76,162.70520060136914
0x98720dd1925d34a2453ebc1f91c9d48e7e89ec29,19,Web3 Community and Education,0xe5e11fd40f2b98f1ef7c105ba24032c0da8c5a09248ac68d7fb56428ef384a9d,Gemma’s Artist DAO & Grants Program,67.64369178125,25,25.802212784066796
0x98720dd1925d34a2453ebc1f91c9d48e7e89ec29,19,Web3 Community and Education,0xe5e76061559e6f3510aeae3e769c61b700debe9aa6837b6458af682d0bcff4b6,Glosseta,183.3184073125,50,55.254274252802134
0x98720dd1925d34a2453ebc1f91c9d48e7e89ec29,19,Web3 Community and Education,0xe6fa6e3acf27baa6ac85c62f0c23190eddeb1168f0b3e8003e92b5574e26389f,Funding the Commons,1819.17502453125,144,1565.4301009823103
0x98720dd1925d34a2453ebc1f91c9d48e7e89ec29,19,Web3 Community and Education,0xe774b4f543259518e0595eae2ed5969cd7e2898c129ddfc8518e00439dfe7f20,cadCAD: Computer Aided Design for Complex Systems,428.47675770312503,85,109.3740483764559
0x98720dd1925d34a2453ebc1f91c9d48e7e89ec29,19,Web3 Community and Education,0xe7f2bc07e11d8538515ac5d910592d372404af699b2a31a6bce87a3f9ff44626,ETHAccra,454.493562234375,57,212.43136034812778
0x98720dd1925d34a2453ebc1f91c9d48e7e89ec29,19,Web3 Community and Education,0xeddcb82d2b047920fb51edd0dcdcf5e5dae9c472289a137f368dd139e28dbcb4,OpenCivics,1614.0425272656248,147,372.38180519267917
0x98720dd1925d34a2453ebc1f91c9d48e7e89ec29,19,Web3 Community and Education,0xefe60676eeba6be71077015223e02fafa21f5afa3bf1ac4b2dfcd88a125d4a4f,Psychedelic Puppet Show DAO,948.6127190625001,75,2059.3404021402821
0x98720dd1925d34a2453ebc1f91c9d48e7e89ec29,19,Web3 Community and Education,0xf0a3ebfbb295ea4691e2fa72cca351df05e2fc1f3b99cf0dd69bf5fb0de5ce2d,Bankless Academy,1651.2665706718749,199,470.41322757303715
0x98720dd1925d34a2453ebc1f91c9d48e7e89ec29,19,Web3 Community and Education,0xf0e22b436b4968a188c1489f4be9635a250d13b3ec4e1e5d6af1465f319f89bc,AQKU Blockchain para Peru,200.9297826875,48,50.239498377079144
0x98720dd1925d34a2453ebc1f91c9d48e7e89ec29,19,Web3 Community and Education,0xf128e7858c7eadaee4158633142b88a29bef9375418e29f86bb1761d430e780b,SODIUM: Illuminating Oakland’s Creative Power with Web3,74.648216078125,42,57.150406402535737
0x98720dd1925d34a2453ebc1f91c9d48e7e89ec29,19,Web3 Community and Education,0xf315ffb4e59dd53cdd1d0d14e03e756a7d9f6abbec449b1d577993c1cbb2277a,OpSci: Open Science on Web3,575.77189720312492,96,209.93872707430273
0x98720dd1925d34a2453ebc1f91c9d48e7e89ec29,19,Web3 Community and Education,0xf58f91ee28cf5b6623debfb5322b89c47c9f88ef279541425b4251514a33ddac,tokensight,197.7277144375,69,74.095249438425526
0x98720dd1925d34a2453ebc1f91c9d48e7e89ec29,19,Web3 Community and Education,0xf6463692487df8fd8c206a98bf334d77f17e688839718d6238ad192d1719c71a,DeSci Landscape Analysis,433.07973081250003,54,266.520961740287
0x98720dd1925d34a2453ebc1f91c9d48e7e89ec29,19,Web3 Community and Education,0xf7f5ee1fdad08362a533a0f061e9327448739e06eac0e2e2153ccb582a4d5435,Wild Sherpas DAO,510.930015140625,87,151.6576970955357
0x98720dd1925d34a2453ebc1f91c9d48e7e89ec29,19,Web3 Community and Education,0xf9db231d41bc3b713eb16c3c2104baa1bfeceba5aca71bd4aa3565151e6f3add,The DeSci Journal,372.64069259375,71,88.852647722000256
0x98720dd1925d34a2453ebc1f91c9d48e7e89ec29,19,Web3 Community and Education,0xfe2a9ff9c97a0c4ff56e27c5f4b3652bab2e5dff107c9b937622a96f44d2d741,Coin Center,1024.0614522031251,100,489.32085641846061
0x98720dd1925d34a2453ebc1f91c9d48e7e89ec29,19,Web3 Community and Education,0xfe6ac43ff9c290fc49b9201fc7858549e531a079b534db3f9365f6423d2ec2bd,Alpha Insiders,3311.5389582968746,1169,2086.4086347622797
0x98720dd1925d34a2453ebc1f91c9d48e7e89ec29,19,Web3 Community and Education,0xfec453c855eb5d3852468f3fb3531849af79ae67015bb1f1473e8f22bd246f5b,Hack ReFi,442.28567703125003,84,81.970942836254835
0x98720dd1925d34a2453ebc1f91c9d48e7e89ec29,19,Web3 Community and Education,0xff86943e14d92905c2d47be5f91bf458ffaf59439d6d2f0e83a52f63716660f4,Solidity Developer,366.836943890625,81,96.350948680425063
0x98720dd1925d34a2453ebc1f91c9d48e7e89ec29,19,Web3 Community and Education,0x457ec30327c665492be165353e1d2e1bfcca298a3ca9ee6e2b69acee9ca4940c,ZachXBT,8802.2854899843751,2414,6320.9855444123968
0x98720dd1925d34a2453ebc1f91c9d48e7e89ec29,19,Web3 Community and Education,0x4695fdb322e8cdfe7fa9455912a1cb07fd3ea65e64d6f4672098ac4a25483e6c,Bankless Africa,703.25423940625,73,252.61857829615474
0x98720dd1925d34a2453ebc1f91c9d48e7e89ec29,19,Web3 Community and Education,0x4731d329e5a85ff921e208199b59fc4e0c312006d17f649b483387203c660ef6,ETHMedellin,550.15535120312506,95,146.47646701429039
0x98720dd1925d34a2453ebc1f91c9d48e7e89ec29,19,Web3 Community and Education,0x4c3a5495e0d5a47ac4c53d26b72f70097321cf1a0fed6626311de7a9c8fbb6b6,Nurstar,493.51876903125,118,259.67439742200077
0x98720dd1925d34a2453ebc1f91c9d48e7e89ec29,19,Web3 Community and Education,0x4cd41869f9b2d95c05e2cb13643f1ab7ae05ebd439349c0024aeba44a249b1d8,ITU Blockchain,1850.9955777656251,312,675.71758063789457
0x98720dd1925d34a2453ebc1f91c9d48e7e89ec29,19,Web3 Community and Education,0x4feb5b109d14761aad56f4c438160d6186faaa42375ea86bf46d363c7dcfb484,RnDAO - empowering humane collaboration,478.709203375,66,149.49679505568929
0x98720dd1925d34a2453ebc1f91c9d48e7e89ec29,19,Web3 Community and Education,0x50bd355a82c4225d98924aa92e8baca091bc350f817847d5f672123d040363d4,ETHSafari-2024,531.5433295,82,376.14599157031626
0x98720dd1925d34a2453ebc1f91c9d48e7e89ec29,19,Web3 Community and Education,0x50f7ca3dfa2359dc2fd5b42fe2a8c43c9306f1880bfb6fbd5e1c4dc26cd1a5c4,Unitap,1554.4040061093749,386,740.72930365079083
0x98720dd1925d34a2453ebc1f91c9d48e7e89ec29,19,Web3 Community and Education,0x51a266ad7e7891551491c718442b3c69ba2c3b799e0b2c1c28f04e39f4f4c584,Blind dev community,200.12926562500002,45,64.638867758214474
0x98720dd1925d34a2453ebc1f91c9d48e7e89ec29,19,Web3 Community and Education,0x531da532bca73c27f95a4351b78153ff05421ca85c69d4edaba53d142c9dbd80,Nunu Spirits,400.65878978125,111,144.38437054306269
0x98720dd1925d34a2453ebc1f91c9d48e7e89ec29,19,Web3 Community and Education,0x565df0018e22c045c0e24a98c77a19239b878a46b5cf86005b4ca0046e91b4f8,FrontierDAO,517.9345394375,91,109.93015765608288
0x98720dd1925d34a2453ebc1f91c9d48e7e89ec29,19,Web3 Community and Education,0x5744a405a0e3fd6f9d3f7d1e08d641b2e0c59327d8f93bfd935dff3a7a0fd40b,Cosmos for Humanity | C4H,419.27081148437503,102,112.29107442498207
0x98720dd1925d34a2453ebc1f91c9d48e7e89ec29,19,Web3 Community and Education,0x5cc8298756c533ac6f67a7a5ccba6446106bc5bb9e0070ef8c886560ca8538b2,Paradox Ventures,415.06809690625,105,132.22640796774067
0x98720dd1925d34a2453ebc1f91c9d48e7e89ec29,19,Web3 Community and Education,0x5ec2771b7abb81241a53d78cc36e4db68dfd88ff5683826d41d1178c4944851d,ResearchHub Foundation - Peer Review,584.97784342187492,144,403.56098436471075
0x98720dd1925d34a2453ebc1f91c9d48e7e89ec29,19,Web3 Community and Education,0x635979dce52d92a7a06ef2764e650a6c6fd1b83aae9026b8ba652d5516b7bc63,Global Events,218.34102879687498,56,55.0532283692155
0x98720dd1925d34a2453ebc1f91c9d48e7e89ec29,19,Web3 Community and Education,0x646d41be0fbbe228c01a54aecfde54250c0ae01d3de2221ce80971e8ff542a50,NFT Price Floor,424.874430921875,85,305.62648333050311
0x98720dd1925d34a2453ebc1f91c9d48e7e89ec29,19,Web3 Community and Education,0x6513aaecef0b010ddec5ced2c4859590b98c5c01f4e2459f7ce17c71cfb0c259,Regens Unite - bridging the gap between web3 and local regens,1343.4677601406249,119,370.00262863771059
0x98720dd1925d34a2453ebc1f91c9d48e7e89ec29,19,Web3 Community and Education,0x65485a7160279c33bde4113be4ac3da37a9efe763e968ba5a1956589c2f205a0,Web3 Deliberative Governance - Decision Legos,190.92331940625,41,129.63012955430895
0x98720dd1925d34a2453ebc1f91c9d48e7e89ec29,19,Web3 Community and Education,0x68f1da3e04908884ed83bb92cd7c7cfb9b5c1ae72babd1f0ca884b1f48acb810,Web3event,282.98278159374996,107,1500.6634363392368
0x98720dd1925d34a2453ebc1f91c9d48e7e89ec29,19,Web3 Community and Education,0x6d037d8126f735b525b23581987f1f47c44997e7b3ddc5d6a6d2f307f273cfb9,DeSpace QF,427.27598210937504,50,116.01781101804227
0x98720dd1925d34a2453ebc1f91c9d48e7e89ec29,19,Web3 Community and Education,0x6f0e2cefd498ee12dce51b414ffd400e5742f87411be0149629c4ad31504d60a,Bankless Publishing,854.95222274999992,85,304.016100326553
0x98720dd1925d34a2453ebc1f91c9d48e7e89ec29,19,Web3 Community and Education,0x70592497b739adbb9e019ca6dca286bd0ad2be6e0a2199145bc0254ac83e328b,Rooftop,220.1421921875,57,58.796581918373704
0x98720dd1925d34a2453ebc1f91c9d48e7e89ec29,19,Web3 Community and Education,0x7192db708ccb6cc2a138ed377bac77bd97d41ade7e6b6ebacf2d0273a306ded2,Web3Matters Weekly（馬特週報）,229.148009140625,53,56.63626319845207
0x98720dd1925d34a2453ebc1f91c9d48e7e89ec29,19,Web3 Community and Education,0x72af4ae4148f517424e1f110574eb19cb44320fd6e98c8eeaaeeec69b1342fd5,"ReFi Medellín - Join the movement towards a more sustainable and equitable future in Medellín, Colombia",739.477636484375,99,163.81291109882295
0x98720dd1925d34a2453ebc1f91c9d48e7e89ec29,19,Web3 Community and Education,0x73097dc7279797af0ad5919194e1a366e1eba80d6b8ebd78b79de09988e49c82,Web3 Grants Community Organization - Metagov,544.951990296875,76,114.86071691010147
0x98720dd1925d34a2453ebc1f91c9d48e7e89ec29,19,Web3 Community and Education,0x754006b0d2b97cf65701ff53264422e9d3adcda14aafcac04c60edfbd3252596,Rifai Sicilia,676.4369178125,57,342.62065006233752
0x98720dd1925d34a2453ebc1f91c9d48e7e89ec29,19,Web3 Community and Education,0x77dfa2fbb1726c7628de7504e730641ba56b3a84ab006949d5e6ba8d72602914,Pidgin Parlour,311.201008046875,60,65.074850627221167
0x98720dd1925d34a2453ebc1f91c9d48e7e89ec29,19,Web3 Community and Education,0x7be7001a8389d69bdb401bea5b3b715a92f3d8a9450c47e72cc067aac1656434,VoiceDeck: A Marketplace for Journalism Impact Certificates,583.77706782812493,74,317.93963578157127
0x98720dd1925d34a2453ebc1f91c9d48e7e89ec29,19,Web3 Community and Education,0x7cb70b6c45a99944312456679698d8062141bc8e35348450e34c7b9dbee9bcfe,DeSci Asia,437.48257465625,82,162.37805704446509
0x98720dd1925d34a2453ebc1f91c9d48e7e89ec29,19,Web3 Community and Education,0x7e31a7d2eb5751b912e6a54aea4423f23cdf313b0194ceb0a14967772e0f5725,Public Good Africa,914.59074390625,125,231.36041647009552
0x98720dd1925d34a2453ebc1f91c9d48e7e89ec29,19,Web3 Community and Education,0x80cd4885e00183db7333fba136ead1ab331c98fa9327956d20610e074d2c11c5,yAcademy Auditing Fellowships,238.754213890625,51,87.813332907855511
0x98720dd1925d34a2453ebc1f91c9d48e7e89ec29,19,Web3 Community and Education,0x84128db1aaef0900f3a5edb98e9a688a54dfef33808864c728b4990740b167d7,Njombe Innovation Academy,288.786530296875,41,67.9277676504571
0x98720dd1925d34a2453ebc1f91c9d48e7e89ec29,19,Web3 Community and Education,0x8427d56c001d898a2afc097dfffbe471b26dfcc4bf8a9fac386266a5ed1ef37b,Ethereum News Podcast,792.11163334375,111,745.74393622321077
0x98720dd1925d34a2453ebc1f91c9d48e7e89ec29,19,Web3 Community and Education,0x867662707b85868c594ecad790ae38aa894a5f23fd504329223cd395b82ca15f,Curiosi3,374.84211451562504,65,80.880422482267022
0x98720dd1925d34a2453ebc1f91c9d48e7e89ec29,19,Web3 Community and Education,0x874e353908cafb80579f071c109136672b0c2db297dbc29b777e9d6c486777f5,ELI5 💡 DAO,667.631230125,94,300.0196764729917
0x98720dd1925d34a2453ebc1f91c9d48e7e89ec29,19,Web3 Community and Education,0x8922fedbc096d4323fdf3e6de55477a6e487d4bde5ab92d1954ff0f0a9104de9,Trustalabs,14849.591509375,8894,18275.518546308624
0x98720dd1925d34a2453ebc1f91c9d48e7e89ec29,19,Web3 Community and Education,0x8a5bcbaab4491b615d87a6ed617ab05d728b07a2d51f840f1d50296948a6f28d,DIGITALIZADOS,279.38045481250003,76,180.35942240175791
0x98720dd1925d34a2453ebc1f91c9d48e7e89ec29,19,Web3 Community and Education,0x8a8a5920c6c197499dd0593bd79d8c2ebddeb06489c12b141046394f9910f214,Fracton Ventures Research,522.53751254687506,97,166.47315646801144
0x98720dd1925d34a2453ebc1f91c9d48e7e89ec29,19,Web3 Community and Education,0x8a968e851133cf90b61c80285487bd43770debfebd7aa3276ef45e55824c7309,Ethereum Lima,738.47699015625,108,483.9470148475375
0x98720dd1925d34a2453ebc1f91c9d48e7e89ec29,19,Web3 Community and Education,0x91ad604137e206fbdd50b8e81bc4c20d2e7a5f25b54bf71b4f49d51b0ce9d20c,"Tulum’s Tomorrow, Accelerating the Regenaissance with ReFi Tulum",377.0435364375,59,85.498940693214536
0x98720dd1925d34a2453ebc1f91c9d48e7e89ec29,19,Web3 Community and Education,0x92980c994e3e4fda7f66cefa230b7220913c8175833bd98f39dd424049a1388f,Metagov,1011.0530499375,105,218.97457297914661
0x98720dd1925d34a2453ebc1f91c9d48e7e89ec29,19,Web3 Community and Education,0x93a490042c66ad84117a3b0d586e6e873646479902b8b4681fe7c068a6a9dbc4,ProXify DAO,386.449611921875,81,526.74455901328474
0x98720dd1925d34a2453ebc1f91c9d48e7e89ec29,19,Web3 Community and Education,0x93c3761ac9510ba8456818d1930da867f4b09914636967c0f81812f63700e5b0,Mycelia - Retornando à Mãe Terra,512.931307796875,68,157.07224608515389
0x98720dd1925d34a2453ebc1f91c9d48e7e89ec29,19,Web3 Community and Education,0x96932bcb2d2dfea2f0e5feaa52a14b5ca4666660a19ac377a9390e26fbb16900,Unknown blog,23.014865546875,31,28.0175241578836
0x98720dd1925d34a2453ebc1f91c9d48e7e89ec29,19,Web3 Community and Education,0x9e96fdbf2047696f767ac0cce6a039f23a55d3515c6b8742f7e76718a50f72ce,JonHQ Discord Security,579.374223984375,77,520.08835207484663
0x98720dd1925d34a2453ebc1f91c9d48e7e89ec29,19,Web3 Community and Education,0x9f8b5aeeb03f8984e4538e241223d75d614455290af248255af42d196688ec3b,MAX IMPACT & Let's GROW DAO,761.491855703125,87,120.63913365453482
0x98720dd1925d34a2453ebc1f91c9d48e7e89ec29,19,Web3 Community and Education,0xa06603617f8125c3e4b220d0d75d2366f2bcb8e5f358873240a1c1eb75c5593e,4Seas DeSoc,291.58834001562496,64,109.13509354949929
0x98720dd1925d34a2453ebc1f91c9d48e7e89ec29,19,Web3 Community and Education,0xa20689bec3a7463fc105f580f66ae4ff81a5d82fb2c9c0a303591adc74461851,The BlkChain,125.881308078125,45,163.10151682491414
0x98720dd1925d34a2453ebc1f91c9d48e7e89ec29,19,Web3 Community and Education,0xa239387d1ac7d323f08dde2bfeb4e563f77abaaa63d23f9877dbc531a8aaef08,Giveth,4688.6284350625,359,1168.2266404759139
0x98720dd1925d34a2453ebc1f91c9d48e7e89ec29,19,Web3 Community and Education,0xa42e657cc21b0784270b109f7c5a10e8342681ed7b19fc2477f0fde6b9bda25c,ReFi Tanzania,372.840821859375,76,89.381590582430363
0x98720dd1925d34a2453ebc1f91c9d48e7e89ec29,19,Web3 Community and Education,0xa472e5da40273206293b1af9a8bd1c17a10fb6da6c2552b9758eba36a30cfafd,Revoke All,2342.5130541406252,517,846.14646861259826
0x98720dd1925d34a2453ebc1f91c9d48e7e89ec29,19,Web3 Community and Education,0xa76109df202d323c9a1be47e7ef0515d61965c09c8f995d03ad2a5545e81470d,GreenPill LA,356.430222078125,48,103.5129999704659
0x98720dd1925d34a2453ebc1f91c9d48e7e89ec29,19,Web3 Community and Education,0xb0e1185791e949aa3a25cc6206a65e9043355b8042e0ccdc347f55029fedc316,Empowering women and girls through education and digital skills access,389.85180943750004,58,121.61815311317332
0x98720dd1925d34a2453ebc1f91c9d48e7e89ec29,19,Web3 Community and Education,0xbac939134dcb13b61a5d417f994a575417c11b78cd2b48551ef1995912f4759e,The Noun Square,1208.38050584375,125,314.29142113775015
0x98720dd1925d34a2453ebc1f91c9d48e7e89ec29,19,Web3 Community and Education,0xbca0aca9263b9e6037bece514a9f4756b5a1e6990a54e534805f52679f75661a,Prison Pets - NFT Comic 18+,205.132497265625,52,255.28387871850282
0x98720dd1925d34a2453ebc1f91c9d48e7e89ec29,19,Web3 Community and Education,0xbe24fea80a22185675302ce64057bee27f9f535ac4713602dec3b5e7ebee3ed1,ETH Volcano 🌋 🇸🇻,183.118278046875,44,55.794232087209821
0x98720dd1925d34a2453ebc1f91c9d48e7e89ec29,19,Web3 Community and Education,0xbfb854fa58864b2b879c6cd6c6a6adc045c34fcd7a9b41ba7eff8bd4c4b74bc7,Bankless Japan,630.207057453125,113,194.30435845814645
0x98720dd1925d34a2453ebc1f91c9d48e7e89ec29,19,Web3 Community and Education,0xcab7265cb5ab79698591a86e3f41545aaa46f91b6498fcedf144c938359724f3,Helpers Social Development Foundation: Teaching web3 & digital skills while supporting vulnerable children to go to school,572.169570421875,77,265.23859224119224
0x98720dd1925d34a2453ebc1f91c9d48e7e89ec29,19,Web3 Community and Education,0xcbace3b0e2620500435c1cb0969d1086f30d5efe425528d17d604e18c463a97b,Decentraplace,283.983427921875,59,64.655423974851146
0x98720dd1925d34a2453ebc1f91c9d48e7e89ec29,19,Web3 Community and Education,0xcbec7ed2ce1598d0ff1fd1319c8d8731d2a12c03886d2182571e94860ebbaff7,KriptoBetyár,77.24989653125,37,53.061382247135043
0x98720dd1925d34a2453ebc1f91c9d48e7e89ec29,19,Web3 Community and Education,0xd626750df2130577293c577bf1a8624a51aa478955ab23dd8a703aeb1486e82e,web3-oasis,222.14348484375003,86,108.11971660982817
0x98720dd1925d34a2453ebc1f91c9d48e7e89ec29,19,Web3 Community and Education,0xd76e165ff0618d54e45545a942a764f0ec4214968eafbac4fa0d2b1ade0f50a5,DeSci Africa,484.91321060937497,70,123.94754096772522
0x98720dd1925d34a2453ebc1f91c9d48e7e89ec29,19,Web3 Community and Education,0xe85ae7069567808a5f50ff0362c6dc6bfbc811f4e4fadc94df725ece1c022533,Liker Land - NFT eBook - Empower Content Ownership,268.973733,77,133.84012431185693
0x98720dd1925d34a2453ebc1f91c9d48e7e89ec29,19,Web3 Community and Education,0xe99b852c3030d0b95b9a5ae9c199ef6bdf5a268ad88c2335d906191c5593d129,ETHChicago,166.90780753125,38,246.64211116358638
0x98720dd1925d34a2453ebc1f91c9d48e7e89ec29,19,Web3 Community and Education,0xea7c1b4cdd39331639264a57b2dbc0dcfb93b09700d1d8403197d262908c9a0d,ODTU Blockchain,800.51706250000007,251,526.79565859492868
0x98720dd1925d34a2453ebc1f91c9d48e7e89ec29,19,Web3 Community and Education,0xf47ae0dd25ee8c6d03a44d5dc522db36823e5341b5f57f713abb21886bc6208b,Colton Orr builds AceTCG,553.55754871875,55,307.08917075023055
0x98720dd1925d34a2453ebc1f91c9d48e7e89ec29,19,Web3 Community and Education,0x00652899139c0749c5ce92eb826b44afc2f08409c58abc9267efb33aa6fe118d,MetaGame,1491.5634167031251,175,565.19146097544581
0x98720dd1925d34a2453ebc1f91c9d48e7e89ec29,19,Web3 Community and Education,0x0103894ed3067c5a7266f50629fa86587e47348af4306fbc00a39328dc45cd50,Castle Capital,1670.8792387031251,466,958.02156542800367
0x98720dd1925d34a2453ebc1f91c9d48e7e89ec29,19,Web3 Community and Education,0x01441311c80f544d6c90d497a84652f701f10f16f4ca1c24fcde11f6735c5122,Olimpio Education,3031.7582449531246,1064,2654.9449895669241
0x98720dd1925d34a2453ebc1f91c9d48e7e89ec29,19,Web3 Community and Education,0x05556c3de8fc70011b8731c7fd4f925b627efed300b8a04486aac3780c72bb7d,Modular Crypto,586.578877546875,151,817.41196223068982
0x98720dd1925d34a2453ebc1f91c9d48e7e89ec29,19,Web3 Community and Education,0x08016e5dfa3a46d22aa5d1cc2053f92052a66894cb185af3b9b543aecd8a1a7b,CriptoMexico Hispanic HUB,302.99570815625,56,90.717874576337636
0x98720dd1925d34a2453ebc1f91c9d48e7e89ec29,19,Web3 Community and Education,0x0c0040aafe19e266445df240a5816c8826706dc8dc7103048a1d2f57b00c1081,DAOESCO & DAO Palace,238.353955359375,65,79.54106280207634
0x98720dd1925d34a2453ebc1f91c9d48e7e89ec29,19,Web3 Community and Education,0x0cdc588e0b493f9aa6f1375c1f4e88dda3166564f3f8c6a7759975a465c4b18c,Web3 Security,1406.7086080781248,159,686.39733259310015
0x98720dd1925d34a2453ebc1f91c9d48e7e89ec29,19,Web3 Community and Education,0x0e4fc49956119a596ddd7e107b5e33ac7c7bf6046f0713b349887c9d44a0dfd6,ENS DAO Newsletter:  Providing news and core ENS development to the global Ethereum community.,1083.699973359375,242,364.00472391676158
0x98720dd1925d34a2453ebc1f91c9d48e7e89ec29,19,Web3 Community and Education,0x0ee4b1f50c70b077ca1f8056acd277a00f7c9a718ff27f73b1c362eb89f37f00,Crypto Mondays,156.70121498437499,35,62.250402511097491
0x98720dd1925d34a2453ebc1f91c9d48e7e89ec29,19,Web3 Community and Education,0x0f95f3b933e4c08f252fd35f4fa66b5048880b3a90b56cdca22b1446af01685c,Upgrading Ethereum Book,1152.544440734375,107,608.12149516423233
0x98720dd1925d34a2453ebc1f91c9d48e7e89ec29,19,Web3 Community and Education,0x130e3d33b394c99a16fc4c4b07e6e15a4732a33074afeac60c90d67bd3794194,AA Chinese Community,233.150594453125,49,105.76751367934048
0x98720dd1925d34a2453ebc1f91c9d48e7e89ec29,19,Web3 Community and Education,0x1329681ed5354400dc4282887585356e72aabce52064d7ce89519cc83646d08d,refi node ile-ife Nigeria,39.425465328125,28,20.381587818264961
0x98720dd1925d34a2453ebc1f91c9d48e7e89ec29,19,Web3 Community and Education,0x1346437f2db47e5221fd8a94692ebd14f4c19a0be6932580bf5f3503bfd862bf,Wizard Bridge EVM,2161.3960687500003,1448,2056.5433770425138
0x98720dd1925d34a2453ebc1f91c9d48e7e89ec29,19,Web3 Community and Education,0x14324fa794fbe49a2a33e3b900a59bae707222341b5764ef253c33ae249afa6b,AW House,179.315822,28,92.707923563197255
0x98720dd1925d34a2453ebc1f91c9d48e7e89ec29,19,Web3 Community and Education,0x1854dd10b67d95b4f1337671c42cf187c270f67c8ef3d0fb9792904551f83778,Plurality.net,786.90827243749993,86,331.77272780053318
0x98720dd1925d34a2453ebc1f91c9d48e7e89ec29,19,Web3 Community and Education,0x19fb33daa8379e3268e90abd2fe08f73f317ba2fe803add9853da3993fee6a47,EtherDrops Bot,1977.277144375,766,1767.5477629033849
0x98720dd1925d34a2453ebc1f91c9d48e7e89ec29,19,Web3 Community and Education,0x1f1db02934051015844945b577bd5ca5f4cbc9a6c007fd532c05afed3003e0f2,Moongate,88.056876875,46,47.779548558639362
0x98720dd1925d34a2453ebc1f91c9d48e7e89ec29,19,Web3 Community and Education,0x200ea4886368da88cf37148a2d9b2597348c40db336ec1991adc57e744d94dfa,LensPlay,1253.6097198749999,281,994.2255310670007
0x98720dd1925d34a2453ebc1f91c9d48e7e89ec29,19,Web3 Community and Education,0x20636c87f66406e917bd61ef99d029bd0dad28d271404543410f247c82d40ffc,Hypercerts Foundation,0.0,1134,1942.3306740929838
0x98720dd1925d34a2453ebc1f91c9d48e7e89ec29,19,Web3 Community and Education,0x2670e1b076c2eda58fe0ec093da0ef72e3b54ecad2e70c58bf211ff361169926,Ramada - Cafe Coworking Cripto by ETHCALI,136.688288421875,40,35.296333454549313
0x98720dd1925d34a2453ebc1f91c9d48e7e89ec29,19,Web3 Community and Education,0x269407a27f3af0360958dc1e0ac8b9dd27f7e8e7dfce79f902c1814543d97618,Greenpill Kenya,48.631411546875,21,28.158245444297791
0x98720dd1925d34a2453ebc1f91c9d48e7e89ec29,19,Web3 Community and Education,0x2875da5022e135ae21ea52225fa91ab676525fcc7c1b478a064370a789407be9,The PASS,323.80915178125,81,87.608121301978827
0x98720dd1925d34a2453ebc1f91c9d48e7e89ec29,19,Web3 Community and Education,0x29ebfa45b1d708eda13c20e04a999053361a809a89c48041ffe67890329aefd1,Bloom Network,573.770604546875,79,123.63028121832758
0x98720dd1925d34a2453ebc1f91c9d48e7e89ec29,19,Web3 Community and Education,0x2b8c7593ffc7ee14e0a514083c2809de28c294284df6120630a785a4b5ca77e8,DAO Club,525.139193,83,116.34578355378471
0x98720dd1925d34a2453ebc1f91c9d48e7e89ec29,19,Web3 Community and Education,0x2e640d65f775bc1ee5130ccc4b16d49d155214fb8f996ba7ad91515c06811480,Metopia,2070.3372528906252,1064,2196.2084877118468
0x98720dd1925d34a2453ebc1f91c9d48e7e89ec29,19,Web3 Community and Education,0x30756fe8ddcc6046bcecb36827f114e47e93170236d7a5362badd1ba2d449565,Ayowecca Uganda : Skills training for women & girls in rural & indigenous communities for economic empowerment and crypto education in Tororo Uganda,524.93906373437494,57,114.52691294066608
0x98720dd1925d34a2453ebc1f91c9d48e7e89ec29,19,Web3 Community and Education,0x3179401e6a413536985ffe95c2649fa8548d90995c52c7cc1056a37108f49d65,Crypto Altruism – Accessible Web3 Education for Nonprofits and Changemakers,994.84257942187492,110,293.57104526110925
0x98720dd1925d34a2453ebc1f91c9d48e7e89ec29,19,Web3 Community and Education,0x33c5c1554c1fba988895c3db260136ccff746649d3e4f6b507fe9bc3e1455211,GreenPill Network,2238.445836015625,169,553.125155774178
0x98720dd1925d34a2453ebc1f91c9d48e7e89ec29,19,Web3 Community and Education,0x36d9dd8b8f458caae2a2a9ca42c60c3997f1420f06f34908f3dd8a7670267ba3,Gravity DAO,1203.777532734375,219,293.69193145772442
0x98720dd1925d34a2453ebc1f91c9d48e7e89ec29,19,Web3 Community and Education,0x36e2bab52321bbf3211b5e544bf961cc1f7a7553061c822bda2317ef3cebbc9c,Rhino Review - Ethereum Staking Journal,1518.3807382968751,274,564.92262418125756
0x98720dd1925d34a2453ebc1f91c9d48e7e89ec29,19,Web3 Community and Education,0x37498036c3176e6e3e6c804b1d24943cd9c81d9a2b1ac5ff6523191ab4ffce4d,DeBox,1215.58515940625,437,715.438276601024
0x98720dd1925d34a2453ebc1f91c9d48e7e89ec29,19,Web3 Community and Education,0x37f06aea7d94a01117f905c83cb52bd001ec7b84b70c86f3ff3d9aacf95fc915,Fractal Visions,1484.55889240625,219,329.00589078478515
0x98720dd1925d34a2453ebc1f91c9d48e7e89ec29,19,Web3 Community and Education,0x3a1ab1f30ceb96a9a571b98c97e403fa5acdc738057fcd3e415268a22deddb49,Web3 Galaxy Brain 🌌🧠,803.71913075,63,1798.7589841559529
0x98720dd1925d34a2453ebc1f91c9d48e7e89ec29,19,Web3 Community and Education,0x3d9733f06747eba9e6fa94a69b7fcad42d8f5cd45a914b1d3f58b7b005180e5e,From Aa to Zzz,274.97761096875,48,85.366724933730438
0x98720dd1925d34a2453ebc1f91c9d48e7e89ec29,19,Web3 Community and Education,0x3ebd2f4179a9d4b670f1770745c797e38bb6705037a0cf31ed2cc173b71ef833,Trusted Seed,732.07285365625,180,264.33507634047419
0x98720dd1925d34a2453ebc1f91c9d48e7e89ec29,19,Web3 Community and Education,0x402a70a5cd2d201955be73bd3bf0b06b41a1d440114295d05b65d88c07775f31,Bitcoin Design Foundation,239.15447242187503,62,94.416809881106019
0x98720dd1925d34a2453ebc1f91c9d48e7e89ec29,19,Web3 Community and Education,0x42dc4369cb8f1c91aced5e5d883025cad25c4802b3f5ded2435d21465fccddcf,DeSci Youths,340.62001009375,64,81.930325844325125
0x98720dd1925d34a2453ebc1f91c9d48e7e89ec29,19,Web3 Community and Education,0x4c1030cb86a017a67d74cb57a2b3d2094385c26a0b17217aa26aad340e1a23cc,ReFi Paramaribo | Innovators Buzz: An innovative community rooted in regeneration & technology,218.741287328125,67,78.524738940643147
0x98720dd1925d34a2453ebc1f91c9d48e7e89ec29,19,Web3 Community and Education,0x512d9de50e17d1707eb2c571cea3b9332c67ec3acead6c348d34758773e4ff39,Dapp-Learning,417.269518828125,80,99.686994075076655
0x98720dd1925d34a2453ebc1f91c9d48e7e89ec29,19,Web3 Community and Education,0x5544ddb80a46457c50579cb797b205a726d6f487c2ae35bbcf6ad726107027d1,Good Knight,475.507135125,83,213.40321990847588
0x98720dd1925d34a2453ebc1f91c9d48e7e89ec29,19,Web3 Community and Education,0x558fe004115928f8dd8c912fac63c150c7eae9d04fbd659335a553fef665909a,A Nacion Bankless Perspective,642.615071921875,90,159.0562085735146
0x98720dd1925d34a2453ebc1f91c9d48e7e89ec29,19,Web3 Community and Education,0x5de685256429ee0c9805b1b4cbe422d2a40d8eea8e1e050677a77d3ffc5a7724,Ethereum Event Gardeners (EEG),297.592217984375,81,102.06995010864921
0x98720dd1925d34a2453ebc1f91c9d48e7e89ec29,19,Web3 Community and Education,0x5f69413a073b6b23d6cc2edf8d56d7cc1c0c23472a979bfdeb9aad3b52f3004e,Criptec,122.679239828125,34,36.765426637604833
0x98720dd1925d34a2453ebc1f91c9d48e7e89ec29,19,Web3 Community and Education,0x60c54ba4d42520dd2a7a4d17cdc1a1c6225f30a35263a94b4d3cc4674c447c08,Earthist Forest Schools - Orman Iyeleri,307.79881053125,50,71.980685353279114
0x98720dd1925d34a2453ebc1f91c9d48e7e89ec29,19,Web3 Community and Education,0x6310fff2eaa8398e180a70ad1312198bb68ce5752dbb48dc7d07541e42066316,Revolte,496.120449484375,79,1259.7718013506383
0x98720dd1925d34a2453ebc1f91c9d48e7e89ec29,19,Web3 Community and Education,0x7070896a2d3c53dcbfeb35f42e97849253e54abcd99c90b0fdf028505bad493d,Bankless Turkish,611.99529428125,97,187.75765950162895
0x98720dd1925d34a2453ebc1f91c9d48e7e89ec29,19,Web3 Community and Education,0x735051202fe03eabe96ff9b18fa027cca71979a6f29756a4250209926dea322b,El Holder,173.31194403125,59,146.17534051649272
0x98720dd1925d34a2453ebc1f91c9d48e7e89ec29,19,Web3 Community and Education,0x92dd367f3a765d35d1fed385490ed4e89abacec6194f129783493e74dc2b6b32,ReFi Phangan,582.176033703125,70,305.44201939553022
0x98720dd1925d34a2453ebc1f91c9d48e7e89ec29,19,Web3 Community and Education,0x9575cc4fc36454d4fd20fe68f980a72247e115363927b4ffba3a59f713f65351,Silvi,605.59115778125,99,142.55403697653674
0x98720dd1925d34a2453ebc1f91c9d48e7e89ec29,19,Web3 Community and Education,0x9b95b82685faef7cc640e59c45761262e519f0ddf2d35969a1cc2c45839cd0f4,Bspeak,356.63035134374996,124,276.11141373380087
0x98720dd1925d34a2453ebc1f91c9d48e7e89ec29,19,Web3 Community and Education,0xa0d36497aae31d3bdee4106471f3961c94f6ee3980e4f0c86b263a2daea6c64f,Urbanika and the Self-Management Neighborhood Course,1135.333323890625,105,533.07749801874161
0x98720dd1925d34a2453ebc1f91c9d48e7e89ec29,19,Web3 Community and Education,0xa1503b1c2923288047ff37a3f048064a1d1d7d007c3a9baf2c60edc1230530c4,Biteye,980.033013765625,483,970.88776152022183
0x98720dd1925d34a2453ebc1f91c9d48e7e89ec29,19,Web3 Community and Education,0xa3d3795aeb01daaccfb4866f2f669a4bea5ecd39c19f9bd1ce75bb1be58cc234,Kairos Research,717.063158734375,115,180.7321591693908
0x98720dd1925d34a2453ebc1f91c9d48e7e89ec29,19,Web3 Community and Education,0xa5ab7dc13609ac94fe00a21b0e134a01243dc9667ed79be5c676d3f5ae69bee1,GreenPill Japan,420.471587078125,71,128.46625625248998
0x98720dd1925d34a2453ebc1f91c9d48e7e89ec29,19,Web3 Community and Education,0xa66bb0f915513e327d48dd4c3ca34e3e4bfe67a4cb96b8dc6fca13d350076534,1c4m3by ScamHunt,624.40330875,51,1340.4898381605744
0x98720dd1925d34a2453ebc1f91c9d48e7e89ec29,19,Web3 Community and Education,0xab34f42d126434a8139362cd98b408ca0cf4e566a9c3feb5776788f61e0b402c,Elephant in the Room Strategic Climate Solutions,299.193252109375,56,88.651089401915669
0x98720dd1925d34a2453ebc1f91c9d48e7e89ec29,19,Web3 Community and Education,0xb04c6afb542c6ed2857bf13a669610dce53d2c12fa6552ffcb1f1027190d1854,OpenUX: Open Source Web3 UX-Insights,172.71155623437502,51,67.003831308335066
0x98720dd1925d34a2453ebc1f91c9d48e7e89ec29,19,Web3 Community and Education,0xbced6a1f576be96bd53429f3c3f02a885d347624b320ed955c2d91f44dabdc38,Admiano,152.698629671875,37,41.8814806395676
0x98720dd1925d34a2453ebc1f91c9d48e7e89ec29,19,Web3 Community and Education,0xbed12a9e95c2de436dff9ce0ec3ec100754f89cd0d03518115a858297170dcbf,E-Shule: Bringing Future and Hope to African Schools,357.030609875,67,109.87508694920689
0x98720dd1925d34a2453ebc1f91c9d48e7e89ec29,19,Web3 Community and Education,0xc9a26f0f41bb8b2c2c83f9d3ea3d338706f84b0e21714f3d8fa39300cd5116b2,MKT Community,242.15641140625,50,58.235505590215325
0x98720dd1925d34a2453ebc1f91c9d48e7e89ec29,19,Web3 Community and Education,0xcb203bdadc39e3a404a64e02458741dfd80899b617fde243d87a7a7d7bcd9d32,DAOstewards,352.02737823437496,60,69.088621698319912
0x98720dd1925d34a2453ebc1f91c9d48e7e89ec29,19,Web3 Community and Education,0xd60623330e2080259bdcaf74f825ef5ee24a5dc13c8ac2c2db91c733eced1b44,Blockchain Association,310.40049098437504,46,99.282471111044288
0x98720dd1925d34a2453ebc1f91c9d48e7e89ec29,19,Web3 Community and Education,0xdaf90fe9d2b997ef8489dd42f1257719b2890f391cfc2ce2fe81661fbbc518a4,"GreenPill - Ottawa, Canada - Workshops, Local Impact, On-boarding, Education",312.401783640625,49,178.14885208941996
0x98720dd1925d34a2453ebc1f91c9d48e7e89ec29,19,Web3 Community and Education,0xe962405183f44c3c3ae0d5fa40b838b743227b43c73f9770b7a9fb874370d642,pact.social,420.871845609375,77,246.78922805935144
0x98720dd1925d34a2453ebc1f91c9d48e7e89ec29,19,Web3 Community and Education,0xea275c241913ad1e1c2fdc2f9a421a538cc49e80065b2f3d4e2e52d9edc5dd5d,Drainer Doom Bot,872.96385665625007,92,578.76873240247369
0x98720dd1925d34a2453ebc1f91c9d48e7e89ec29,19,Web3 Community and Education,0xecfc10dad8ffdca65291437887437b308684f0633aef7aa9b3a888c19934eb51,The Deep,374.041597453125,58,75.878142968984321
0x98720dd1925d34a2453ebc1f91c9d48e7e89ec29,19,Web3 Community and Education,0xf887e76e0b125cc6a2d66a9e8055c8848be018b2e63dab4809bd4ffda8a6ba85,Tradao,85.6553256875,43,50.681476382073015
0x98720dd1925d34a2453ebc1f91c9d48e7e89ec29,19,Web3 Community and Education,0x013ceee87933fab68ce0affafe486b8d85552cc7603759643e77df284ebc3f4e,Onchain Experiments,223.3442604375,51,104.73586296476424
0x98720dd1925d34a2453ebc1f91c9d48e7e89ec29,19,Web3 Community and Education,0x01a1e1dde17ecf39da7ba35c4a5b7c4a1874624cdfb88fdc16331078883337d1,Hamar Social Labs: Onboarding Grassroots NGOs on Web3 with Flexible Funding and Capacity Building Opportunities,232.750335921875,52,49.730497160926461
0x98720dd1925d34a2453ebc1f91c9d48e7e89ec29,19,Web3 Community and Education,0x032027603fb8055d56e750a29d658eddae5b163ea76c406e42012309dc5a4f6e,4EVERLAND,0.0,1,2.6374709606170654
0x98720dd1925d34a2453ebc1f91c9d48e7e89ec29,19,Web3 Community and Education,0x0493deb8ffec03c83487280a51c88ddbc4a4577ad14435222b5e42fbb35d853b,Cryptoamigos,230.94917253125,53,69.084503964753821
0x98720dd1925d34a2453ebc1f91c9d48e7e89ec29,19,Web3 Community and Education,0x118a917101c9e0fbb0bf0f3701e00138995d3250e7f47712abb8efbf0ba3a33b,Bonding Curve Research Group (BCRG),444.28696968750006,76,115.07303229835816
0x98720dd1925d34a2453ebc1f91c9d48e7e89ec29,19,Web3 Community and Education,0x1bfc813b4a6b12d27a049190bd1c65ba1d84aa23e13bb9e095892365222bd642,web3 Warri,166.90780753125,43,46.45656294003129
0x98720dd1925d34a2453ebc1f91c9d48e7e89ec29,19,Web3 Community and Education,0x256d2f0a48da37bda02d9c4d62e7c53b1db38ab2fac38e4a79805ecde442ccc9,Ethereum Bolivia 2024: Community and Buildathon,548.154058546875,75,126.546425874345
0x98720dd1925d34a2453ebc1f91c9d48e7e89ec29,19,Web3 Community and Education,0x2755eb7313c64920710207705e68e56be493430d4fbea672e6cc3af4d55aab55,Altcointurk,873.964502984375,211,1081.8238780230749
0x98720dd1925d34a2453ebc1f91c9d48e7e89ec29,19,Web3 Community and Education,0x2ca8bb1ea203b16897109a7def1678e623cf46aecd500a135434b1e3c24ab4e2,Decentralized Science on Gitcoin,1288.632341359375,181,309.31582198035903
0x98720dd1925d34a2453ebc1f91c9d48e7e89ec29,19,Web3 Community and Education,0x33bb1d1d9602c2f6804077ec9e894a90aef779c95afa37d9c7eef4c7a0e62016,mxweb3 crypto hub,490.31670078125,80,157.27077938057482
0x98720dd1925d34a2453ebc1f91c9d48e7e89ec29,19,Web3 Community and Education,0x3b6de705e7821cbc4cb1832d0e74ac1caf81bcab3b698bd8c054502438f5a373,Blocktrend（區塊勢）,1201.375981546875,174,5548.5334407438058
0x98720dd1925d34a2453ebc1f91c9d48e7e89ec29,19,Web3 Community and Education,0x3e13d9bdf20571cb3d523e58bf601fbfeac8496c261afdd4db0ee0df663c3149,Blockchain Accelerator Machine (BAM) - Version 2,308.399198328125,70,80.575035982998088
0x98720dd1925d34a2453ebc1f91c9d48e7e89ec29,19,Web3 Community and Education,0x4fd3bbfdccaa943ead6e8a60a582631b2160b65559804380c10eeb171a3e9389,Drew Security,621.001111234375,86,478.40342192281969
0x98720dd1925d34a2453ebc1f91c9d48e7e89ec29,19,Web3 Community and Education,0x575de70d6cab8af018a9b2c5d4ff12911c569252ec623a6a0d4f06d8f1dda2f5,ReFi Mexico // #GC19 - The regeneration continues 🌱✨🌾,544.75186103125,100,126.60556718148291
0x98720dd1925d34a2453ebc1f91c9d48e7e89ec29,19,Web3 Community and Education,0x5b80b111859f63d74ec3e35bacf2e7806f2476a3075ec1586599f0a74c688fb1,BanklessDAO,2267.2644502656253,331,688.75573678524233
0x98720dd1925d34a2453ebc1f91c9d48e7e89ec29,19,Web3 Community and Education,0x60e6f593ace3b71e24944d0af87da066a54abc5c9da4fd500c2dae02a0c57331,Bankless Malayalam,305.597388609375,69,92.405558331869543
0x98720dd1925d34a2453ebc1f91c9d48e7e89ec29,19,Web3 Community and Education,0x6ba10681cea37227399043fe387f98a3614733c886ff33656b57c27a0cd6e1d4,CoinEasy,147.095010234375,68,73.389069178374484
0x98720dd1925d34a2453ebc1f91c9d48e7e89ec29,19,Web3 Community and Education,0x7145dbd032390b7aaa8e2c0e1491d2f434bb3c9af6b718d78448ba1271f2a5c9,Impactzone,424.07391385937495,54,91.9744267007336
0x98720dd1925d34a2453ebc1f91c9d48e7e89ec29,19,Web3 Community and Education,0x7d8e8ab6abc76ba069c06e5735c6fc2e7e469c6d84ef6a4319f2d9b546076fab,JobStash,925.3977242499999,119,1059.6260817693546
0x98720dd1925d34a2453ebc1f91c9d48e7e89ec29,19,Web3 Community and Education,0x7e327862a48bdbd9abd8d5dea4f5aded56962ffbd47a3e33bf3a3c9582bd69b7,Cryptoshields,252.16287468750002,61,302.16637302935123
0x98720dd1925d34a2453ebc1f91c9d48e7e89ec29,19,Web3 Community and Education,0x87fc73855cd59fb87c824d9f52fcaba5ad43b4c67e0068f491cf7b6b3ed2e12a,Nomad Matters 遊牧者計畫,102.466184,45,72.491817757021636
0x98720dd1925d34a2453ebc1f91c9d48e7e89ec29,19,Web3 Community and Education,0x8854dbd4338547cc2e0e197e1d40bf43a09e73b6ea0717515cab492a4626cf32,W3 Project Hub │ W3展報,172.1111684375,67,101.11757453531027
0x98720dd1925d34a2453ebc1f91c9d48e7e89ec29,19,Web3 Community and Education,0x90424812449226d613b95917b567b991f085eeeb0986fbae659b5fbeb93419eb,AuditDB,145.093717578125,47,47.991021260619164
0x98720dd1925d34a2453ebc1f91c9d48e7e89ec29,19,Web3 Community and Education,0x906ffc3130897f433c5fb1a01a30d2581eaa606ff00f6c80348ccc65af9a1a8e,Mechanism Institute,565.165046125,78,1192.05882298504
0x98720dd1925d34a2453ebc1f91c9d48e7e89ec29,19,Web3 Community and Education,0x94bf6acf22160a3790a0ecac75858d744cc02ade2bc3b598ef6d5436824c1af5,Build days and growth of university communities by OWA,214.13831421875,51,60.655583397485316
0x98720dd1925d34a2453ebc1f91c9d48e7e89ec29,19,Web3 Community and Education,0xacac718bda14bc1c8f096158472ff07fe635c77567b0cb25097220325307aae6,CoinVedanta,141.49139079687498,43,39.837337554432452
0x98720dd1925d34a2453ebc1f91c9d48e7e89ec29,19,Web3 Community and Education,0xb3389eb50cacaa1bde284f538e0e908cdad24653cc992be32aaa780430c94dfd,ReFi Lagos,519.13531503125,73,95.482191453920677
0x98720dd1925d34a2453ebc1f91c9d48e7e89ec29,19,Web3 Community and Education,0xb9d71e6aaf7495ea13b495055f8d26e9049bb66ebf5183f12889221a74e22d40,Archimedes' Lever,151.898112609375,42,46.6660292702727
0x98720dd1925d34a2453ebc1f91c9d48e7e89ec29,19,Web3 Community and Education,0xc08ffd8641d415c2af3e8c3e5e37cf63a68a3e46ff5dc00dcdd3450f0369cf6f,GreenPill India Chapter,512.73117853125,76,105.49088385887444
0x98720dd1925d34a2453ebc1f91c9d48e7e89ec29,19,Web3 Community and Education,0xcb88cd311dc9d46b62b3ce8c9f3f6920fb5f6479f413a078275c5a0eb53e5ed0,Cryptoversidad,492.71825196875005,74,205.50920959678479
0x98720dd1925d34a2453ebc1f91c9d48e7e89ec29,19,Web3 Community and Education,0xd3bd2111f80027d538cc252a13afacad8eb0b1565a58d0655eda3b718b88e767,Gitcoin China Ecosystem Development,639.413003671875,134,180.30630227457732
0x98720dd1925d34a2453ebc1f91c9d48e7e89ec29,19,Web3 Community and Education,0xe2455563117378c51f3ac80856212e53053d5f5cc626374e7cf01d40e324dd1d,Fork DAO,225.945940890625,50,73.748290739953518
0x98720dd1925d34a2453ebc1f91c9d48e7e89ec29,19,Web3 Community and Education,0xe2a1f57bedb08b2b9da9c1c11b3576011d9268881e1efd396e8a8ee3683c45da,Earthist Network,236.352662703125,48,76.205998186022043
0x98720dd1925d34a2453ebc1f91c9d48e7e89ec29,19,Web3 Community and Education,0xf7e4db440dcd19af63c776c3634e743784fef88d759d014a9da37e7774a2908e,BanklessDeSci,493.51876903125,66,215.46039684861898
0x98720dd1925d34a2453ebc1f91c9d48e7e89ec29,19,Web3 Community and Education,0xf9e78d3438e2cd36dbc7666075771fd9771a1273caa0cfd2a267d3a5f8d58bf5,Web3beach,1494.765484953125,114,534.72193827014416
0x98720dd1925d34a2453ebc1f91c9d48e7e89ec29,19,Web3 Community and Education,0xfd0cf02e2c2b30ff1f1c0dec4cf916bbe39b81202dde29e5891a038db56ef64b,Ethereum Colombia DAO,456.494854890625,69,115.78125119954348
0x98720dd1925d34a2453ebc1f91c9d48e7e89ec29,19,Web3 Community and Education,0xff876723d63a7ce306d86b1d2965966c68539904230de3471d430a99ad03a798,BlockchainOAU,267.37269887499997,86,102.9672172460705
0x98720dd1925d34a2453ebc1f91c9d48e7e89ec29,19,Web3 Community and Education,0x0306c0d8bb677b66373c261850a870140fa7dbeb4c5cdccbfebe5c2660aa22dc,Boring Security,1180.7626671875,100,675.678314979421
0x98720dd1925d34a2453ebc1f91c9d48e7e89ec29,19,Web3 Community and Education,0x066a8e716dcc876939a23a6b0c26d06028e2ce71528e59134ecdf3941741c6fc,OptiChads,332.61483946875,83,129.54067919426598
0x98720dd1925d34a2453ebc1f91c9d48e7e89ec29,19,Web3 Community and Education,0x083205b4769e1c414e6344eb0db7d01f1b6626010e4bb5e852b4c281d16e2d25,Encriptados,239.75486021875003,74,109.70438740029931
0x98720dd1925d34a2453ebc1f91c9d48e7e89ec29,19,Web3 Community and Education,0x136c45276e744b34aa2721949a5297dda9994f14fe6a2c5244fe4c34f49c64ca,OpenData Community,879.36799315625012,110,255.87658503465354
0x98720dd1925d34a2453ebc1f91c9d48e7e89ec29,19,Web3 Community and Education,0x21cb507f1f82863d6adbcffd459e724af01853c159618e59abc8a0aeb049f876,Global Outreach Program: Universities,64.641752796875,39,38.163685754872859
0x98720dd1925d34a2453ebc1f91c9d48e7e89ec29,19,Web3 Community and Education,0x2cd8286488c69a0df47d10b46b4cd6d5ebef1055a0e9bb4b8a6963a9f3b744e6,ReFi Generation Podcast,198.12797296875,48,134.08293448504992
0x98720dd1925d34a2453ebc1f91c9d48e7e89ec29,19,Web3 Community and Education,0x2e33f72a15054e58a94b72268e3aa1881863ad51a3425f16e2fdf3f149da077c,The Blockchain Socialist,1066.488856515625,116,282.52252441179007
0x98720dd1925d34a2453ebc1f91c9d48e7e89ec29,19,Web3 Community and Education,0x3d29dfe70172ef6aec81ad4a680865431ea6b24a680b856eac400a335bffd8ea,Historia de Honduras,285.58446204687505,65,131.80640330375172
0x98720dd1925d34a2453ebc1f91c9d48e7e89ec29,19,Web3 Community and Education,0x3d7ef9b21bdd937fb8ec6f3b15087004073fa1bee7ebe9be1bfac937b0bbbc8a,XFounders,195.32616325,53,48.270457960665226
0x98720dd1925d34a2453ebc1f91c9d48e7e89ec29,19,Web3 Community and Education,0x417f984ee25f3c0cecf2ea30ba7e8a97c8e83fd29293847a6f3078e5aac96480,Ethereum Dominicana,393.85439475000004,71,105.82356339506805
0x98720dd1925d34a2453ebc1f91c9d48e7e89ec29,19,Web3 Community and Education,0x4bac26658a052d7acca66307d4e54f401794f6a820b4c41313d5b993b8265715,Bankless DAO Magyar,247.159643046875,50,54.974984871223569
0x98720dd1925d34a2453ebc1f91c9d48e7e89ec29,19,Web3 Community and Education,0x52636321f4f19d11f0710423510525c6e411c2dce841855256606721ca4dde49,DIVE INTO CRYPTO,224.74516529687503,57,82.466184471733868
0x98720dd1925d34a2453ebc1f91c9d48e7e89ec29,19,Web3 Community and Education,0x55b1dd66c2bf1cc32582358a54a5ac8b5d6e986ca372db67eff848834513d7e7,GreenPill Nigeria(Q4),532.34384656250006,57,118.11927487514913
0x98720dd1925d34a2453ebc1f91c9d48e7e89ec29,19,Web3 Community and Education,0x63968087a894b235169792c897a9c20beb0adaa4aeda98eeed6358750957e0a7,Inbest Program,238.754213890625,93,169.92917931824923
0x98720dd1925d34a2453ebc1f91c9d48e7e89ec29,19,Web3 Community and Education,0x731a5d6fe8e6f5d8101042ec9c7d134e89310952838e6c06641c29e735ea3e25,MrCrypto Arabic,179.115692734375,74,105.60713379085064
0x98720dd1925d34a2453ebc1f91c9d48e7e89ec29,19,Web3 Community and Education,0x770901721d8eed7f1c50ea32bdc4f7068584bc5d27989b31286c2c972b46b9c8,Valucop Dev Africa,249.7613235,78,76.147832768969238
0x98720dd1925d34a2453ebc1f91c9d48e7e89ec29,19,Web3 Community and Education,0x7dcf39235b9e7c720a1b21cb365ef91e6ea48277f5f8d0c051e8a0c546eb8652,Dragverse,375.04224378125,54,92.136582171777263
0x98720dd1925d34a2453ebc1f91c9d48e7e89ec29,19,Web3 Community and Education,0x87dcec260549a37847a4a2f95862efed90a02ac50950800355f59b72acde6ce2,GreenPill Türkiye 🇹🇷,539.94875865625,83,145.876195787685
0x98720dd1925d34a2453ebc1f91c9d48e7e89ec29,19,Web3 Community and Education,0xa8e2967ab7831ef09b5be65e037386eac95b424c820b57f71c7c27de46a705e0,Bluechip,427.07585284375,81,144.08650587080047
0x98720dd1925d34a2453ebc1f91c9d48e7e89ec29,19,Web3 Community and Education,0xb94a2f8128f5e15609f6eedb34c97639f61b087e972890b2d68e9731798eca4f,Ethereal Forest is Building PDX DAO as a Public Good,486.31411546874995,71,327.78337591327727
0x98720dd1925d34a2453ebc1f91c9d48e7e89ec29,19,Web3 Community and Education,0xceca32094d27d425f249439be011e2d02b6edddc521330f7420219aa15325895,OpenBuild,161.704446625,46,55.748993425630033
0x98720dd1925d34a2453ebc1f91c9d48e7e89ec29,19,Web3 Community and Education,0xea0516d1910dca01b5642692b8fd37acec07a496d516007f4ebf8947f754c116,SunnyDao,432.879601546875,81,201.65405040420592
0x98720dd1925d34a2453ebc1f91c9d48e7e89ec29,19,Web3 Community and Education,0xef8ef54b91771769242b7e259d9d358672df29661ae2ba68c6fc9765c1fe7885,DeCert.me,362.033841515625,54,85.846685303607956
0x98720dd1925d34a2453ebc1f91c9d48e7e89ec29,19,Web3 Community and Education,0xf185cb5e2fb4d77eccd69a49d040f434c34c071e346e4a71e8d5e87807349dfe,Green Digital Guardians,557.56013403125,91,119.7798004001379
0x98720dd1925d34a2453ebc1f91c9d48e7e89ec29,19,Web3 Community and Education,0x02bbb649cae9b3141d1a783931f3f0bb76f10d54d863ff7135b55f8d4ab9e88b,LexDAO,1425.3206297812499,100,532.39456295757554
0x98720dd1925d34a2453ebc1f91c9d48e7e89ec29,19,Web3 Community and Education,0x1137403c4f774388c1460b136037ecaae5de847e27d3fa9e9c665eaaa7b52fb4,Empowering Web3 Education with GetCrypto Card Game,27.617838656249997,23,25.043743196874857
0x98720dd1925d34a2453ebc1f91c9d48e7e89ec29,19,Web3 Community and Education,0x14692aff9ff24dd0fd02d242fe39e75a9c970c4dbbca53e301347b07f9216be2,The Commons Economy Roadmap - Iteration 1,336.817554046875,59,150.48133193701506
0x98720dd1925d34a2453ebc1f91c9d48e7e89ec29,19,Web3 Community and Education,0x17a0d602bf4bdf5019c3282bc89d799cb3ebaa677299a8986b5ac4462fcb71e5,Web3 Grant Proposal: Empowering LGBTQIA+ Communities with Choice,109.870966828125,46,53.906361004337668
0x98720dd1925d34a2453ebc1f91c9d48e7e89ec29,19,Web3 Community and Education,0x2b3ab7db23e408acd50dc3777af52018461618c900225bd8a8e81a31e88d09a9,Dspyt-CodeVerse,85.455196421875,40,264.63019921374507
0x98720dd1925d34a2453ebc1f91c9d48e7e89ec29,19,Web3 Community and Education,0x2dfeb479e021f6357bbbf534de110598b1dae2d0ec8360422fb60705ede826b1,El Método / Workshop to became a web3 Musician,223.944648234375,46,210.03268148563802
0x98720dd1925d34a2453ebc1f91c9d48e7e89ec29,19,Web3 Community and Education,0x33c2c4993443a3f1c380ec3295f98230e4c26002fadbb9b1fb7f55d31ddd9866,Decentraclasses,250.361711296875,56,58.744856953620911
0x98720dd1925d34a2453ebc1f91c9d48e7e89ec29,19,Web3 Community and Education,0x3b893fd279e14f22a419588e2c0d4bf9a8971208485043cbab383334a6dcb69b,Weaving Worlds Cooperative,447.288908671875,47,1259.5766095835716
0x98720dd1925d34a2453ebc1f91c9d48e7e89ec29,19,Web3 Community and Education,0x3c5c9671f58c587bbf62ef516d40ceaa27a53e02152dbeb4b7e7b08a46e1111b,Wise Crowds Liberating Structures,427.87636990625003,58,113.69714313931763
0x98720dd1925d34a2453ebc1f91c9d48e7e89ec29,19,Web3 Community and Education,0x3cb2dd5a15ea8fbbf51a06096ed80c1e39ea5f2614cee8567d2d1c3825f23bb7,Cripto Cantina in Costa Rica,243.15705773437497,51,66.077991310507059
0x98720dd1925d34a2453ebc1f91c9d48e7e89ec29,19,Web3 Community and Education,0x44e17a5350a326b97a80fbabfd74b306428337ada1e5896a4f3411f974a50829,ReFi Costa Rica: Regenerating our Optimism,344.42246614062503,73,108.24644041061401
0x98720dd1925d34a2453ebc1f91c9d48e7e89ec29,19,Web3 Community and Education,0x58f0f4ee71ca7ae6d66d50759a7a2a44d58fea59141274f9b0e3a685b0acbb7a,Wake Oops,168.708970921875,48,144.68474005535245
0x98720dd1925d34a2453ebc1f91c9d48e7e89ec29,19,Web3 Community and Education,0x751e30ac4e9978891ca76362b4579adb2d575a07dfece1c30b689b53ac1f5c01,Nextme,505.52652496875,93,284.71341554191895
0x98720dd1925d34a2453ebc1f91c9d48e7e89ec29,19,Web3 Community and Education,0x84383c0cbdd2c075f635f6464f4064d61db3a1cc6b5a6bdc636b6764ebd36fc2,EVR,70.84576003125,33,59.228636667132378
0x98720dd1925d34a2453ebc1f91c9d48e7e89ec29,19,Web3 Community and Education,0x9ef22a4dbcdc1571c017842c31823eb9f8451d6b43fc28fe07b0faa07c10a919,Atalis Network,692.647388328125,150,205.40083247539587
0x98720dd1925d34a2453ebc1f91c9d48e7e89ec29,19,Web3 Community and Education,0xa89c0fbe8b13db9c4b5baed4139f121011a51ebef5d37825bb900d0172c7e5d2,Delta Dao- A Web3 Educational Initiative for Girls,55.63593584375,27,25.35321582108736
0x98720dd1925d34a2453ebc1f91c9d48e7e89ec29,19,Web3 Community and Education,0xaf05bde5fb06c9408a8d6410040ed2d6ce9577eb8b4b91054bf2f84fab78487d,BanklessUA,230.348784734375,56,78.7426396496594
0x98720dd1925d34a2453ebc1f91c9d48e7e89ec29,19,Web3 Community and Education,0xe0f08b3b36137e01398e52e0db42d175732fede1624f364ffd3109acba81bef0,Crypto Sapiens,611.394906484375,58,153.62942265719175
0x98720dd1925d34a2453ebc1f91c9d48e7e89ec29,19,Web3 Community and Education,0xf0dfc3659686100242bbed82e6915089c74b9575348611bb251b4cb00d95ab31,Kingfisher's Media℠,310.800749515625,63,73.388675507158041
0x98720dd1925d34a2453ebc1f91c9d48e7e89ec29,19,Web3 Community and Education,0xf5de0ea7366243b21b01ab97daeb7cd0f2757b4f8e365d8ecdd8d04d756b6e8a,txstreet,204.53210946874998,54,69.728647110983729
0x98720dd1925d34a2453ebc1f91c9d48e7e89ec29,19,Web3 Community and Education,0xfcae6b26faf46b90cdfec0c7908fc8719e4a9f08467049ce4f90edd8fde83e0d,Web3 with Dhee Cohort: Basics to Intermediate of Web3,69.845113703125008,45,46.430058787576854
0x98720dd1925d34a2453ebc1f91c9d48e7e89ec29,19,Web3 Community and Education,0x4d2fdbf07fdba0e8423650952abea23ad7ce7a317de308458eb4d45ded05611b,DeFi Toronto,269.37399153125,56,672.53359683789313
0x98720dd1925d34a2453ebc1f91c9d48e7e89ec29,19,Web3 Community and Education,0x4f564b17d99abb615da3a34d2c4b700677324624e5559bf6a7a39c3cfdcd4cd0,Blockchain na Escola,314.002817765625,63,112.42747243493795
0x98720dd1925d34a2453ebc1f91c9d48e7e89ec29,19,Web3 Community and Education,0x5eb270df6def4bea767203169fb080a114a58d65907ab25ef0d7b1c8824335ad,Know the Blocks Maven,126.08143734375001,40,36.456778389401734
0x98720dd1925d34a2453ebc1f91c9d48e7e89ec29,19,Web3 Community and Education,0x6ba0ea35af027806ab7802d369d718e169b1428cce1d3217ca05c3ae111bd4e8,Arabic Web3 - Educational Hub,189.522414546875,46,63.35774939879775
0x98720dd1925d34a2453ebc1f91c9d48e7e89ec29,19,Web3 Community and Education,0x7c10edaf543f58189ce21006cbba27caf04920cf98c9ff63b39403b1b8de8ed8,Banklessadria,351.226861171875,53,113.91332478937693
0x98720dd1925d34a2453ebc1f91c9d48e7e89ec29,19,Web3 Community and Education,0x9505f5188fd7b4e04877a4cd7d28fc78e2ca72df1c2bdc5258c67cd91ae3244c,PizzaDAO,805.520294140625,107,198.99347006995231
0x98720dd1925d34a2453ebc1f91c9d48e7e89ec29,19,Web3 Community and Education,0x9f0bb56b25328459506c6be7a13abeb412c8bc7bd7ca2fdb3273dc669e8f5a6d,Flexart,193.925258390625,68,98.3319372239057
0x98720dd1925d34a2453ebc1f91c9d48e7e89ec29,19,Web3 Community and Education,0xa0891490c55054d8f7e31881d8aa1ee12e6d9965e0343340f39bf760c462c132,登链社区(Upchain),123.279627625,37,2069.0261839395389
0x98720dd1925d34a2453ebc1f91c9d48e7e89ec29,19,Web3 Community and Education,0xcd78cf66f6f7b285eb520d9d4edd6b7484db0fe84e19cc2c1acbeebe9208b40b,ReFi Colombia,532.543975828125,79,97.23195624537766
0x98720dd1925d34a2453ebc1f91c9d48e7e89ec29,19,Web3 Community and Education,0xcf2f732c538f004f46ae21b498fbc05b9a3d54b579b2988352bcefdbe24d09ec,The Creator Economy IMO,94.461013375,38,70.274481922388077
0x98720dd1925d34a2453ebc1f91c9d48e7e89ec29,19,Web3 Community and Education,0xd87947483f07940f24f551ec19d0c594543f0e5c0d5ff195468e27a7304e4328,Collabin ID: Learn And Plant - Web3 Climate Action,102.26605473437499,50,47.096805374138057
0x98720dd1925d34a2453ebc1f91c9d48e7e89ec29,19,Web3 Community and Education,0xfdf06a0d55a7a91bb76adbb1bb8a1b41ad24872708b50eafdf62675db44bac14,AGRii DAO,207.93430698437498,40,83.926762605085969
0x98720dd1925d34a2453ebc1f91c9d48e7e89ec29,19,Web3 Community and Education,0x1f4a582842b97aceb4b9fcd7c1f315b37f01a601190c9e3e8f2791cd729a2abb,Protector,53.434513921874995,24,38.744014646857977
0x98720dd1925d34a2453ebc1f91c9d48e7e89ec29,19,Web3 Community and Education,0x20ed0cfaf9fd8c4d172f238d4bbf6b0960bcc8fb6dd7ee31201fab73f6f3b30d,Plum - Inclusive Web3 Security,238.754213890625,39,350.22495080716908
0x98720dd1925d34a2453ebc1f91c9d48e7e89ec29,19,Web3 Community and Education,0x2171c395cca40f56bcfc35925621f62450b6ea3e1ad9da788e8288b3ae6a2358,Borderless  Web3 Tech Clubs in Campuses,191.72383646875,44,46.4084851089865
0x98720dd1925d34a2453ebc1f91c9d48e7e89ec29,19,Web3 Community and Education,0x402ab3c96417344bc4f96608460209e49fd835d046b7153251900d64474e54cb,Exploring Post-Capitalist Crypto Pathways,137.68893475000002,46,67.835441485978663
0x98720dd1925d34a2453ebc1f91c9d48e7e89ec29,19,Web3 Community and Education,0x5bab729d10cee90325b1d6c7b141be71479cc907a4aee6d79f2810a19ba42f43,dOrg Hot Seat Podcast,239.15447242187503,57,75.767899212427437
0x98720dd1925d34a2453ebc1f91c9d48e7e89ec29,19,Web3 Community and Education,0xa9bd537322b14585e26dd9f93951068abc28c2d8b55a401898b346feb92788aa,Web3DC,161.904575890625,56,100.74976403173059
0x98720dd1925d34a2453ebc1f91c9d48e7e89ec29,19,Web3 Community and Education,0xbe5339b6333e481d0b15a90776f5050d04e3755ccb8bbb846f6d74f88c360863,inDemniFi Crypto,6.80439503125,19,17.696479860693216
0x98720dd1925d34a2453ebc1f91c9d48e7e89ec29,19,Web3 Community and Education,0xd7ee6df313f1563fe5f2d54f04d71feba3fe1d2316c9c32bd2dd1624b05b393c,WAMO 2023 Chiangmai,44.42869696875,27,80.369275018572807
0x98720dd1925d34a2453ebc1f91c9d48e7e89ec29,19,Web3 Community and Education,0xf44b50ada1837f5e950d9e002be80c24113e589ae897b04c3e6a52950fb6058f,Mercadonft,153.499146734375,48,55.839807027485222
0x98720dd1925d34a2453ebc1f91c9d48e7e89ec29,19,Web3 Community and Education,0x6f429569b7819c4c96ea77c16527fc28d92f18436b0124eb87a3b735503e7689,ETHIstanbul,551.35612679687506,107,202.79346027970314
0x98720dd1925d34a2453ebc1f91c9d48e7e89ec29,19,Web3 Community and Education,0x7583f4952bbb4ae1e7ee81b57a468610113035394f3ace219b10467db69366e9,Salman Needs A Job,206.53340212499998,34,58.560243999585509
0x98720dd1925d34a2453ebc1f91c9d48e7e89ec29,19,Web3 Community and Education,0x769847f797115434861cd3c1ba7ae09cde925500f55bc74a405f0008df0d972a,GrantsScope - Grantee Discovery Using LLMs,327.01122003125,63,89.732112708501518
0x98720dd1925d34a2453ebc1f91c9d48e7e89ec29,19,Web3 Community and Education,0x7f7bb843da33d712988f7ff98e33010f4a520974b5310bad94270ef92a88f92d,DHK DAO,250.5618405625,87,151.93517990526743
0x98720dd1925d34a2453ebc1f91c9d48e7e89ec29,19,Web3 Community and Education,0x30eba0af57dc6a0436a81baf07be80cee4612ee249c2e41813f71beadf0be84a,B Labs,237.35330903125,49,61.152941273059696
0x98720dd1925d34a2453ebc1f91c9d48e7e89ec29,19,Web3 Community and Education,0x3a4316e1f0b9a1afd50d62905cb92ea879d9859fa1d3d2141f963f849d36b7d1,Blockchain Academy,122.679239828125,58,57.016229812055826
0x98720dd1925d34a2453ebc1f91c9d48e7e89ec29,19,Web3 Community and Education,0x418b3b7e2b161d7f902560959611684a8bb316cf2b7aafbea6cf6534efb73ece,ReFi London — Galvanizing Leaders of Change 🌱,385.24883632812504,70,98.039629394421354
0x98720dd1925d34a2453ebc1f91c9d48e7e89ec29,19,Web3 Community and Education,0xa5ff60887ce8323a4e3d9e69e21e7e458654a6d22f5119820f7d30cf1b1e8bfc,Meliora: Gamified Web3 Learning,115.074327734375,43,63.5020345794037
0x98720dd1925d34a2453ebc1f91c9d48e7e89ec29,19,Web3 Community and Education,0xfdd7ca371b9fbb790eac377c3b30bc26d483b9504a731935553c51d88d5ffa73,MUC.xyz,227.546975015625,49,51.825841401005164
0x98720dd1925d34a2453ebc1f91c9d48e7e89ec29,19,Web3 Community and Education,0x6a8274441d363205c454904955aef891fd2017584418ec018bb4acd70ea3a55d,International Media Nodes,242.15641140625,62,72.216096365824342
0x98720dd1925d34a2453ebc1f91c9d48e7e89ec29,19,Web3 Community and Education,0x90597d4b209f51868bb996bb5ce17645d84bdb2dca2b43b0c4bfc8cea4f057e7,Nebula Web3 Brazil,221.54309704687498,46,254.26809326186776
0x98720dd1925d34a2453ebc1f91c9d48e7e89ec29,19,Web3 Community and Education,0x92461a5a32037be57ade9025e36b2c81e21eb02c3ebc8627380073498fd61bf4,DeFi Africa - Web3 BUIDL Workshops,418.67042368750003,81,189.35343734663911
0x98720dd1925d34a2453ebc1f91c9d48e7e89ec29,19,Web3 Community and Education,0x55d654ab1587268b6a19f7de28b946e1c87d84f314b78edc8eecb09188aeacf7,Venture Miner Academy,119.67730084375,37,88.43877989705652
0x98720dd1925d34a2453ebc1f91c9d48e7e89ec29,19,Web3 Community and Education,0x7d8ba62b105e643db505b91962df395987b168adba6b5fb2861d0756ca96a458,Web3 Talks Podcast,213.537926421875,46,105.21014627069235
0x98720dd1925d34a2453ebc1f91c9d48e7e89ec29,19,Web3 Community and Education,0xdb3bf92b6eeea7dac54d0b97b427487d69ac43790b74b9514c53636e9d155317,Learn Self-Custody with irish,25.21628746875,20,16.261050214990973
0x98720dd1925d34a2453ebc1f91c9d48e7e89ec29,19,Web3 Community and Education,0x13e993000777f20fa2c2beb7b09b028cfe6dad148785c8557f43f66bf08be325,Eden Creators,141.091132265625,47,52.263337211916223
0x98720dd1925d34a2453ebc1f91c9d48e7e89ec29,19,Web3 Community and Education,0x8d052ee2cf7cc421d3ae3a6cc225b6379ed729125f6559a255a87529d94eadbf,Matters Digital Nomads Funding,0.0,5,5.1061674058437347
0x98720dd1925d34a2453ebc1f91c9d48e7e89ec29,19,Web3 Community and Education,0x020bae0e0ad2957ec67ef01ffe85303bb9baeb2647734ba14576abe2f0f8298d,Uncommons,101.865796203125,36,375.8831779807806
0x98720dd1925d34a2453ebc1f91c9d48e7e89ec29,19,Web3 Community and Education,0x655169e5914637f34ca4871fb9f1e47a97516f4018238b14efca9dc8465d94e6,Web3Dev.Community,554.35806578124993,55,1523.7490040808916
0x98720dd1925d34a2453ebc1f91c9d48e7e89ec29,19,Web3 Community and Education,0xd72b75ad69ebb22827d8c0e679ecb76a48c7348bcb9cb94f9176c0236f116e65,Oakchain,176.51401228125,50,52.062996001914144
0x98720dd1925d34a2453ebc1f91c9d48e7e89ec29,19,Web3 Community and Education,0xe1cca5a8a0f64b0f85673e902aee0f10aeb9028541147d2a728519210225fa55,MúsicaW3 / Onboarding for Independient Musicians and their fans,258.16675265624997,55,108.09057190269232
0x98720dd1925d34a2453ebc1f91c9d48e7e89ec29,19,Web3 Community and Education,0x00a91593001f641a68cf2a8f85672f5e13424c84cec97bf39761e90f719ac385,Gitcoin Hindi Media,292.989244875,56,71.0345101468265
0x98720dd1925d34a2453ebc1f91c9d48e7e89ec29,19,Web3 Community and Education,0x41e3f453e6045fe2ebe8d72e56c6c0e690f94a9af6886aa0fd17cdf275fe01f6,Ledgerback Digital Commons Research Cooperative,59.838650421875,25,32.301135241985321
0x98720dd1925d34a2453ebc1f91c9d48e7e89ec29,19,Web3 Community and Education,0x4a849fc33dedff66d2c7023601018ae45bc4063756b242ad0506a972ccab0cfd,Poly Raiders (Proof of Charity),74.4480868125,14,23.184354904107749
0x98720dd1925d34a2453ebc1f91c9d48e7e89ec29,19,Web3 Community and Education,0x5ec7f8fa33688bb1a047bbc8c2f9ebe4408bbfb73b62814921ca9342040ba5a7,Nomad Matters  遊牧者計畫,0.0,1,0.0020403501112014055
0x98720dd1925d34a2453ebc1f91c9d48e7e89ec29,19,Web3 Community and Education,0x3dff6d33f774134ba34d86fcf88e8c8e61459ab13fc2b771e73efc6d79fd409e,Bitcoach,0.0,1,2.6374709606170654
0x98720dd1925d34a2453ebc1f91c9d48e7e89ec29,19,Web3 Community and Education,0xa4eb3d9cd2180a5dc1ba0368aa17fcc85e7a58d031bafb3029a64a4de933e57b,Antisat,73.447440484375,24,39.591586343944073
0x9331fde4db7b9d9d1498c09d30149929f24cf9d5,18,Web3 Social,0xac600f949b844d7f26bf43a02380b297e3d3afba2468ec8091f2d744a4b1b5d4,S3nd,727.37822999218747,58,70.283022163271767
0x9331fde4db7b9d9d1498c09d30149929f24cf9d5,18,Web3 Social,0xacc0613111499336bb4a8664248b7d2895bd54db7fdb1d952f7c3e86f8935e84,Gamic,999.76390625,185,248.5131721528702
0x9331fde4db7b9d9d1498c09d30149929f24cf9d5,18,Web3 Social,0xaccd3542e9bec7a841dbebdb4a327d4140c0bc289f4488f25086d8ce1c6433ba,ENSRedirect,999.76390625,79,117.00732222893168
0x9331fde4db7b9d9d1498c09d30149929f24cf9d5,18,Web3 Social,0xad02fe3124cef38f8c4fd5a44302713e49458d60a84d0ddcd4bca4047543964e,ZK Email,15.221405472656249,11,11.727512817829847
0x9331fde4db7b9d9d1498c09d30149929f24cf9d5,18,Web3 Social,0xbcee43c3c57fa110010daec575e9ed3cf70f474dda1e73ceac2321263b6b3e3d,Data2.cash,630.97599533203129,54,63.740820758490031
0x9331fde4db7b9d9d1498c09d30149929f24cf9d5,18,Web3 Social,0xbe519f8c8f7ff2acb359dd757c5d2bf25b05d9fd29b8684885aa27f1fa487fcf,Lenster,999.76390625,1266,2450.2063942959753
0x9331fde4db7b9d9d1498c09d30149929f24cf9d5,18,Web3 Social,0xe1cb0620ffc3d5d4aeb2a628ff0e70408b6dd7d7071cd499e270f7a47d055be2,Twittens.xyz,999.76390625,86,264.78202774324348
0x9331fde4db7b9d9d1498c09d30149929f24cf9d5,18,Web3 Social,0xe3b9f98ce2fc4508932ff6316ef7c36b4e224da31261aef5441a447c8682d2a7,Onlyfun,999.76390625,180,1460.139511009329
0x9331fde4db7b9d9d1498c09d30149929f24cf9d5,18,Web3 Social,0x4ac01165df8bde587755d68b578644b8e68d9b4bb53c98dac92b61b857e55ea9,Dragverse,379.76031978906246,38,216.00903690555026
0x9331fde4db7b9d9d1498c09d30149929f24cf9d5,18,Web3 Social,0x4ae973a752d060306d744cf7b3fa1d003416a9ce879aeed8d1c517484d2e06d9,Soulcial,428.04891646093745,39,65.475351505166714
0x9331fde4db7b9d9d1498c09d30149929f24cf9d5,18,Web3 Social,0x727765eea17005169440ae33a843a051db6a779b7576d69c006e6d1cb0f9b489,Kleo Network,999.76390625,103,140.44600030728509
0x9331fde4db7b9d9d1498c09d30149929f24cf9d5,18,Web3 Social,0x96f6fca3f84d48f458436903f2c924614830d5194db6224d7e0b1887bb7d3e32,Dmail Network,999.76390625,2369,4037.5433712745539
0x9331fde4db7b9d9d1498c09d30149929f24cf9d5,18,Web3 Social,0xa7421049dfb7dcacaa3c423aaa31fbfeae4e091825a8c937423a7e3b3fd79888,eth.limo,999.76390625,134,400.05239617773225
0x9331fde4db7b9d9d1498c09d30149929f24cf9d5,18,Web3 Social,0x0f1d31d427400106f3d2958225dd235ae60b6a7572fb5155201b723e1ae79632,Lenstube,999.76390625,300,854.2559449667566
0x9331fde4db7b9d9d1498c09d30149929f24cf9d5,18,Web3 Social,0x19a1df489175da1b617db3e7b14054b3c51c5358bd9c5c31f01d0169648e0c87,Atlantis: Home to Changemakers,0.0,9,11.651019805138276
0x9331fde4db7b9d9d1498c09d30149929f24cf9d5,18,Web3 Social,0x493274368d77254f2c585577b8356470acdfcd3e3dd51c1005d4cd69a18a6912,Newzchain,19.720343050781249,16,19.952041582855259
0x9331fde4db7b9d9d1498c09d30149929f24cf9d5,18,Web3 Social,0x4b58999f83e3c685f6cf46a0a4d1ae583255e36ac113e106196c291b043445be,UPTO3,892.98912106250009,58,68.975292622529764
0x9331fde4db7b9d9d1498c09d30149929f24cf9d5,18,Web3 Social,0x80fec216df17b20cd921975ad0d5d35029f655c7705090cf4c826e7ed78a66a7,SumUp-Twitter Suitcase,33.59206725,17,20.140663014444385
0x9331fde4db7b9d9d1498c09d30149929f24cf9d5,18,Web3 Social,0x8822dd08961d58b1a9267b9dc6a4d4bfd8feae387b1bfdf4105ae3c355752954,Zon,417.30145446874997,41,59.132161086261135
0x9331fde4db7b9d9d1498c09d30149929f24cf9d5,18,Web3 Social,0xa4d27dd96688207f5ec1ac21256836d927d04b010e26ebb9a2d83dea6bff1ddb,Plebbit,999.76390625,245,5172.4577774720492
0x9331fde4db7b9d9d1498c09d30149929f24cf9d5,18,Web3 Social,0xcc6d33fe291d0fafb19cf8b833dc27d2f469fac52e3cc1f050ca4a0d83d66c74,POAPin,999.76390625,137,181.24914338388373
0x9331fde4db7b9d9d1498c09d30149929f24cf9d5,18,Web3 Social,0xcd2b718969bcc37c52954ed8ba47c9ffec246de61c0adab480a2b35852998386,Eppie: Web3 native email,775.29191519921881,44,156.82503263449655
0x9331fde4db7b9d9d1498c09d30149929f24cf9d5,18,Web3 Social,0xd2ecd48b1db85f8b1c1088c8bc063527b9c37667dda5b2626844906b9dbd9a6c,Firefly,999.76390625,65,194.83624642500547
0x9331fde4db7b9d9d1498c09d30149929f24cf9d5,18,Web3 Social,0x2ac51d42c7db76939d0a65266069284ad80319334ad69b1d07d3f8ae6f8b2a35,clonk.me,5.098795921875,17,39.897207962068592
0x9331fde4db7b9d9d1498c09d30149929f24cf9d5,18,Web3 Social,0xb5810ee7b85695f0493bc2b0a64cf52a6c93309dea1e01f4d3fb76191289ed91,ENSpepes.eth,2.0495160078125,10,7.5736051861895248
0x9331fde4db7b9d9d1498c09d30149929f24cf9d5,18,Web3 Social,0x0d2d00c3a790e42af7bee84bf02f1231687fc3757ec088971798ca3b5d80dfed,CPA Protocol,315.57547700781248,30,58.002018078881179
0x9331fde4db7b9d9d1498c09d30149929f24cf9d5,18,Web3 Social,0x2a8b515895ddd86943c9a5b907576ea34457b93dbc83111e42a860577d7324f0,PersonaChain,131.81887103906251,29,21.697322530507904
0x9331fde4db7b9d9d1498c09d30149929f24cf9d5,18,Web3 Social,0x5e4e8235c7e1078340c59e320c1c3bbb381b5b0281949abcce98c69291fff86f,dm3 protocol - the interoperability initiative,894.26382004296875,54,62.109599219121833
0x9331fde4db7b9d9d1498c09d30149929f24cf9d5,18,Web3 Social,0x709b470d9bbca54a046ae8194c9c3acda6055c4c6f21c4fd59999cc0b8a05bf3,Cascad3,23.169528527343751,17,20.787492023500477
0x9331fde4db7b9d9d1498c09d30149929f24cf9d5,18,Web3 Social,0x797ce348134caaa5a5605ebea6ad5396d287397f1be9b899812b10edc7707b20,Share,351.19206616796873,31,35.892860277973909
0x9331fde4db7b9d9d1498c09d30149929f24cf9d5,18,Web3 Social,0x957be7b3b8481ecbdbf166fc14aa604cb3cfda120f6ef8846bc4d60782f3098a,MetaMail,999.76390625,148,222.16276337155034
0x9331fde4db7b9d9d1498c09d30149929f24cf9d5,18,Web3 Social,0xcf747084e6a05cb06436509140edc149136cdeaefb628112f3c31ab070661a61,Thunder Chat,999.76390625,64,164.379101052367
0x9331fde4db7b9d9d1498c09d30149929f24cf9d5,18,Web3 Social,0x1fc6fa3b1282e224ff0b1826347535cfe737a51979f754274353e6dbeba5de3a,1W3,999.76390625,49,177.06557607063917
0x9331fde4db7b9d9d1498c09d30149929f24cf9d5,18,Web3 Social,0x2734aee042ad0a9a9708bc36b36107984034eeecc2e42aff24b29ef68962414e,US3R Network,184.78136397265627,35,39.520984721278751
0x9331fde4db7b9d9d1498c09d30149929f24cf9d5,18,Web3 Social,0x5442cc4c21764b13001a615a43f04fbb5e29b76d33e173cc8c37062f5e7ba9cf,Community-bound Tokens,650.246444625,46,73.022695280098219
0x9331fde4db7b9d9d1498c09d30149929f24cf9d5,18,Web3 Social,0x79fa067e89741b8dbac9ab78fe08ec9915123a8b24a09904c81309357271bb10,Bloom Network,559.4678819375,48,45.191499977790613
0x9331fde4db7b9d9d1498c09d30149929f24cf9d5,18,Web3 Social,0xe515163adc923207f8416c95099f24c5f31364015d5ffef7626e848c52120368,GamePayy,999.76390625,45,344.21716848709514
0x9331fde4db7b9d9d1498c09d30149929f24cf9d5,18,Web3 Social,0x1b7c1d28d1f979cfa866973bfacf78e894c431f4dfb9d6d966ca3746530af801,{r}elinkd,161.36189446875,28,123.31537114241985
0x9331fde4db7b9d9d1498c09d30149929f24cf9d5,18,Web3 Social,0x4310f7265c524f30ae6f0713ec53e644a0413f0a975c8aa9b948a2e51052a4ae,Inferer,200.12773993359374,35,32.9730321387284
0x9331fde4db7b9d9d1498c09d30149929f24cf9d5,18,Web3 Social,0x1207e7650bc9cd89d2ae967b0b63f591162bbe5fc2f64dea3a749dfda5b67449,Pin Save: decentralized Pinterest,584.01208583593757,31,170.5776816452377
0x9331fde4db7b9d9d1498c09d30149929f24cf9d5,18,Web3 Social,0xd7280c5dbfa12229c7a71335b3ccaabe498c72f3fab8b8a36604af500febeb96,Pairwise: Tinder UX for web3 community signaling,28.968159183593752,18,12.904987441095386
0x9331fde4db7b9d9d1498c09d30149929f24cf9d5,18,Web3 Social,0x401235c4d7eb2e9392e659e6fc0060e4b8612e281d651b7bd11bb6917802a157,StarSocial,499.70699444140627,54,57.696499153458376
0x9331fde4db7b9d9d1498c09d30149929f24cf9d5,18,Web3 Social,0x14b028b8fe9f0f57d8171a325599a20688960b946af53804eabb43bf95506504,Ourspace,81.1308409921875,31,36.79002241738965
0x9331fde4db7b9d9d1498c09d30149929f24cf9d5,18,Web3 Social,0x0303a3aca5fb144a12f572bb6619d614ae4255e452316cd6cb39dcd0442b9cf7,Mome,4.32397889453125,14,12.585926996263538
0x9331fde4db7b9d9d1498c09d30149929f24cf9d5,18,Web3 Social,0xc05edb8647212bbdbb2db8c6ebe528d30d58dfc9dd20087cb466cd89b522cb74,Decentralizing Journalism to Restore Public Trust,0.0,1,1.0998899936676025
0x9331fde4db7b9d9d1498c09d30149929f24cf9d5,18,Web3 Social,0x57d0fc329c47d4469c81d4cb8eac8c356ce0dd6c5d29edbd7027fadeee95ccb3,Ecoland,0.0,1,0.99992871284484863
0x9331fde4db7b9d9d1498c09d30149929f24cf9d5,18,Web3 Social,0xe26da6eb1cd05b4764a750653e3af706ea51bb51fb4bb3f659d1075b91f28f0e,MesoReefDAO - Regenerating Reef Conservation with DeSci Web3 tools,0.0,1,1.0998899936676025
0x9331fde4db7b9d9d1498c09d30149929f24cf9d5,18,Web3 Social,0x7a7bba183fb942fef3a8f2c97d939367c8d82328a2a5d42b9f7ba2e358ff3423,LunCo - decentralized space missions engineering,0.0,2,1.1484429836273193
0x911ae126be7d88155aa9254c91a49f4d85b83688,19,DeSpaceQF 1st Round,0xaf07a3542ca1577902bd7cbe60b42bc812031aaa35104517476c57eefb35e5c6,Alpha Persei,0.0,23,21.022612040454987
0x911ae126be7d88155aa9254c91a49f4d85b83688,19,DeSpaceQF 1st Round,0xe640bc2684b2ba5e7489f7635d55ef19794c8aa550596d684bfdc1358df0c375,DeepVenture.io,0.0,37,79.4198689997429
0x911ae126be7d88155aa9254c91a49f4d85b83688,19,DeSpaceQF 1st Round,0xe0b92e1f3ba6b5f9ebe295be23163da14f8716bc1ff0b6c2700d65b06f5e300d,GreenPill DeSpace,0.0,25,36.401364710181952
0x911ae126be7d88155aa9254c91a49f4d85b83688,19,DeSpaceQF 1st Round,0xed9438517101d1d216fa244f13d9b481f1182f2577b733075924cddd6d448be0,Agent-Based Model of Heterogeneous Lunar Networks,0.0,24,62.210784342139959
0x911ae126be7d88155aa9254c91a49f4d85b83688,19,DeSpaceQF 1st Round,0xb52dc12b4ec2622b5a2223ee374d9f64921ef3a1398e9a5d1cc0b51885fb873a,Lunargistics,0.0,25,33.164602961391211
0x911ae126be7d88155aa9254c91a49f4d85b83688,19,DeSpaceQF 1st Round,0xe435c4a490e2967045702887ea4e2194aee8a4c9112e073bdb76eabdad181242,The Space Orbit Chain Research Group,0.0,34,30.873366074512887
0x911ae126be7d88155aa9254c91a49f4d85b83688,19,DeSpaceQF 1st Round,0x1d1f1b303bc84195086f87dfa513983eeef14522c724a3caee4e8590d43200df,Copernic Space,0.0,23,39.884439077228308
0x911ae126be7d88155aa9254c91a49f4d85b83688,19,DeSpaceQF 1st Round,0x81ec83131be4614878e50e088ebac098ecbddbb13057a6cbbcfea7c6a36a0748,DeSpace QF Stewards - Boost the Evolution of DeSpace QF Rounds!,0.0,26,44.501735836325679
0x911ae126be7d88155aa9254c91a49f4d85b83688,19,DeSpaceQF 1st Round,0x9b74cecc26a2f79c1e73fd4ede3da69d7ab4e79ba2303b10bc6ee82944800f07,Observer Space Station,0.0,32,77.8370058350265
0x911ae126be7d88155aa9254c91a49f4d85b83688,19,DeSpaceQF 1st Round,0x5744a405a0e3fd6f9d3f7d1e08d641b2e0c59327d8f93bfd935dff3a7a0fd40b,Cosmos for Humanity | C4H,0.0,51,116.1773920506821
0x911ae126be7d88155aa9254c91a49f4d85b83688,19,DeSpaceQF 1st Round,0xad379ca1fa7d1800a3cc6b5f500fb1ce69a79845b9016d78353255bb6d2ce424,Space DAO,0.0,30,79.347033470869064
0x911ae126be7d88155aa9254c91a49f4d85b83688,19,DeSpaceQF 1st Round,0xa5767fc042936a78ada53bff292f090cbe5ae806a5f280e321e9d894b0980b93,Orbuculum,0.0,27,61.551151316612959
0x911ae126be7d88155aa9254c91a49f4d85b83688,19,DeSpaceQF 1st Round,0x742e876f754bfc7b003edb356000ba9ed25a6d75607509088a8474760eb0ae12,Ephemeris,0.0,41,85.9964373112307
0x911ae126be7d88155aa9254c91a49f4d85b83688,19,DeSpaceQF 1st Round,0x7a7bba183fb942fef3a8f2c97d939367c8d82328a2a5d42b9f7ba2e358ff3423,LunCo - collaborative engineering,0.0,46,56.614914923964534
0x911ae126be7d88155aa9254c91a49f4d85b83688,19,DeSpaceQF 1st Round,0xe49d04d2834d34aceb91ae6f0f4c0f96f527cfe61175d9f7ef1f01ddf374e36a,Astrochain,0.0,25,67.743028219789267
0x911ae126be7d88155aa9254c91a49f4d85b83688,19,DeSpaceQF 1st Round,0x696e5df6063eeeced6eafacb61e2e3e4343c8e3eeaab4c7d3883bfed5ca7054a,DeSpace QF Marketing & Operations,0.0,14,10.696574538946152
0x911ae126be7d88155aa9254c91a49f4d85b83688,19,DeSpaceQF 1st Round,0x99e4a11930f22f2d412ac6bc91580bbfd20a71e415eb07c3866ec93356651155,Spacerox DAO: Building Space as a Common Good,0.0,27,67.016007170081139
0x911ae126be7d88155aa9254c91a49f4d85b83688,19,DeSpaceQF 1st Round,0x77d137f75420a74a88784e1dda747f646daa7738200dd6369a843156d1fe204b,Thrive on Mars,0.0,4,15.341939926147461
0x911ae126be7d88155aa9254c91a49f4d85b83688,19,DeSpaceQF 1st Round,0x6ef05a58149c5e70faa89ee9a302fffefe15539bd09760c34b4575ad7ef15b71,LifeShip | Decentralized space capsules,0.0,25,32.455736454576254
0x8de918f0163b2021839a8d84954dd7e8e151326d,18,Web3 Open Source Software,0xa9956ceed5830e7f1c9e820c38453edc222265ff98e8592d25544464570266a1,Starksheet,1947.1476475,951,1728.2409776691261
0x8de918f0163b2021839a8d84954dd7e8e151326d,18,Web3 Open Source Software,0xaccd3542e9bec7a841dbebdb4a327d4140c0bc289f4488f25086d8ce1c6433ba,ENSRedirect,121.50921374999999,348,486.87165119026622
0x8de918f0163b2021839a8d84954dd7e8e151326d,18,Web3 Open Source Software,0xae97e83e49806ee023655c5ce84bb7837c7ad4fab73129d6ac089a3d48bfe268,Punk Domains - Web3 Social Names Protocol,2725.406661,2007,3126.0111875854404
0x8de918f0163b2021839a8d84954dd7e8e151326d,18,Web3 Open Source Software,0xaedf9165393192b5ec481914f7d2d9b16e82d4bbad0283251d4d4a243e9e7ae2,Sybil-scorer,10393.68812825,4745,5452.8539279791567
0x8de918f0163b2021839a8d84954dd7e8e151326d,18,Web3 Open Source Software,0xaf5c1128b90def415da1aa2a1457830173a5e71a4cc2c7b3197333e91c285a27,Whal3s,10.800819,226,204.6742218087893
0x8de918f0163b2021839a8d84954dd7e8e151326d,18,Web3 Open Source Software,0xaf7e0ce22feb1fa64e405a2d29ad3b0ac9092730b0312bf587ba3a20953b9373,Impersonator,1404.40649275,1089,2075.7668601505779
0x8de918f0163b2021839a8d84954dd7e8e151326d,18,Web3 Open Source Software,0xb0d63ba8283a36f79ab6751ea4e941584bcb3d70b2939d35b237272f173b9ca4,The Tor Project,948.37191275000009,550,1675.9091046552348
0x8de918f0163b2021839a8d84954dd7e8e151326d,18,Web3 Open Source Software,0xb3294ce7bb56ac18bfd6b97075f02376e92dd1a54e173aec0f3cacb559a28add,ZKP2P Fiat On Ramp,628.54766125,555,1158.9119545969065
0x8de918f0163b2021839a8d84954dd7e8e151326d,18,Web3 Open Source Software,0xb6a332decc38c703130a537ce7fcfe5a24bd85e52e0769994bc752d04e182cca,IDriss - A more usable web3 for everyone,15001.1375,10623,17663.1029537531
0x8de918f0163b2021839a8d84954dd7e8e151326d,18,Web3 Open Source Software,0xb6ef2486b7cb418acb3fd460f1c78a714d6c338eaff95b2734d79ff1cdbf867b,Carmine Options AMM,5304.40222,1849,3227.3564090629793
0x8de918f0163b2021839a8d84954dd7e8e151326d,18,Web3 Open Source Software,0xb75838608c70abd1dd916c7db56678a4fe398983cc8e8de9f3e8ae14eeef009a,Sybil Defense for Public Goods - with privacy,15001.1375,3701,5814.79858768697
0x8de918f0163b2021839a8d84954dd7e8e151326d,18,Web3 Open Source Software,0xbb5864fabd76bd8a9d620dd2cfd089a0507135e6e57d12487d4ffd74a4939538,rotki,1228.5931612499999,511,3767.2177716054052
0x8de918f0163b2021839a8d84954dd7e8e151326d,18,Web3 Open Source Software,0xbbca97093a7bf2cf329ca2aa74f59163c454b4e8633232345ed0a8cd1585a002,The Badge,532.840404,602,798.74651610044975
0x8de918f0163b2021839a8d84954dd7e8e151326d,18,Web3 Open Source Software,0xbdee5a58595edc6270add318e1e928cb2c80560350e2b06c9f1bd46523524cc9,PrivX,1368.10374,1057,1467.8478122903894
0x8de918f0163b2021839a8d84954dd7e8e151326d,18,Web3 Open Source Software,0xbe519f8c8f7ff2acb359dd757c5d2bf25b05d9fd29b8684885aa27f1fa487fcf,Lenster,15001.1375,21309,48381.127690173591
0x8de918f0163b2021839a8d84954dd7e8e151326d,18,Web3 Open Source Software,0xc173241c5950421d5b565b808e8b2e696af202610739de1b4895b7d6ddc6709c,Revoke.cash - Helping you stay safe in web3,15001.1375,15545,30275.959372622518
0x8de918f0163b2021839a8d84954dd7e8e151326d,18,Web3 Open Source Software,0xc3205ab19fc05f54626c7fe3235a9dee1fc2ff8306af24c0da66d2f9c4f0f7d8,StatelessArt,35.4026845,197,463.23319578191149
0x8de918f0163b2021839a8d84954dd7e8e151326d,18,Web3 Open Source Software,0xc5faa5745bf23d94fde96bdda0abe63ba787f7056a2bfc42db3b8d494be5c491,Hildr,55.8042315,218,237.08494647414773
0x8de918f0163b2021839a8d84954dd7e8e151326d,18,Web3 Open Source Software,0xcc6d33fe291d0fafb19cf8b833dc27d2f469fac52e3cc1f050ca4a0d83d66c74,POAPin,7902.599235,2407,3468.1114550187181
0x8de918f0163b2021839a8d84954dd7e8e151326d,18,Web3 Open Source Software,0xcd2b718969bcc37c52954ed8ba47c9ffec246de61c0adab480a2b35852998386,Eppie: Web3 native email,162.31230775,364,527.80707989179064
0x8de918f0163b2021839a8d84954dd7e8e151326d,18,Web3 Open Source Software,0xcd450144a7b83c2fe1e1a3715670fcf9d55712a5ae80743a1ab7fbccbd5c6e85,Citizen Wallet - an open source wallet with account abstraction for your community,354.02684500000004,477,2044.5342833485047
0x8de918f0163b2021839a8d84954dd7e8e151326d,18,Web3 Open Source Software,0xcd4761268cb53b04f508b01207e404cf2902e4b2d1bfb1e6de267d97348b20ae,PEERUP,21.001592499999997,225,198.39788765550475
0x8de918f0163b2021839a8d84954dd7e8e151326d,18,Web3 Open Source Software,0xcda4de3f83ccc01be38b2fb2e5197e2e590e1f1b4db7eeed8897d1cb95558930,SafeTransfer,192.6146055,499,796.006312341895
0x8de918f0163b2021839a8d84954dd7e8e151326d,18,Web3 Open Source Software,0xcf747084e6a05cb06436509140edc149136cdeaefb628112f3c31ab070661a61,Thunder Chat,198.31503775000002,489,685.07228431474368
0x8de918f0163b2021839a8d84954dd7e8e151326d,18,Web3 Open Source Software,0xd151b30f491c040cfa6c635e7ef02e14811caf5a9cefea9edeb7ff3d853cd873,Uniswap V3 Calculator & Simulator,333.625298,519,687.69334578664575
0x8de918f0163b2021839a8d84954dd7e8e151326d,18,Web3 Open Source Software,0xd7280c5dbfa12229c7a71335b3ccaabe498c72f3fab8b8a36604af500febeb96,Pairwise: Tinder UX for web3 community signaling,71.10539175,191,426.9625521303301
0x8de918f0163b2021839a8d84954dd7e8e151326d,18,Web3 Open Source Software,0xd7d80fc702a6eccf7022d7f95ac9cca34a979421b2b4aeff926472cd4fd7a2a4,Praise: Empowering Open-Source Community Intelligence,51.90393575,172,427.33290195857126
0x8de918f0163b2021839a8d84954dd7e8e151326d,18,Web3 Open Source Software,0xd9408c0236f2f7c71b6e56fb3975dd24185d7e975f0b8988359cd14a48e16bbe,1Hive Gardens,672.05095999999992,635,928.82746796728179
0x8de918f0163b2021839a8d84954dd7e8e151326d,18,Web3 Open Source Software,0xe3c28822e8444f006abd7c353189460ee1b69e89f1b46aa75acb35f744f38ea0,DigiOracle,241.51831375,534,1081.1487180339755
0x8de918f0163b2021839a8d84954dd7e8e151326d,18,Web3 Open Source Software,0xe85ae7069567808a5f50ff0362c6dc6bfbc811f4e4fadc94df725ece1c022533,Liker Land - Writing NFT - Open Content Culture Backed by Readers,53.704072249999996,198,457.75588182173533
0x8de918f0163b2021839a8d84954dd7e8e151326d,18,Web3 Open Source Software,0xe8d3a5b6bdbf0d28545bacff60d88a98c268535d2df144bb3c765c69ee2018cb,Via | Cross-chain router,15001.1375,9420,15953.519079239277
0x8de918f0163b2021839a8d84954dd7e8e151326d,18,Web3 Open Source Software,0xe9c5752589145e44d2f241c3e812524c76a50dfaf62d661ee4fceceb260d7693,Glo Dollar,409.231031,588,1045.086584715084
0x8de918f0163b2021839a8d84954dd7e8e151326d,18,Web3 Open Source Software,0xe9dfc4da2e9fbcf33042b9c978322967e52985162659fa8a0627bc8573cbbb59,BrightID 🔆 Universal Proof of Uniqueness,15001.1375,5780,8808.727471503611
0x8de918f0163b2021839a8d84954dd7e8e151326d,18,Web3 Open Source Software,0xea15878c9ec7897bb2aa042229119e42bca75c1406eb6b3bcf38b3a40d1960cb,Kiwi News,120.60914550000001,247,1046.135191604079
0x8de918f0163b2021839a8d84954dd7e8e151326d,18,Web3 Open Source Software,0xed6c82f35785e9ca4e0c4644f756b1ce5deacbd6f1dc6ed9e3c7035c023424de,DefiLlama,15001.1375,10751,23092.350038641445
0x8de918f0163b2021839a8d84954dd7e8e151326d,18,Web3 Open Source Software,0xee8251a9d15475ec8722ccb86108babc8e46040d0ebaa64bc71cbc91cd90e444,Smoothly,170.412922,375,610.18336595151641
0x8de918f0163b2021839a8d84954dd7e8e151326d,18,Web3 Open Source Software,0xefcdbf1d636187cb7e5e6554cd82b0edc5d8a316927987d8f0082687d59296a6,viaPrize,242.71840475000002,482,1591.0859515118559
0x8de918f0163b2021839a8d84954dd7e8e151326d,18,Web3 Open Source Software,0xf0572ad90c411f8f5d5dcb0938f0021e1b5d28d7cf427ddc34cc3a53cc740336,FundPG,83.4063245,997,508.89355744163413
0x8de918f0163b2021839a8d84954dd7e8e151326d,18,Web3 Open Source Software,0xf10d9fafd2491e190fda57aacd786aa6ccd2d8145476e41999a8afdd26aeadbc,zkBob,11587.4786505,2857,4889.7305801907114
0x8de918f0163b2021839a8d84954dd7e8e151326d,18,Web3 Open Source Software,0xf1e35a0824e74801215041db0d1e0395a527e5164c2c926e50b76fda301917f4,Chaineye,3041.9306622500003,2265,3078.1938962471395
0x8de918f0163b2021839a8d84954dd7e8e151326d,18,Web3 Open Source Software,0xf572866b6239bf7175f220bc6b1088c33920d6126f2ac435ac13ba1b15831d26,Mirror,0.0,175,2032.9812116605463
0x8de918f0163b2021839a8d84954dd7e8e151326d,18,Web3 Open Source Software,0x4cd41869f9b2d95c05e2cb13643f1ab7ae05ebd439349c0024aeba44a249b1d8,ITU Blockchain,588.94465825,702,1914.7637093314174
0x8de918f0163b2021839a8d84954dd7e8e151326d,18,Web3 Open Source Software,0x4d4314353898963e72af60160850f29dd93b14fab3611795fcfa113cc521ddc7,Grassroots Economics,106.20805349999999,262,722.08515696106042
0x8de918f0163b2021839a8d84954dd7e8e151326d,18,Web3 Open Source Software,0x4e644a39d629589c1bf4ac5bb01d3f3e0830bfcb92bf262e5e979f22bb3af085,Arkiver SDK,57.0043225,277,414.57807558765353
0x8de918f0163b2021839a8d84954dd7e8e151326d,18,Web3 Open Source Software,0x52251ad16a48521bff84883483464bbd9dd4398e4597058051c60910f59b916f,Sprintcheckout,13.201001,137,212.61753936539753
0x8de918f0163b2021839a8d84954dd7e8e151326d,18,Web3 Open Source Software,0x5a992201cd635e1564839ded6511757595c08c0811d7f5e0e06c956c621cc7ff,AutoChessia,82.806278999999989,236,501.7008033436141
0x8de918f0163b2021839a8d84954dd7e8e151326d,18,Web3 Open Source Software,0x5e4e8235c7e1078340c59e320c1c3bbb381b5b0281949abcce98c69291fff86f,dm3 protocol - the interoperability initiative,1585.62023375,1307,2144.3560246676993
0x8de918f0163b2021839a8d84954dd7e8e151326d,18,Web3 Open Source Software,0x60c037f9dfa5daee0f07bc26fb73393ef924e36c73c41ea6bd58029e1724de36,JediSwap,15001.1375,21132,46129.324967252505
0x8de918f0163b2021839a8d84954dd7e8e151326d,18,Web3 Open Source Software,0x63d59d0afb909de0dcaf2bab9495b3b5dcc3844476363e2e5c134f7788a8cae6,ZeroPool,1443.1094275,1112,1626.0846599637007
0x8de918f0163b2021839a8d84954dd7e8e151326d,18,Web3 Open Source Software,0x6466946b9f19a8e70242db04e437a9db945868b6665ca8cae1ef4cfa2644c55c,growthepie.xyz 🥧📏 - Layer 2 and Blockspace Analytics,144.91098825,302,679.54001811794785
0x8de918f0163b2021839a8d84954dd7e8e151326d,18,Web3 Open Source Software,0x677193e829ce6fe188033ed50954617bf826d115104eea41f1629b31c3471fa0,VueDapp,134.71021475,337,410.082282500407
0x8de918f0163b2021839a8d84954dd7e8e151326d,18,Web3 Open Source Software,0x6aeb3ddab061203d32594b03901bf458679a66fbeab99f0cff3c1ae46b1269da,DAOstar,133.210101,318,436.64759570389288
0x8de918f0163b2021839a8d84954dd7e8e151326d,18,Web3 Open Source Software,0x6e5a9c9f01f4884ff397a8e3e3cfce0a086395f9a9d2fd9a1cb9b11edbead016,GasLockR,74.405642,239,1422.6788362800639
0x8de918f0163b2021839a8d84954dd7e8e151326d,18,Web3 Open Source Software,0x6f0dada1385d326e6e4076f304dad4db7cd0e2f383a32d13b7c6c29f6614afd9,Commons Stack,363.92759575,389,814.37939150221064
0x8de918f0163b2021839a8d84954dd7e8e151326d,18,Web3 Open Source Software,0x6f4d991c607e2802e305ef9797dd63f6bf7466d0a512568fb0d696394020123e,OpenCann,56.10425425,207,316.75362387764335
0x8de918f0163b2021839a8d84954dd7e8e151326d,18,Web3 Open Source Software,0x727765eea17005169440ae33a843a051db6a779b7576d69c006e6d1cb0f9b489,Kleo Network,1234.59361625,993,1468.7053712699562
0x8de918f0163b2021839a8d84954dd7e8e151326d,18,Web3 Open Source Software,0x76b1bbde22213defc762bd2f7a873c204a11212e1a47b63e36664e868601dae4,TurtleShell,120.60914550000001,247,525.96504677863277
0x8de918f0163b2021839a8d84954dd7e8e151326d,18,Web3 Open Source Software,0x779de4efbff1c51778f6b543f93f4e2333d3e9efc8f535197aed46e25d254f5c,Horiza,7868.3966414999995,2854,4248.3935147180655
0x8de918f0163b2021839a8d84954dd7e8e151326d,18,Web3 Open Source Software,0x79b6739449b0864850b42cfeca44aa8dbaa13d3f83d83e725523554c74e05050,Epoch Protocol,693.35257525000009,655,848.59859724446733
0x8de918f0163b2021839a8d84954dd7e8e151326d,18,Web3 Open Source Software,0x79bf4da424d2449903e713023b7b312c1f67d1e24119221ec6c33877a09b85d3,BladeDAO,1237.5938437500001,1015,1928.6487806598802
0x8de918f0163b2021839a8d84954dd7e8e151326d,18,Web3 Open Source Software,0x7a7bba183fb942fef3a8f2c97d939367c8d82328a2a5d42b9f7ba2e358ff3423,LunCo - decentralized space missions engineering,99.90757575,212,707.39239429918962
0x8de918f0163b2021839a8d84954dd7e8e151326d,18,Web3 Open Source Software,0x7b2ba554649b1acf08973a4c56e50752194d687967be1493b2221da9f35b2cc7,UNIT,305.12313674999996,503,603.55664382920668
0x8de918f0163b2021839a8d84954dd7e8e151326d,18,Web3 Open Source Software,0x7c7c08934025c6d843f5cd742712dd55c2b44c03864cb49c3cd56b0e6409bfa1,Flexible Voting,23.101751750000002,188,180.12043112663969
0x8de918f0163b2021839a8d84954dd7e8e151326d,18,Web3 Open Source Software,0x7e50e6e9898aba467a5b91a6bf05dddcbfaded081fc569b48cd9af32682f2ebd,Grant pool to fund NFC x ZK experiments,62.404731999999996,268,283.25812849098884
0x8de918f0163b2021839a8d84954dd7e8e151326d,18,Web3 Open Source Software,0x845610cee7cce029f8b63d6577278f3ebb3082689e9190884cf50a96b59e57ef,Coria,0.0,3,4.6473067998886108
0x8de918f0163b2021839a8d84954dd7e8e151326d,18,Web3 Open Source Software,0x8862ffd4e3cab1245563819586012c549e1fe2d0a720b7d361fc8ea745e74a6e,Rouge Ticket,657.0498225,952,1363.5405544394439
0x8de918f0163b2021839a8d84954dd7e8e151326d,18,Web3 Open Source Software,0x8de8a2eb3b87953daee7f367ca39a1b65073750ac7f5cd0868385af2c25d3eb9,⚡ TurboETH,329.4249795,474,774.43514006311307
0x8de918f0163b2021839a8d84954dd7e8e151326d,18,Web3 Open Source Software,0x9063b25b2e76226ba0a6aba079e7814e6178c8c753b4a821b011b40a6e022ce9,Beepo,369.62802800000003,702,826.94543337219511
0x8de918f0163b2021839a8d84954dd7e8e151326d,18,Web3 Open Source Software,0x957be7b3b8481ecbdbf166fc14aa604cb3cfda120f6ef8846bc4d60782f3098a,MetaMail,10862.32366375,3725,5334.8548848137416
0x8de918f0163b2021839a8d84954dd7e8e151326d,18,Web3 Open Source Software,0x963d9db95ab441dabec8af183153168ebb47904851664adb50e742fe43ee6add,Replica_IO – a framework for composing practical distributed replication mechanisms,8.70065975,142,106.47715994031751
0x8de918f0163b2021839a8d84954dd7e8e151326d,18,Web3 Open Source Software,0x966f6139f0bdc1c38bd00575e6982e570841ad7caeac6db728bdb442b19045f9,Libree,172.813104,485,743.20605692986283
0x8de918f0163b2021839a8d84954dd7e8e151326d,18,Web3 Open Source Software,0x99d8b6358b13472acbf827e385f402eb6b3db6711cd59b36284912f24f933278,Smart Invoice,82.2062335,242,397.59534623559011
0x8de918f0163b2021839a8d84954dd7e8e151326d,18,Web3 Open Source Software,0x9fb5b0d0698dc64cbd3a01c5205ebc5ef609e7d20c21ce20ee2c73905a8309a0,Umbra,15001.1375,6446,10430.732189260758
0x8de918f0163b2021839a8d84954dd7e8e151326d,18,Web3 Open Source Software,0xa239387d1ac7d323f08dde2bfeb4e563f77abaaa63d23f9877dbc531a8aaef08,Giveth,1901.84421225,923,2149.8148535204732
0x8de918f0163b2021839a8d84954dd7e8e151326d,18,Web3 Open Source Software,0xa2f642e4a86c02d09d28f6e8cf57b269fdfa2e01c4581a737b6110c82bd271f5,ethstaker.tax,379.228756,513,752.0466806372192
0x8de918f0163b2021839a8d84954dd7e8e151326d,18,Web3 Open Source Software,0xa6181fa59e469dca7da45dab35280ba27acdb1a7933a60f743de3e0a8e421008,datalatte ☕️,32.402457,227,257.01081745579722
0x8de918f0163b2021839a8d84954dd7e8e151326d,18,Web3 Open Source Software,0xd525ec585f2940088ba8c491052a87fdf52ae30f9ea77243d910f497dbf20a5b,Fusion – Open Source Web3 Icon Set,222.016835,451,616.792199046388
0x8de918f0163b2021839a8d84954dd7e8e151326d,18,Web3 Open Source Software,0x0286d7af467d743cd8eab2c9845bdf378c83ebcb721f8b384be83c8847ffa5ff,TalentLayer,1314.99971325,1130,2031.3434912165599
0x8de918f0163b2021839a8d84954dd7e8e151326d,18,Web3 Open Source Software,0x032027603fb8055d56e750a29d658eddae5b163ea76c406e42012309dc5a4f6e,4EVERLAND,1576.3195285,1191,1766.225879517317
0x8de918f0163b2021839a8d84954dd7e8e151326d,18,Web3 Open Source Software,0x06037ec8c4b5ab0dc0bba9cc15e809976f0eaedc983b81c1185465066467c53d,HERE Wallet,2774.6103919999996,2533,3069.6244207660407
0x8de918f0163b2021839a8d84954dd7e8e151326d,18,Web3 Open Source Software,0x0680788f172a4a0fa32244dd5230aa38bb010521599ff83666dcfad66fc17b91,IDENA: Proof-of-Person protocol,12641.758594,4118,5439.6511379403437
0x8de918f0163b2021839a8d84954dd7e8e151326d,18,Web3 Open Source Software,0x0714cfd7e8a92f4406e170bd9a18c9d4848cc7e1f2155aa741ba2a556c6bb151,Solhint,22.501706249999998,136,138.42461933689492
0x8de918f0163b2021839a8d84954dd7e8e151326d,18,Web3 Open Source Software,0x0718e3d08633de4d7d2a6cf71e13f79507ba19f4389552fec4314e7ad5a13fc9,StaTwig Supply Chain Visibility for Life Saving Vaccines and Food,6.30047775,110,81.269238626692186
0x8de918f0163b2021839a8d84954dd7e8e151326d,18,Web3 Open Source Software,0x07961486ee21b1c67495f7f01e21c4d976a654da5b3ce8ad31c78181438a86fa,Zk- Block | Tools for Zk & Web3 Dapps,2394.181545,1346,1890.9183822185646
0x8de918f0163b2021839a8d84954dd7e8e151326d,18,Web3 Open Source Software,0x08cea6ea53bf524a47fec89e9851ee0c0e07823eb68cdcd81368a36e8abbf678,Fairdrive,46.203503500000004,201,233.35819130724713
0x8de918f0163b2021839a8d84954dd7e8e151326d,18,Web3 Open Source Software,0x094bb80618226e55dec85fb88aaddf53c733bc201d6d34c72f08b9e511233c7e,Decentraclasses,159.61210300000002,382,1209.4906317444897
0x8de918f0163b2021839a8d84954dd7e8e151326d,18,Web3 Open Source Software,0x0cdbfe30f8bfea9a33a297e1812c0ff146d326a3afa5832e24dc941a2e415b8f,Otterscan,309.0234325,341,880.4277589688046
0x8de918f0163b2021839a8d84954dd7e8e151326d,18,Web3 Open Source Software,0x0da3353f922620b4fa3a7b0e7e4e81d93217c60919a93f48dd430d94cfd02a05,WTF Academy,367.8278915,484,2498.1598270035174
0x8de918f0163b2021839a8d84954dd7e8e151326d,18,Web3 Open Source Software,0x0dd807294dc6ac4bfe10e048f936cb537bb47cb292f374f7cdd01e9096724053,Pulsar Protocol,316.824024,413,603.55562055134942
0x8de918f0163b2021839a8d84954dd7e8e151326d,18,Web3 Open Source Software,0x0f1d31d427400106f3d2958225dd235ae60b6a7572fb5155201b723e1ae79632,Lenstube,15001.1375,8294,13378.263873256195
0x8de918f0163b2021839a8d84954dd7e8e151326d,18,Web3 Open Source Software,0x10777174de8790acb94957d4a321e33b474b9b56f2fb54a4b82df089dc24bc6a,Nomis,11007.234652,2747,4865.5282772147184
0x8de918f0163b2021839a8d84954dd7e8e151326d,18,Web3 Open Source Software,0x1207e7650bc9cd89d2ae967b0b63f591162bbe5fc2f64dea3a749dfda5b67449,Pin Save: decentralized Pinterest,60.00455,243,351.33257843947513
0x8de918f0163b2021839a8d84954dd7e8e151326d,18,Web3 Open Source Software,0x1b8122fcd690a6e21aff53777afc6b4a1b896860c5bb3dfe32072e31996f2b0d,TruQuest,18.001365,227,169.68146114816636
0x8de918f0163b2021839a8d84954dd7e8e151326d,18,Web3 Open Source Software,0x1d016063ccb058b383978f2f92d241c5515c1716aec3da1a472ae876f8479fed,Mirror,9450.1165795,2641,4099.3836604922744
0x8de918f0163b2021839a8d84954dd7e8e151326d,18,Web3 Open Source Software,0x1dec1779158a1797692b9fe78bf66ed64e271ca769176dc8dcf424658bab40e2,EVM Diff,399.33028025,1336,1226.9917282479496
0x8de918f0163b2021839a8d84954dd7e8e151326d,18,Web3 Open Source Software,0x242ff3fbade46bb11bafb583dd828b78b43de1138524c0883dbf575b2d6857ab,wagmi fund,126.30957775,369,450.48518961853415
0x8de918f0163b2021839a8d84954dd7e8e151326d,18,Web3 Open Source Software,0x28e9c490569782aa40d08a52e2e0259a7b2ea4d38ae7a1bb3e99ab20dcf3192b,Dandelion,16.2012285,148,147.38036649440483
0x8de918f0163b2021839a8d84954dd7e8e151326d,18,Web3 Open Source Software,0x2fc1f04d7ca2fe96643cd2f25bbb0cc3e67cc7de03ad54693040ea0d578a7699,DefiLab.xyz,2817.2136225000004,2370,2735.4572501121934
0x8de918f0163b2021839a8d84954dd7e8e151326d,18,Web3 Open Source Software,0x30c9316ae33daa7e577d19fadbebaa34f3df04cf2ddd26b60a25539db2b96329,The Truth Post,48.603685500000005,240,321.18420652436907
0x8de918f0163b2021839a8d84954dd7e8e151326d,18,Web3 Open Source Software,0x322be14c06d96f82b336e241a83154baec50cca41509df1ebcc8a9a2c746bb3e,Stake Garden 🌳,219.91667575000002,395,684.19890517042086
0x8de918f0163b2021839a8d84954dd7e8e151326d,18,Web3 Open Source Software,0x32386037a59ba5fdd95f83c3ae9036fa0d71cd2e71da68ceaeed942c142d60ee,OPML: OPtimistic Machine Learning on Blockchain,238.81810900000002,370,546.27793299618361
0x8de918f0163b2021839a8d84954dd7e8e151326d,18,Web3 Open Source Software,0x39a2f17225f3eb95de1948807e47fa2d5b06af7ce337c6845f69a625c851c032,Synpress,321.92441075,510,608.33338832308073
0x8de918f0163b2021839a8d84954dd7e8e151326d,18,Web3 Open Source Software,0x3b839e762e389f72b3c43b70aeb7bb5c43a3781feda8683c29d5ae4896c6166c,Loanshark,15001.1375,4044,6966.406025730219
0x8de918f0163b2021839a8d84954dd7e8e151326d,18,Web3 Open Source Software,0x3e91c3dcf5a857ff059bee79a864d3a238b6605ac0175f865e0ff9e49709a624,ShapeShift DAO,3143.33835175,1547,2440.2295401618758
0x8de918f0163b2021839a8d84954dd7e8e151326d,18,Web3 Open Source Software,0x41963755a6073b9828e00e9c0b715d5763d1a1447505aa3ed7964d88269f6c24,Using ZK for game optimization in Dark Forest,115.208736,291,485.78377143059924
0x8de918f0163b2021839a8d84954dd7e8e151326d,18,Web3 Open Source Software,0x42528ac5ae7f27b36de1e40649628a762a8746d07b1440c32d30ded000ff125c,Jolly Roger and Hardhat-deploy,30.30229775,165,173.47959711456178
0x8de918f0163b2021839a8d84954dd7e8e151326d,18,Web3 Open Source Software,0x4e11571892e7edbb6aa03c8327aad0325faa2297559fbccc82ac93a369267948,Lume Web: Redefining the Open Web,45.90348075,292,262.90552681599229
0x8de918f0163b2021839a8d84954dd7e8e151326d,18,Web3 Open Source Software,0x5711c88512392c525a48cdce25ccfa89289f4bca8cfa32b06dd546bb5f2206cb,Geo Web Core Contributors,103.207826,285,428.92521109483505
0x8de918f0163b2021839a8d84954dd7e8e151326d,18,Web3 Open Source Software,0x644c7b7904ba3f93391b8adffde91a23decb407ec4d1eac10e0f578da6c88476,Permet,8.10061425,168,120.34598023300941
0x8de918f0163b2021839a8d84954dd7e8e151326d,18,Web3 Open Source Software,0x7f92e8624d7b644162e1bcee5f711524016b10a28f3580f7a8e94647da6ca710,mirall0x,9.600728,141,173.61872189948917
0x8de918f0163b2021839a8d84954dd7e8e151326d,18,Web3 Open Source Software,0x82cfc9f3289679782277f86e44ef5c078c8fde2c3b64c3ae925104dc25f675e1,benzin,56.404276999999993,269,513.25023778387413
0x8de918f0163b2021839a8d84954dd7e8e151326d,18,Web3 Open Source Software,0x875140de32d8a06913f512908564c0100d6b85e53fd64f409ce443e0ad7fc0cd,AikiSend,15.601182999999999,158,176.98367243585244
0x8de918f0163b2021839a8d84954dd7e8e151326d,18,Web3 Open Source Software,0x89a0a4ae11c70d1fdb328d25d16c56c49949d679ae17c22b3858a4bfdf9712f7,Kredeum NFTs Factory,34.50261625,238,227.83507114776012
0x8de918f0163b2021839a8d84954dd7e8e151326d,18,Web3 Open Source Software,0x9bbdc4b8d4aeeef9f3c922d85093515ec6799982166eaed599acec1e2d9fadb9,Public Assembly,47.4035945,124,143.71319642638855
0x8de918f0163b2021839a8d84954dd7e8e151326d,18,Web3 Open Source Software,0x9fcb3c7fbe842cb825a8fbe3a81876413bfce723db99481f032eea119a750455,Tropykus,19.8015015,187,185.73266956189764
0x8de918f0163b2021839a8d84954dd7e8e151326d,18,Web3 Open Source Software,0xfba42284a052144107a8740e36f0a82fb78179f4b2a5f95bc8807ad202f85421,Militereum,37.202821,204,278.40280352737079
0x8de918f0163b2021839a8d84954dd7e8e151326d,18,Web3 Open Source Software,0x0a429f0abf527b143c997326e019fb5ea263fcb7dac5f52388afee09ea1b54e0,0xFable,78.90598325,245,1232.9046365221352
0x8de918f0163b2021839a8d84954dd7e8e151326d,18,Web3 Open Source Software,0x0dae7b32c9bd9d38ddb9c6d455da6082c95be22445480aacbfeaa3da252ec0aa,Ether Alpha,84.606415500000011,312,385.81376324649318
0x8de918f0163b2021839a8d84954dd7e8e151326d,18,Web3 Open Source Software,0x14f28ca7ea278118c5f807233149049127987fe3f7a6a2630c520b78e51fb9b0,ENS Wayback Machine,240.6182455,353,513.62535859525678
0x8de918f0163b2021839a8d84954dd7e8e151326d,18,Web3 Open Source Software,0x5442cc4c21764b13001a615a43f04fbb5e29b76d33e173cc8c37062f5e7ba9cf,Community-bound Tokens,38.70293475,192,198.20984562038075
0x8de918f0163b2021839a8d84954dd7e8e151326d,18,Web3 Open Source Software,0x6a91fe5985c24c1c77841891f554a169d292e0710d56760852e5000a836562a2,Scaffold-ETH 2,0.0,63,123.92632338183466
0x8de918f0163b2021839a8d84954dd7e8e151326d,18,Web3 Open Source Software,0xd4e30855d467bf674510c3489d7e845152ed538a39c1822a780311d84eefc96c,Space Marketplace,6.30047775,109,79.642689675412839
0x8de918f0163b2021839a8d84954dd7e8e151326d,18,Web3 Open Source Software,0x4660be9bc678bba66a839a73c56212b592c15e97c8b6db1b3daddef58778f9ed,Scry,6.0004550000000005,130,110.91094769025813
0x8de918f0163b2021839a8d84954dd7e8e151326d,18,Web3 Open Source Software,0x7c176b056ff421c0a021d04b3a99a837b928d4db09f39be5060c4fac1df810b3,Impact Stream,14.401092,186,167.06453033836442
0x8de918f0163b2021839a8d84954dd7e8e151326d,18,Web3 Open Source Software,0x1e9e8d47b2f14f961f5b27b76a06753d987cc36ea0e85405bace67aa4fa3f89d,Pepemon: Degen Battleground,100.2075985,345,653.7095200542899
0x8de918f0163b2021839a8d84954dd7e8e151326d,18,Web3 Open Source Software,0x300b143cd3c86e119837ac24e73a81bc785d3772e07db87665ed3ca4e01a9cc1,Open Spellbook,40.50307125,207,282.29515594176928
0x8de918f0163b2021839a8d84954dd7e8e151326d,18,Web3 Open Source Software,0xdc966adbaa419c7c705ac8e964da70c6f93d6e1944adc4f492aa101bde09e9d1,Public Assembly,0.0,157,154.19111545621718
0x8de918f0163b2021839a8d84954dd7e8e151326d,18,Web3 Open Source Software,0x9ff7f449889c0b715e9fec15354dd9afa0c1718d0afa82371ef20434bc241bae,EVMcrispr,0.0,3,4.5301690101623535
0x8de918f0163b2021839a8d84954dd7e8e151326d,18,Web3 Open Source Software,0xfc45bc3302c1b1dd8337f5fe4b4d6c0628636b99364aa054b1c36114c90aaf18,zRex,0.0,1,1.6560183763504028
0x8de918f0163b2021839a8d84954dd7e8e151326d,18,Web3 Open Source Software,0x190709f8bf96b7f0977cd142c65dd9ea1e41e198c4a91a5f435940bebf48f4a2,Doubler,0.0,2,2.3675088882446289
0x8de918f0163b2021839a8d84954dd7e8e151326d,18,Web3 Open Source Software,0xefcc3886541c28eac6e5b682e9f40ee4754b68b77c0bac0e5c055f4ba9420e52,aitnt,0.0,1,0.99964725971221924
0x8de918f0163b2021839a8d84954dd7e8e151326d,18,Web3 Open Source Software,0x9295d154648262f9a3d6dfbfa41378b4c52661b9d528983edcc92381bf7bc579,HEMIFY,0.0,1,0.99964725971221924
0x8de918f0163b2021839a8d84954dd7e8e151326d,18,Web3 Open Source Software,0x9840b7eaeefc605b471a988b98f163569b130b73dee8fd2257bac5a042292622,Dappy Health,0.0,2,2.0389095544815063
0x8de918f0163b2021839a8d84954dd7e8e151326d,18,Web3 Open Source Software,0x1fc6fa3b1282e224ff0b1826347535cfe737a51979f754274353e6dbeba5de3a,1W3,0.0,1,1.0089563131332397
0x8de918f0163b2021839a8d84954dd7e8e151326d,18,Web3 Open Source Software,0x38d0c8a7e5d706a43d43a5f230ba68858867977ab7b4f1be163f31b595f19df9,vanByte,0.0,1,0.99964725971221924
0x7f9415761afbd82e3fe2fd9e878fa643184bc729,19,The Cult DAO Round,0xe8b38774b90536f80863750bfe05286e0ace7309b6e04db8c137fe08b41f5ca5,MetaCulture,1623.6436767578125,66,807.2007411820814
0x7f9415761afbd82e3fe2fd9e878fa643184bc729,19,The Cult DAO Round,0x2923b9a01a50bceced4737321858c9445046acda7d586d47a7d335ae746c9d11,MemeCulture,1623.6436767578125,53,331.75412499532104
0x7f9415761afbd82e3fe2fd9e878fa643184bc729,19,The Cult DAO Round,0x892c75af4ea755e76260ddc0ac51221b3f7bcf891d9cc5c18513ad67b0a2c85c,CULT Organics SubDAO,683.46306386914057,34,271.1729043694213
0x7f9415761afbd82e3fe2fd9e878fa643184bc729,19,The Cult DAO Round,0xe58a2e87ad1686495161e8a4fe6f6867beb5a7e9c32019ff6748d7b1fafb842e,CultDAO x Regens Unite,1623.6436767578125,72,349.654888083227
0x7f9415761afbd82e3fe2fd9e878fa643184bc729,19,The Cult DAO Round,0x10c01af9c774711e1d8f39c8c4a1fc9f7a5e4f6b7256a7dbc9617c6cbe61b225,Oji Labs,940.17411831396487,42,295.79992738831788
0x79115c9114055f16bb5b0e9bbfa450844d0fcb3a,19,"NEAR 2.0, META POOL & GITCOIN",0x34b83ba6a15b58985ed3b787746fed74f2aa9e45366a28b799695fe019e0484f,Staking in layers 2 of ETH using Blockchain Operating System,0.0,1,2.65765643119812
0x79115c9114055f16bb5b0e9bbfa450844d0fcb3a,19,"NEAR 2.0, META POOL & GITCOIN",0x558fe004115928f8dd8c912fac63c150c7eae9d04fbd659335a553fef665909a,A Nacion Bankless Perspective,0.0,1,2.0393593311309814
0x69e423181f1d3e6bebf8ab88030c36da73785f26,18,Arbitrum Domain Round,0xa86ea2c73299e9b7920a879c06391833f78630c91a831ea9b1fcb4e312bf6939,The Developer tooling on Nova Round,20283.664043164063,346,986.79030360467732
0x69e423181f1d3e6bebf8ab88030c36da73785f26,18,Arbitrum Domain Round,0xeb378971bc7ca3f10080adfe8c0ba66bf6b8d0a846dede5ec4181a738188ff9c,The Open Round,14611.24023896875,303,1007.8093493375927
0x69e423181f1d3e6bebf8ab88030c36da73785f26,18,Arbitrum Domain Round,0x8513622b6dc6ee78849f30e34fbd877270b05d2251cc479e0d067c97865f34e8,"The Education, community growth & events Round",10349.245052742188,271,726.87690898776054
0x69e423181f1d3e6bebf8ab88030c36da73785f26,18,Arbitrum Domain Round,0x9afd9edc0ac8e0e2bb65c3351fa97d871373f683f3e391666e271a2a408462fc,The New protocol ideas Round,42539.72748271875,445,1332.6946446448565
0x69e423181f1d3e6bebf8ab88030c36da73785f26,18,Arbitrum Domain Round,0xfb9d3eb120d971073b00a53bc53e2d0aba93e023f0f38dad5106aa3cb2915c94,The Gaming Round,12246.321559109374,304,939.44367174617946
0x6726fe9c89fb04eaef388c11cf55be6aa0a62fb9,19,Global Chinese Community Round at GG19,0xa8383ad89e631d630c4995a34824addfa866870ab696e1671fb0607bf1b433bc,Nomad Matters  遊牧者計畫,0.0,34,53.249073416147439
0x6726fe9c89fb04eaef388c11cf55be6aa0a62fb9,19,Global Chinese Community Round at GG19,0xc8b34c79f941ae62d0fa3d07fcc5e7df875c093e79c6b5c4bfaca58e63d8c3fc,Web3Buidler.Tech,108.83562985546875,39,89.301001688967517
0x6726fe9c89fb04eaef388c11cf55be6aa0a62fb9,19,Global Chinese Community Round at GG19,0xcf747084e6a05cb06436509140edc149136cdeaefb628112f3c31ab070661a61,Thunder Chat,1507.4649950507812,94,191.72316331664479
0x6726fe9c89fb04eaef388c11cf55be6aa0a62fb9,19,Global Chinese Community Round at GG19,0xd3bd2111f80027d538cc252a13afacad8eb0b1565a58d0655eda3b718b88e767,Gitcoin China Ecosystem Development,183.91331000390625,147,170.15214600688341
0x6726fe9c89fb04eaef388c11cf55be6aa0a62fb9,19,Global Chinese Community Round at GG19,0xd7ee6df313f1563fe5f2d54f04d71feba3fe1d2316c9c32bd2dd1624b05b393c,WAMO 2023 Chiangmai,0.0,20,18.109988138581684
0x6726fe9c89fb04eaef388c11cf55be6aa0a62fb9,19,Global Chinese Community Round at GG19,0xe83b397e6d09128a134478bcc42a3055457ab14bfbb79849ef3be6151c9bdc68,Data2.cash,143.58381275390624,40,122.9443690148546
0x6726fe9c89fb04eaef388c11cf55be6aa0a62fb9,19,Global Chinese Community Round at GG19,0xf887e76e0b125cc6a2d66a9e8055c8848be018b2e63dab4809bd4ffda8a6ba85,Tradao,165.42895709765625,41,82.214216361440776
0x6726fe9c89fb04eaef388c11cf55be6aa0a62fb9,19,Global Chinese Community Round at GG19,0x68f1da3e04908884ed83bb92cd7c7cfb9b5c1ae72babd1f0ca884b1f48acb810,Web3event,1628.0633949374999,96,170.75141505053762
0x6726fe9c89fb04eaef388c11cf55be6aa0a62fb9,19,Global Chinese Community Round at GG19,0x8b64854386aa844a240afd173df39a7ba5b4b2d669de8349f50f5dfe66180f68,"Mini Bridge: ""0"" rate Cross-L2 protocol  by Chaineye",3000.706640625,379,601.77564723086107
0x6726fe9c89fb04eaef388c11cf55be6aa0a62fb9,19,Global Chinese Community Round at GG19,0x957be7b3b8481ecbdbf166fc14aa604cb3cfda120f6ef8846bc4d60782f3098a,MetaMail,210.73962737109375,227,275.03712189352518
0x6726fe9c89fb04eaef388c11cf55be6aa0a62fb9,19,Global Chinese Community Round at GG19,0xa0891490c55054d8f7e31881d8aa1ee12e6d9965e0343340f39bf760c462c132,登链社区(Upchain),3000.706640625,88,604.2289482406668
0x6726fe9c89fb04eaef388c11cf55be6aa0a62fb9,19,Global Chinese Community Round at GG19,0xcc6d33fe291d0fafb19cf8b833dc27d2f469fac52e3cc1f050ca4a0d83d66c74,POAPin,566.83348441406247,182,249.81256741373363
0x6726fe9c89fb04eaef388c11cf55be6aa0a62fb9,19,Global Chinese Community Round at GG19,0xe6cdce65c4d5e328ad823cceb103dbf2ea2228ada07c1dd9440c0aa24ee4f48d,savour,0.0,44,141.53944162993139
0x6726fe9c89fb04eaef388c11cf55be6aa0a62fb9,19,Global Chinese Community Round at GG19,0x217ef0badfbf3b5085ff24a05f209c87148c1b47a017858eaaf9605a065232be,Dapp-Learning,0.0,46,43.155889749679773
0x6726fe9c89fb04eaef388c11cf55be6aa0a62fb9,19,Global Chinese Community Round at GG19,0x2e640d65f775bc1ee5130ccc4b16d49d155214fb8f996ba7ad91515c06811480,Metopia,3000.706640625,142,442.25599303865238
0x6726fe9c89fb04eaef388c11cf55be6aa0a62fb9,19,Global Chinese Community Round at GG19,0x4310f7265c524f30ae6f0713ec53e644a0413f0a975c8aa9b948a2e51052a4ae,Inferer,0.0,72,59.299584863128985
0x6726fe9c89fb04eaef388c11cf55be6aa0a62fb9,19,Global Chinese Community Round at GG19,0x6a31e961c28488a66e2bb8e54f190aec92fc8e3951190339324d804a540f9881,Eggcess,0.0,28,20.006259065274207
0x6726fe9c89fb04eaef388c11cf55be6aa0a62fb9,19,Global Chinese Community Round at GG19,0x72a5804d9f376c823efe345ff95208502fe7384ff3cedf4014d0aa9f3efb7754,Firefly,150.03533203125,52,91.80018592862325
0x6726fe9c89fb04eaef388c11cf55be6aa0a62fb9,19,Global Chinese Community Round at GG19,0x751e30ac4e9978891ca76362b4579adb2d575a07dfece1c30b689b53ac1f5c01,Nextme,312.193518890625,96,351.58775840031012
0x6726fe9c89fb04eaef388c11cf55be6aa0a62fb9,19,Global Chinese Community Round at GG19,0xdcf722a36ffb837f578db38c9d7798866861f1b2a35a276db0daa184bc93be2d,FABDAO,243.08724495703126,43,67.219289165608643
0x6726fe9c89fb04eaef388c11cf55be6aa0a62fb9,19,Global Chinese Community Round at GG19,0xefcdbf1d636187cb7e5e6554cd82b0edc5d8a316927987d8f0082687d59296a6,viaPrize,1575.9111135234375,55,715.94374635865825
0x6726fe9c89fb04eaef388c11cf55be6aa0a62fb9,19,Global Chinese Community Round at GG19,0x1f4a582842b97aceb4b9fcd7c1f315b37f01a601190c9e3e8f2791cd729a2abb,Protector,0.0,22,23.871807542200258
0x6726fe9c89fb04eaef388c11cf55be6aa0a62fb9,19,Global Chinese Community Round at GG19,0x297c6048171bdc77463bde99672e7df7b379a6c5216e149adc3ea962bd7a475f,z2o-k7e,402.12469691015622,29,85.12984347964084
0x6726fe9c89fb04eaef388c11cf55be6aa0a62fb9,19,Global Chinese Community Round at GG19,0xef8ef54b91771769242b7e259d9d358672df29661ae2ba68c6fc9765c1fe7885,DeCert.me,3000.706640625,68,345.265888167698
0x6726fe9c89fb04eaef388c11cf55be6aa0a62fb9,19,Global Chinese Community Round at GG19,0x7192db708ccb6cc2a138ed377bac77bd97d41ade7e6b6ebacf2d0273a306ded2,Web3Matters Weekly（馬特週報）,0.0,50,49.0852140979332
0x6726fe9c89fb04eaef388c11cf55be6aa0a62fb9,19,Global Chinese Community Round at GG19,0x3ae22dfa742ac79d9e2db57e5e165ca7cbaeab48dc1b075a4405e8eefed0137a,DeSci Asia,254.9400361875,45,112.54840673521539
0x6726fe9c89fb04eaef388c11cf55be6aa0a62fb9,19,Global Chinese Community Round at GG19,0x7f7bb843da33d712988f7ff98e33010f4a520974b5310bad94270ef92a88f92d,DHK DAO,0.0,1,2.0393593311309814
0x6726fe9c89fb04eaef388c11cf55be6aa0a62fb9,19,Global Chinese Community Round at GG19,0xceca32094d27d425f249439be011e2d02b6edddc521330f7420219aa15325895,OpenBuild,0.0,39,55.40520845590072
0x6726fe9c89fb04eaef388c11cf55be6aa0a62fb9,19,Global Chinese Community Round at GG19,0x90a64cfe9de33bb3422d18365aae4a29828085204f6ac636277f6d45f126fdfb,Nowhere Publishing (NFT books with open access content),260.61137173828126,35,65.558591263870767
0x6726fe9c89fb04eaef388c11cf55be6aa0a62fb9,19,Global Chinese Community Round at GG19,0x9d402c01861a345d1157b225f95443af003a4e545c8698aa83272ef67b322008,Nomad Matters  遊牧者計畫,0.0,12,18.444952564314008
0x5eb890e41c8d2cff75ea942085e406bb90016561,19,Climate Solutions Round,0xa8297a5286de6e90becc3fc3447a80bd606a689bf40f9ca24651305eaf50f823,Realtime Climate Data Market (RealClime),814.73348046875,111,145.09320391185611
0x5eb890e41c8d2cff75ea942085e406bb90016561,19,Climate Solutions Round,0xab34f42d126434a8139362cd98b408ca0cf4e566a9c3feb5776788f61e0b402c,Elephant in the Room Strategic Climate Solutions,748.362216796875,103,108.16916081900854
0x5eb890e41c8d2cff75ea942085e406bb90016561,19,Climate Solutions Round,0xc17b5a8f4dd55715c3b100d415b02b3fa7cdc5a506fc86f2078600bcbd40bbee,Helios - High Impact Solar in Emerging Markets,2604.6600878906252,230,915.56471898477685
0x5eb890e41c8d2cff75ea942085e406bb90016561,19,Climate Solutions Round,0xc422ebcc0550dbf424937a8ffef69ce68f330e1597f85d30ce56df1a6f67529e,Climate Emergency Centers,613.22253320312507,76,101.49453796200078
0x5eb890e41c8d2cff75ea942085e406bb90016561,19,Climate Solutions Round,0xc7fd4470d72c9e927734fdce1329161e6ad5625369233745a7f7f8b28038945a,regrò,772.03413476562491,95,146.51806258608849
0x5eb890e41c8d2cff75ea942085e406bb90016561,19,Climate Solutions Round,0xdb88020603b6585309c740bbb90bc344b380440bf0aa363a03f22c80fc461ee1,dMeter EBF Hypercert,1280.8305488281248,122,150.97237901001063
0x5eb890e41c8d2cff75ea942085e406bb90016561,19,Climate Solutions Round,0xe0486693120403a63343f81eb8a8008feb73d0dbfc32f408f8ee45568764b48a,Aluxes,1136.55170703125,113,167.91939677425398
0x5eb890e41c8d2cff75ea942085e406bb90016561,19,Climate Solutions Round,0xe98db10bd77705b0b73df543cd5b0fd1fdb84f3e597f67499ca303a692869689,Solarpunk Nomads: Nomad Hub and Climate Resilience Tracker,3031.3539003906253,203,545.10712492709354
0x5eb890e41c8d2cff75ea942085e406bb90016561,19,Climate Solutions Round,0xed04796b2e46ebfe574a98567b6e864e9871760919a71c5048488efa0bf16b13,"Mi Costa De Oro, Autonomous and Regenerative Community Rooted in Action (Venezuela)",1074.675111328125,115,126.47117207820702
0x5eb890e41c8d2cff75ea942085e406bb90016561,19,Climate Solutions Round,0xffd4c2ccb7bd4f5ff975707c418c1073cee2422776dd7b98f77cbad614a9350e,Green Planet Conservation Initiative,920.80764453125,111,150.65461613300431
0x5eb890e41c8d2cff75ea942085e406bb90016561,19,Climate Solutions Round,0x42ff9fdf97a805c740e58273dcf1897a9c8c5ea1d4ae26c14f30c381a199c6d8,Traditional Dream Factory,1806.4070566406251,154,364.50396125155385
0x5eb890e41c8d2cff75ea942085e406bb90016561,19,Climate Solutions Round,0x4ab9e8d66d01186232fb3c5ed75cfa729e9c96c006b34e553fee6454c88239f7,PROJECT FOR ECO – RESTORATION AND WOMEN EMPOWERMENT  THROUGH SUSTAINABLE AGRICULTURAL DEVELOPMENT,534.116376953125,88,71.843552964026912
0x5eb890e41c8d2cff75ea942085e406bb90016561,19,Climate Solutions Round,0x4f7b59c5b661f69b874068c16aa580bdc515db406e6b14c9653d74d24df0822b,MesoReefDAO - Regenerating Reef Conservation with DeSci Web3 tools,1689.09622265625,131,198.86384864079446
0x5eb890e41c8d2cff75ea942085e406bb90016561,19,Climate Solutions Round,0x51ebb25154043de25a15808755b54a2e0f0ab5694c6409272ff0be90a5234d3c,Pollen Buzz Initiative,1051.9021269531252,114,350.55107709899721
0x5eb890e41c8d2cff75ea942085e406bb90016561,19,Climate Solutions Round,0x528c2bf9662b3793f8cc2422dcab0674c4b7688e90bbb5da936061207ddc166c,EkoDoku - Ethical Silk Production,645.88378710937491,94,105.47696544056089
0x5eb890e41c8d2cff75ea942085e406bb90016561,19,Climate Solutions Round,0x55bf6acb573d0582d60bdcf83f4f12a3fb99b3386ac67f534aa20e1b1a766532,The Carbon Games,661.31548046875,120,138.44067596253444
0x5eb890e41c8d2cff75ea942085e406bb90016561,19,Climate Solutions Round,0x5aacbf6c4fd74b2217614c56f11fcd41ae03fd5ce0105447ba9fe63d6f36cc81,Litter Token,1571.9352109375,163,189.78871279558007
0x5eb890e41c8d2cff75ea942085e406bb90016561,19,Climate Solutions Round,0x5b5e2063afedc2900e89872d5840c98156e11ae3f1abcae408c3164de5e9b2be,Fork Forest,1160.8229140624999,140,184.87526722016628
0x5eb890e41c8d2cff75ea942085e406bb90016561,19,Climate Solutions Round,0x5fa7b385eb10fa87e9236c95658342263dab6a6e8ee45d9fd77b67669002d99c,Regen Tribe,662.813703125,85,159.9178148906617
0x5eb890e41c8d2cff75ea942085e406bb90016561,19,Climate Solutions Round,0x6192de28214b6325dc0ad48596b8451a408d8f6a3c2b3e6e3d9c50d1e53d3ee6,Coral Connect,1120.5207246093751,98,142.97203483365274
0x5eb890e41c8d2cff75ea942085e406bb90016561,19,Climate Solutions Round,0x6559bccaf07c5a5a05b0ce841fdab866703bfdb9eb70d31dcf1e464a7eaefaad,ECORISE,1038.1184785156249,130,142.85360363472137
0x5eb890e41c8d2cff75ea942085e406bb90016561,19,Climate Solutions Round,0x67bbdbcacddd26be49cfe3ae2118329003a4145ea6fcc3d824becbe0f3622c45,Carbon Anti-Theft,1083.364802734375,166,172.25913850752522
0x5eb890e41c8d2cff75ea942085e406bb90016561,19,Climate Solutions Round,0x6dc6731fecd44cb9df6d96cfb734f63457172c18264c88998eeda135dd6e11c5,"GreenPill Ottawa x Rooted LABs: Climate, Agriculture, Open Source Tooling",1317.6868261718751,120,358.70171908362681
0x5eb890e41c8d2cff75ea942085e406bb90016561,19,Climate Solutions Round,0x7352c239d0dd8c39062300c7a507aed952f61908a44b0a0e146d8b6eec846e58,Shamba Network,2108.7483886718751,169,265.734848682343
0x5eb890e41c8d2cff75ea942085e406bb90016561,19,Climate Solutions Round,0x73bb3f1d3bd408f9a32c0de7e4efee9a482e9ba5f8928ecf10588de1d3a6eac2,Fundación Salva Terra,1005.157580078125,118,164.86087646427404
0x5eb890e41c8d2cff75ea942085e406bb90016561,19,Climate Solutions Round,0x82c3e8a9200b9f87d9b025a8bb3f9fc6720a7c315773e0ec990915430529db51,Kokonut Network; Perpetual Value Ecosystem,2670.1324179687504,204,386.18292737771139
0x5eb890e41c8d2cff75ea942085e406bb90016561,19,Climate Solutions Round,0x836463a7e2acb9ab4d42034c761cb4b3a5c78d4863f8b92ecc088a788fc1156b,GreenWorld,782.222048828125,109,146.85130932864558
0x5eb890e41c8d2cff75ea942085e406bb90016561,19,Climate Solutions Round,0x84e5ecb55ea744764c11c1600cdaba725af5cd9bef1456cfb4f1b16069f3f6a7,🌻 Sunflower EcoTech 🌻,4225.7370019531254,317,1338.5438095488025
0x5eb890e41c8d2cff75ea942085e406bb90016561,19,Climate Solutions Round,0x8afba275e8fd0d8cd06b094f79849da3526df2894ad476b9fd626ecd8c387341,Next Generation Probiotics for Green Agriculture.,435.98279296874995,82,75.241846184748283
0x5eb890e41c8d2cff75ea942085e406bb90016561,19,Climate Solutions Round,0x8cd64e758741c2b43cea914a4578a43c778a8b78104b921b46b0d72308625124,EverGreenCoin®,1697.1866249999998,188,277.83660995611717
0x5eb890e41c8d2cff75ea942085e406bb90016561,19,Climate Solutions Round,0x9b2381282f54f896fe64ac4445f043f6dc08b08239ce7f33d7a1dac53218da5d,🇿🇦 Biochar and Hemp in South Africa 🇿🇦,1005.90669140625,91,102.02629029364471
0x5eb890e41c8d2cff75ea942085e406bb90016561,19,Climate Solutions Round,0x9b8566547618a61818de8d15ed7538fc150b62d082d0f84f2a9d60d1a2d561f9,Joy's Kitchen - Food Rescue,695.47495703125,91,96.078577345564554
0x5eb890e41c8d2cff75ea942085e406bb90016561,19,Climate Solutions Round,0x9e8896090abff240885c74b27cd32f3917d2471e504e82db21e309360bbf2903,Astral,1502.567501953125,256,476.09888167943427
0x5eb890e41c8d2cff75ea942085e406bb90016561,19,Climate Solutions Round,0x9fc4c651ce4a623fc8cf5082640d17d2f55ac3e6a293f06c9b2a459f5b3e37d8,Ocean Sole,1380.46235546875,172,223.2631621578912
0x5eb890e41c8d2cff75ea942085e406bb90016561,19,Climate Solutions Round,0xa186d4f47d7b20be12487fe612219f543515fe961d4b3ebfca8c180da1f06eab,BaseX - universal evaluation engine. Impact. Externalities. Cobenefits.,484.82485156250004,88,73.682134163376759
0x5eb890e41c8d2cff75ea942085e406bb90016561,19,Climate Solutions Round,0xa42e657cc21b0784270b109f7c5a10e8342681ed7b19fc2477f0fde6b9bda25c,ReFi Tanzania,1443.0880625,134,168.44166673321888
0x5eb890e41c8d2cff75ea942085e406bb90016561,19,Climate Solutions Round,0xa43c02fccda77b18120fb256905f40c5b7b09c6c328b2c1fdccde4de38d047ad,"OpenCampusDAO: Decentralized-CosmoLocal, Regenerative LivingLabs and Scientific Production Spaces",702.9660703125,108,115.49889383086338
0x5eb890e41c8d2cff75ea942085e406bb90016561,19,Climate Solutions Round,0xa452e679373170dc64fb901e42dfe6e82edd4e6055ac62604352b7ce8702ad55,Regens Unite - Bridging Climate Solutions with Events & Media,2671.1811738281253,166,395.77816450895625
0x5eb890e41c8d2cff75ea942085e406bb90016561,19,Climate Solutions Round,0xa4b2cf6709ff339fffe97e972a1bf5dc161a728c82e58c8520c3e8e7538da504,LunarPunk_Labs,990.175353515625,111,122.84751278986369
0x5eb890e41c8d2cff75ea942085e406bb90016561,19,Climate Solutions Round,0xabe2b0052762f1601c4617b9aa94d0d2b3701f1b4daf2acf08d2794a03374ff5,xParametric,1201.87421484375,178,586.86605009603636
0x5eb890e41c8d2cff75ea942085e406bb90016561,19,Climate Solutions Round,0xcd78cf66f6f7b285eb520d9d4edd6b7484db0fe84e19cc2c1acbeebe9208b40b,ReFi Colombia,1662.72750390625,145,202.48185264747735
0x5eb890e41c8d2cff75ea942085e406bb90016561,19,Climate Solutions Round,0xce117eb32d81831947a4725358938b08c46d84195cb52f3d2a1257911abfad5a,GainForest: A global conservation basic income enabled by AI and web3,3153.0095800781251,200,938.0972059352207
0x5eb890e41c8d2cff75ea942085e406bb90016561,19,Climate Solutions Round,0xd1c6ae136214c6ac9eb08467a6c70ef06e5336ac638ccab4d2b36b0e76fd072f,ALTERNUN,763.344443359375,118,138.67974162412065
0x5eb890e41c8d2cff75ea942085e406bb90016561,19,Climate Solutions Round,0xd63ebd8cb50e511799b2cc9851a51f8e1e11fcfd66d038f2b6aeb1666aaf0d31,Drylands Agroecology Research (DAR),679.29415234374994,93,90.5796381838154
0x5eb890e41c8d2cff75ea942085e406bb90016561,19,Climate Solutions Round,0xe4946ea02ca360c45263d51f6ecf0d6361ec49c6c89c5f9d7a43711c52883dcb,The Kawagumba village community farm project,1683.4029765624998,143,234.14102933397953
0x5eb890e41c8d2cff75ea942085e406bb90016561,19,Climate Solutions Round,0xf185cb5e2fb4d77eccd69a49d040f434c34c071e346e4a71e8d5e87807349dfe,Green Digital Guardians,1565.3430312500002,136,208.87274529813294
0x5eb890e41c8d2cff75ea942085e406bb90016561,19,Climate Solutions Round,0xf9e78d3438e2cd36dbc7666075771fd9771a1273caa0cfd2a267d3a5f8d58bf5,Web3beach,2609.9038671875,210,403.59351968955161
0x5eb890e41c8d2cff75ea942085e406bb90016561,19,Climate Solutions Round,0x06649f9776f6104d34e476d625bb20bd98527bdb6bedb7573bf1f160a87f537c,Rebioca,1132.2068613281251,125,217.27342255585972
0x5eb890e41c8d2cff75ea942085e406bb90016561,19,Climate Solutions Round,0x0d5029fa40c0f83b754eada9212a50674e7c2a69a2c32c0f437d9c2c458f5cbb,The Aquapurge Project,1366.8285292968749,138,177.22084776920383
0x5eb890e41c8d2cff75ea942085e406bb90016561,19,Climate Solutions Round,0x10fbc418e3d279662991788e6fe8030067ebf3337b4a70923aa3da7a8ee5a0a9,ReFi EBF - Activating the Ecological Benefits Framework 🐉,1898.8473945312498,124,431.35496317961224
0x5eb890e41c8d2cff75ea942085e406bb90016561,19,Climate Solutions Round,0x1421792366666f58b187c57ea4fb11426f924ad9c34379c9303df48793b5f684,Adopt a tree,1047.707103515625,134,218.63663566882315
0x5eb890e41c8d2cff75ea942085e406bb90016561,19,Climate Solutions Round,0x183b050f0b9c9bd0e74dcf72816146f1e1a7d38993766cd9cd8c0cec5140957b,Sunrise Stake,1210.1144394531252,109,215.29757674058055
0x5eb890e41c8d2cff75ea942085e406bb90016561,19,Climate Solutions Round,0x19a1df489175da1b617db3e7b14054b3c51c5358bd9c5c31f01d0169648e0c87,Atlantis,4779.9295625,260,1649.1032963439975
0x5eb890e41c8d2cff75ea942085e406bb90016561,19,Climate Solutions Round,0x1c23604c024664012a8924c49773642c972ae099e7415c89c661f42e447c467e,City Farmers,654.873123046875,105,99.319367875919852
0x5eb890e41c8d2cff75ea942085e406bb90016561,19,Climate Solutions Round,0x1cc964b4dcc704f612cb4ff34f64e0e24f26ec3248bf4a7f3f89d09c1f628ef7,Crypto Whales NFT by Highly Artistic,898.3343046875,105,98.418948067828751
0x5eb890e41c8d2cff75ea942085e406bb90016561,19,Climate Solutions Round,0x2697ca58ef9e0f86bd9ef94c5318e6ff768c242baeec45db8290a833d8cefe34,BÚAN_fund,827.46837304687506,80,121.73824556245381
0x5eb890e41c8d2cff75ea942085e406bb90016561,19,Climate Solutions Round,0x281ce031a29ef4f4dda65dec5f1ece174cf83dea7e4e0a9db435e66f0efb8b2e,Jerri.wtf,1267.945833984375,135,133.98635639555141
0x5eb890e41c8d2cff75ea942085e406bb90016561,19,Climate Solutions Round,0x301ba45f6897d553fad83752fb362f40b820a46084bfd04442b78bc73b1d8dda,Oxygenchain,2191.30045703125,206,1028.0813234271013
0x5eb890e41c8d2cff75ea942085e406bb90016561,19,Climate Solutions Round,0x30c554f355fc9af4e0d86f58429e713bcef00d30f59dc73dc3fb44e7fef8d888,The Solar Foundation & GoodDollar: Solar + UBI to Empower Women in Uganda,5487.8397675781252,419,1394.6464381228216
0x5eb890e41c8d2cff75ea942085e406bb90016561,19,Climate Solutions Round,0x4118d01123adaa71c2d90c512c2549e0dacc5a4485702d76d6943d3ff9dabf54,River Cleanup,1734.1927246093751,164,259.57645262469714
0x5eb890e41c8d2cff75ea942085e406bb90016561,19,Climate Solutions Round,0x42620808d558bf533ba6eab1e511e73de17f584a1b873dde7ddc788c0471dd87,"Ayowecca Uganda : Training rural farmers & indigenous communities on regenerative agriculture, providing women & girls with new skills for economic empowerment and planting fruit trees in school & health centers",2283.8906171875,162,373.44634917279154
0x5eb890e41c8d2cff75ea942085e406bb90016561,19,Climate Solutions Round,0x63116df536c9a207ac7fdf5157321841c7ce0d12ec6a9bbfeccad708ca71e54b,Endangered Tokens DAO: Endangered Trees as ReFi Biodiversity Assets & Public Registry,3206.4961289062503,251,1306.2661671108581
0x5eb890e41c8d2cff75ea942085e406bb90016561,19,Climate Solutions Round,0x6fc1cb997ca68bdc056fa9a225fbf4a0aee6d1b67391a2e8ba9aa21b92340fcf,"Ama Earth Group - Earth Development Company ""Taking Climate Change into Our Own Hands"" 🔨",585.35559179687493,87,66.56801045271277
0x5eb890e41c8d2cff75ea942085e406bb90016561,19,Climate Solutions Round,0x789e828421b9f323a9613f8819e73dbfaf0ce351fee6760626150abb00a207d2,"Treegens(🌱,🌳)",5101.7477890625,316,3327.1480751607342
0x5eb890e41c8d2cff75ea942085e406bb90016561,19,Climate Solutions Round,0x7d428c60aa119a7bc08c6fc438641c4389f3826faafef0e055a14cb15308dfce,Tokyo River Friends,1088.1591152343751,116,189.10063330034609
0x5eb890e41c8d2cff75ea942085e406bb90016561,19,Climate Solutions Round,0x82198d786dbcbc9c0850a4f535cce54b14c6701c2c77940909b1b552162e980e,Beyond Fossil Fuels - Supporting Indigenous legal efforts to STOP fossil fuel infrastructure,659.66743554687491,78,165.27547034990857
0x5eb890e41c8d2cff75ea942085e406bb90016561,19,Climate Solutions Round,0x9575cc4fc36454d4fd20fe68f980a72247e115363927b4ffba3a59f713f65351,Silvi,2927.22742578125,210,765.63268755561876
0x5eb890e41c8d2cff75ea942085e406bb90016561,19,Climate Solutions Round,0x9b8fd21ff33280aa6dddb9d073a527ab490b07fd3ebd91850b6b0f2065542af5,$Earth - Solarpunk Dao,4030.2189453125,246,1230.2744178289067
0x5eb890e41c8d2cff75ea942085e406bb90016561,19,Climate Solutions Round,0xaefb6b82af41c82e4bf3f08150254363fac89efbef488a984d29d16907f7ed31,KOKO DAO saving forests in Colombia,3152.1106464843747,184,794.86485756269758
0x5eb890e41c8d2cff75ea942085e406bb90016561,19,Climate Solutions Round,0xd289e43c2df613b8737069de5e4e84ad10b4858e5286126775a0c7fc2298cae3,impactMarket: Financial education & microcredit to vulnerable communities.,1285.025572265625,125,306.97283044151118
0x5eb890e41c8d2cff75ea942085e406bb90016561,19,Climate Solutions Round,0xe58ac9ecba70b421fc3dff3c6095bf26163f9a8dfb93ae4567550274be9ef6c1,Ekonavi,2429.517859375,144,516.43446000977565
0x5eb890e41c8d2cff75ea942085e406bb90016561,19,Climate Solutions Round,0xed0329b547363295b7ba001885aa43ca88fe757be984c836d664cdc621b60708,VinQ: Decentralized co-creation community for regenerative viticulture,431.78776953125,65,58.125489618495067
0x5eb890e41c8d2cff75ea942085e406bb90016561,19,Climate Solutions Round,0xf5e5ac17f14c18272cb2fc72a9815c3cef3df1611b66dbe1183edd1bf8abb297,La Madriguera,1194.68274609375,125,285.84266978518281
0x5eb890e41c8d2cff75ea942085e406bb90016561,19,Climate Solutions Round,0x05581e7f792004dea07a70b9471cd80b1c1adb47280c81f837a1cafd3069394e,BETTER,1598.3039296875002,250,1242.1305146740269
0x5eb890e41c8d2cff75ea942085e406bb90016561,19,Climate Solutions Round,0x0a72191577140be92d186e02d0752506e85f2e8a27fe5af9e16431770c117137,Kula Earth Regenerative Commons,911.5186640625,108,155.03490822914318
0x5eb890e41c8d2cff75ea942085e406bb90016561,19,Climate Solutions Round,0x206af132d86b39c748c84de875d8b7968e09f2c55ba9bde7a6654d5a6e221618,The JCR Club,982.983884765625,101,186.98272479011939
0x5eb890e41c8d2cff75ea942085e406bb90016561,19,Climate Solutions Round,0x26aeb37230f6afdd6f224a0104dad54435b6e3acaa2d2084c8eeb0891e586e6f,Mycelia - Retornando à Mãe Terra,1544.3679140625,137,233.79524216611026
0x5eb890e41c8d2cff75ea942085e406bb90016561,19,Climate Solutions Round,0x30629969e7332cc4ad49a784a30010c52085a796d85c65c74c512979176de588,Sustainable Heating with Compute Power,527.67401953125,85,70.040186816251662
0x5eb890e41c8d2cff75ea942085e406bb90016561,19,Climate Solutions Round,0x5744a405a0e3fd6f9d3f7d1e08d641b2e0c59327d8f93bfd935dff3a7a0fd40b,Cosmos for Humanity | C4H,877.05954296875,110,137.76763002651569
0x5eb890e41c8d2cff75ea942085e406bb90016561,19,Climate Solutions Round,0x78b858009ecfa46c866a7765cf0665699dd097eaadc3bdf9fc4f1f2229823bf5,WaterDAO,1933.1566933593749,180,294.32250994471542
0x5eb890e41c8d2cff75ea942085e406bb90016561,19,Climate Solutions Round,0x795626ae2de6742687803d8e1609c7216980f16420449ce344d8fff17cbf9f05,wasset,823.872638671875,116,147.62291647813981
0x5eb890e41c8d2cff75ea942085e406bb90016561,19,Climate Solutions Round,0xa216133c575ae453cbdbc121cd647f28d148a3850ff5ccec6eb6f75765a1ebf5,ExoSmart: Pioneering Sustainable Agriculture,526.625263671875,83,66.685446432464232
0x5eb890e41c8d2cff75ea942085e406bb90016561,19,Climate Solutions Round,0xa70a72244acf6c77533c8a8c0fecc07a07ecefa938e0bf631af808c98533668a,Ecofrontiers: Crypto Natural Capital Aggregator,1153.6314453125,101,332.65071935205606
0x5eb890e41c8d2cff75ea942085e406bb90016561,19,Climate Solutions Round,0xfcb429eb0cf1ead9ebfaa6e2cb8bd99ab472105351151bc697df187ab218e566,Gaia,1516.50097265625,202,249.65352185118945
0x5eb890e41c8d2cff75ea942085e406bb90016561,19,Climate Solutions Round,0x089ecbf7ab001a8c12da02b12eaf07151301d9b5f5ab290d00a3c8350b273062,AgroforestDAO,2484.2029863281246,192,431.46858439250036
0x5eb890e41c8d2cff75ea942085e406bb90016561,19,Climate Solutions Round,0x17bd4435619699f3be591de2cc1f52943bd6a0ce5e5d091ee8de5610f22512c6,Bloom Network,1874.7260097656249,157,249.31379388076675
0x5eb890e41c8d2cff75ea942085e406bb90016561,19,Climate Solutions Round,0x1948bbbce4d1a26d92e1942eb275d8d0e12832fa14f5f6b225fe7f225927a39f,$REGEN Tokenomics Working Group,1928.81184765625,131,326.28832340738882
0x5eb890e41c8d2cff75ea942085e406bb90016561,19,Climate Solutions Round,0x22d833e596690bc4230067cc03a296f280977c740c5dd2ccc71e4cbcac3ce4ce,Proof of Renewable Energy Production (PREPchain),742.5191484375,111,127.35060782450091
0x5eb890e41c8d2cff75ea942085e406bb90016561,19,Climate Solutions Round,0x27dfbe7a9c237ab618003d6406d8144dcd6916ebe55265a9b3ef5490db971ca8,DeFood: Decentralized Food Security Network (DFSN),938.78631640625,122,112.13774366291545
0x5eb890e41c8d2cff75ea942085e406bb90016561,19,Climate Solutions Round,0x29e1256cffdb522383bc943035ecfa518cc3051f24380be615547688b52b4a75,Coffee Impact Collective,1023.7355410156249,89,157.32563927151932
0x5eb890e41c8d2cff75ea942085e406bb90016561,19,Climate Solutions Round,0x80d9270ea5f28cb4f5cf7a1affc62397c227602a689c19ccd1955d1d88e79ad5,ReCommon,1315.73913671875,122,171.1648294483166
0x5eb890e41c8d2cff75ea942085e406bb90016561,19,Climate Solutions Round,0xb33cf8a383a8da65f41f9a964bbb13e2840535c5914879e2d642184eb6e6c2b2,RegenBuild 🏡,1792.4735859375,138,323.1771454873342
0x5eb890e41c8d2cff75ea942085e406bb90016561,19,Climate Solutions Round,0xbce568448f2968c9854dd8d15e288bbdc1b7a1cfffcd1f67aaa206d32eb33bdc,Climate Fest,593.7456386718751,100,81.743161197722657
0x5eb890e41c8d2cff75ea942085e406bb90016561,19,Climate Solutions Round,0x02ccaa6855e874c5858a4e0e0c46a419a9c3c7815040a06f37a9061ea9200c8c,NFP (Non-Fungible Plants),1126.8132597656249,132,136.30301949603745
0x5eb890e41c8d2cff75ea942085e406bb90016561,19,Climate Solutions Round,0x1a507f27762187fd5615562a29287fd0188b2fac8d1e871033678da40a277756,Wild Friends (with Senda Verde Bolivia),812.63596875,94,134.00642148162297
0x5eb890e41c8d2cff75ea942085e406bb90016561,19,Climate Solutions Round,0x12479ac96d450848cb3c773562929443e9dd2dd8d3e5c168ba62ef25bb6250f2,Yaupon Tea Co. - Creating Sustainable Rewards for Local Suppliers,469.69280273437505,69,55.906122047192184
0x5eb890e41c8d2cff75ea942085e406bb90016561,19,Climate Solutions Round,0x21d38235f2f0a3ff72689cf46def66c68ecfae91407bd7a5b07ae8badf056370,EcoSynthesisX,1733.2937910156249,116,838.60512733603537
0x5eb890e41c8d2cff75ea942085e406bb90016561,19,Climate Solutions Round,0x3a8952a16ed9431d230844435afae8814ad9791da841e22bc88b0daf17c9bd09,Urbanika and the Climate Positive Bus,1577.3288125,89,512.42208377707721
0x5eb890e41c8d2cff75ea942085e406bb90016561,19,Climate Solutions Round,0xc42baf29417648442f12a905809fc0ab0fba22edbf93f88d20070222ad4ff6ec,R3WILD,1255.5105859375,119,188.1156060035396
0x5eb890e41c8d2cff75ea942085e406bb90016561,19,Climate Solutions Round,0x088f747f3124d1dd6ba5ce216494e3e09d540a8f94fb97cc6ac22381405348e3,Crystaltrade,413.509453125,75,60.677156608573569
0x5eb890e41c8d2cff75ea942085e406bb90016561,19,Climate Solutions Round,0xd7280c5dbfa12229c7a71335b3ccaabe498c72f3fab8b8a36604af500febeb96,"Pairwise: Simplifying Choices, Amplifying Voices",0.0,1,1.9439331293106079
0x4727e3265706c59dbc31e7c518960f4f843bb4da,19,GreenPill Network Round,0xdaf90fe9d2b997ef8489dd42f1257719b2890f391cfc2ce2fe81661fbbc518a4,"GreenPill - Ottawa, Canada - Workshops, Local Impact, On-boarding, Education",528.00899022949216,31,136.41980490984133
0x4727e3265706c59dbc31e7c518960f4f843bb4da,19,GreenPill Network Round,0xc85ba1c625436fa8d91310cef461eaac0c63ed3a89a9ec66ea744b889940d83b,GreenPill India Chapter,207.81987302783202,30,33.597876245061343
0x4727e3265706c59dbc31e7c518960f4f843bb4da,19,GreenPill Network Round,0xe32ded46e79107a0d2e304397008a492ef6a4408d6eadb29520556300460b4ee,GreenPill Turkiye,692.92226685791024,38,105.77398771943263
0x4727e3265706c59dbc31e7c518960f4f843bb4da,19,GreenPill Network Round,0x1ff8cdeb79faf2f31b4ffe4ad2fe4c848cfc64ecf78e244dbb4403d678832752,GreenPill Nigeria,448.5977026728516,36,60.239426915439253
0x4727e3265706c59dbc31e7c518960f4f843bb4da,19,GreenPill Network Round,0x2b9c2cd87482180defbbd067c13f7456302a84711bec052e2dbb149aad612352,GreenPill Taiwan - Green Sofa,276.31433142919923,38,39.8695385825049
0x4727e3265706c59dbc31e7c518960f4f843bb4da,19,GreenPill Network Round,0x3106ac49f3da0ebd720ca542c4efb713a6e2c10ab3497b50239a52322a5edd95,GreenPill Mexico,429.17463831152344,32,60.248746388235304
0x4727e3265706c59dbc31e7c518960f4f843bb4da,19,GreenPill Network Round,0xf396046a2c49a34f55e3882c0c0ec2a5a768f3dd7afa4a723d21a665d42be3e6,GreenPill Phangan,790.358671875,32,303.13367384942103
0x4727e3265706c59dbc31e7c518960f4f843bb4da,19,GreenPill Network Round,0x2c10f1ab27c8d2b31cf627a51459a51f7133368f3ca1e18c867e1ce0da0a3a7f,GreenPill Germany,250.91911935351564,31,40.989888171043276
0x4727e3265706c59dbc31e7c518960f4f843bb4da,19,GreenPill Network Round,0xfe21f6fcf3ad9a95aa213344976f4cd06911aa3aa3d4dba57f54b3720deff8ee,Greenpill Brazil,496.78488294873051,36,73.425620976478967
0x4727e3265706c59dbc31e7c518960f4f843bb4da,19,GreenPill Network Round,0x773767e9aedf07b70034a78469e6f2a32b31a58fbfbb26f8bd63791688103c1c,GreenPill Kenya,255.94777640332032,32,47.584855521668942
0x4727e3265706c59dbc31e7c518960f4f843bb4da,19,GreenPill Network Round,0xa5ab7dc13609ac94fe00a21b0e134a01243dc9667ed79be5c676d3f5ae69bee1,GreenPill Japan,348.30118721191405,41,41.169938928476768
0x4727e3265706c59dbc31e7c518960f4f843bb4da,19,GreenPill Network Round,0xbc6ec62d0007f04ee4044c2720ba2a6f087fb9c7cf24e8c1f10fed09cbd9ebe3,Greenpill UK,214.57249993066404,24,46.444114256293688
0x40511f88b87b69496a3471cdbe1d3d25ac68e408,19,buidlguidl ,0x71cd4a81b7ca0221f38bf3101cb1237e73c33862e47b572b2d81adf66b3e5b8e,Toads Various Codes,82.07804763671875,10,15.737818179295573
0x40511f88b87b69496a3471cdbe1d3d25ac68e408,19,buidlguidl ,0x7f293014e882af2cde7b0ca92c8788bfeb97b6e915011e61936130dee6fdf19c,Speedrun Chainlink,371.11638296875003,18,34.018446860478434
0x40511f88b87b69496a3471cdbe1d3d25ac68e408,19,buidlguidl ,0x9419e8e78dbf84c1f69a3372254804e1f796dc629f91f0b2cb4ab1df11c96e41,azpwnz,345.624597421875,11,111.38270631210617
0x40511f88b87b69496a3471cdbe1d3d25ac68e408,19,buidlguidl ,0xc0908c0dac0542df6fc1e43c7ebf1aa6c7a7fa57d3faf683dd6826dcae88f89c,SpeedRun Golf,2292.4267578125,54,303.45652637595049
0x40511f88b87b69496a3471cdbe1d3d25ac68e408,19,buidlguidl ,0xb4f2bb5884b9c5866dc1b6cf028a487b1af91c151ddb911afcfcc9fb08b5acdf,WalletX,1555.7691737500002,41,74.868384400026116
0x40511f88b87b69496a3471cdbe1d3d25ac68e408,19,buidlguidl ,0x44b01cae30d6b8cdfe2f95e40f4e760ac73fdd24efb0d26ce411b681d208542d,Avelous Hacking,144.331188671875,18,21.854505156741652
0x40511f88b87b69496a3471cdbe1d3d25ac68e408,19,buidlguidl ,0xc7de6bfb76ad29b76ab1c8dcd3b7a5cfa68f75125e6c513145d18173fef723a6,Mecenate,67.571571113281252,12,17.275185281054291
0x40511f88b87b69496a3471cdbe1d3d25ac68e408,19,buidlguidl ,0xaa7924d36ffbdf786f2f23ff527135c5707a556201525152572398ca1fdc9c19,DeezStealth,52.5791001171875,11,16.136444016934547
0x40511f88b87b69496a3471cdbe1d3d25ac68e408,19,buidlguidl ,0xfedd3bc90d08adf6beea2a1b5e0d90d1beed58bfa2b5017e9b0d2b397dea613c,Damu (damianmarti.eth),779.51679472656247,18,131.36727575549594
0x40511f88b87b69496a3471cdbe1d3d25ac68e408,19,buidlguidl ,0x121349de663c28873917d4ab844eeb4776a87fb732a806cb083cec0e4a1a1b51,"Blockhead: portfolio tracker, block explorer and web3 browser",464.70241292968751,24,38.892994854242716
0x40511f88b87b69496a3471cdbe1d3d25ac68e408,19,buidlguidl ,0xbf6dff6d51b4203507ee9a4f7c93d03484b992566bb4d2fc3db3730ab7e6fbd3,scaffold-eth-2-noir,224.48359783203125,16,31.285550858468923
0x40511f88b87b69496a3471cdbe1d3d25ac68e408,19,buidlguidl ,0xf11b7575ecda5c6c5eb8fe939841e90f916bac8f4e82eb3d331eda8666c0d493,Open source builder,205.32807984374998,17,23.853505415485415
0x40511f88b87b69496a3471cdbe1d3d25ac68e408,19,buidlguidl ,0x437422b45969f955bed15858f2fd58ea9e8335ef00a10b0c55680a1772ec7b9e,Social Developer Token,153.33584097656251,15,21.825893222929153
0x40511f88b87b69496a3471cdbe1d3d25ac68e408,19,buidlguidl ,0xc0e7bb35dbecbf08d07104c5a88ad2fe1ab9119f19e3df13d8c6416c6701c168,"Derrek, The Loud",131.31937439453125,14,20.495176879332575
0x40511f88b87b69496a3471cdbe1d3d25ac68e408,19,buidlguidl ,0xc97475c0ec591fcd41df76ce632db824fb11f113781209b37aa8b0f686b2c7c7,NBA Wallet,510.56011779296875,24,36.70776500703505
0x40511f88b87b69496a3471cdbe1d3d25ac68e408,19,buidlguidl ,0x0b5ca4e76fb04dc3a0280b9df1b1ddff2141f04c095111f066c638e063e3966e,Eth Rebuild,354.96852888671879,15,47.881022732348356
0x40511f88b87b69496a3471cdbe1d3d25ac68e408,19,buidlguidl ,0x7b8a0cb2336f66a5608670b3741e23efe2237b02fc16b6b98090284ce361f031,Crypto Monopoly,876.92659251953125,20,92.11320276150218
0x40511f88b87b69496a3471cdbe1d3d25ac68e408,19,buidlguidl ,0x8dab7fe286583dcb3a67ddabdf6635b8aef175cc2c7553d10f72ca75425dc7a3,Scaffoldgods,340.03107613281247,17,46.584285743178043
0x40511f88b87b69496a3471cdbe1d3d25ac68e408,19,buidlguidl ,0x9690994ba92d1edef57ac377cf056c711c8df8a48450f865bd33846cb0c246eb,Open source builder,216.94609865234375,15,30.123299311489973
0x3ac78e1ae5086904d53b41c747188216789f59a7,19,Arbitrum Citizens Retrofunding Round 1,0xb8b9ef7e3be5cd563300fe9af3493a65e34de8719076c8835480547f314b9b0a,InBest Program,4764.221484375,410,611.943529926315
0x3ac78e1ae5086904d53b41c747188216789f59a7,19,Arbitrum Citizens Retrofunding Round 1,0xbc88356f901d2c7900ff86b19c75165cd8a94faacea44076e2a8642f71d0aa57,Voting Power,4764.221484375,490,681.71606916626661
0x3ac78e1ae5086904d53b41c747188216789f59a7,19,Arbitrum Citizens Retrofunding Round 1,0xc70e1710d3cb9a6e2ac8cd45a2bf5c48b69fb2edb7cdf89267f456b207d7f0bb,(FINAL) Francescoweb3: contributing to Arbitrum governance and education,4764.221484375,257,334.57335808042444
0x3ac78e1ae5086904d53b41c747188216789f59a7,19,Arbitrum Citizens Retrofunding Round 1,0xc8830cd5b5e04c3a16f406953064e5e1b295b6ded002064e9249eae71fbfef64,Arbitrum STIP Stream Tracker,4764.221484375,374,663.41998717417482
0x3ac78e1ae5086904d53b41c747188216789f59a7,19,Arbitrum Citizens Retrofunding Round 1,0xd8822a90b79629926e782ebb0d302c1c0cfa7dee036296b4cc5fcbc16af520d6,ArbitrumDAO delegates,4764.221484375,1194,2094.1915677660745
0x3ac78e1ae5086904d53b41c747188216789f59a7,19,Arbitrum Citizens Retrofunding Round 1,0xe70e4713128341d0abf837867675cb858c7c51e65f376a24cbe78d0a9e6c7cba,Taylor Pedde,3862.7354951015623,216,339.3253722209065
0x3ac78e1ae5086904d53b41c747188216789f59a7,19,Arbitrum Citizens Retrofunding Round 1,0xf51227ab356302a547b53bac383a29d0c9ae001acff92d620816ab77e189e866,Atomist,4764.221484375,480,730.93762493432041
0x3ac78e1ae5086904d53b41c747188216789f59a7,19,Arbitrum Citizens Retrofunding Round 1,0x69e3a47a9d0d7c0ba79e96db56d67a70b615e69086a5c1fb5b3a8b5cdf77fd36,0xidm's DAO governance analysis and AIP,1677.7682379374999,94,149.67445379402488
0x3ac78e1ae5086904d53b41c747188216789f59a7,19,Arbitrum Citizens Retrofunding Round 1,0x6c9dd71ba8c98617d9b7ae73891a70baa153355da5c4e8b617a180ebed716902,Arbitrum Votable supply tracker,1869.0993727500002,173,214.93900664740249
0x3ac78e1ae5086904d53b41c747188216789f59a7,19,Arbitrum Citizens Retrofunding Round 1,0x6f2f92abf41c0c7530c8be489787b53f9c346de754b865a74cdd4f6393f6f7f7,0xRamen - Governance / Dashboards / Education,4764.221484375,251,928.80373932079419
0x3ac78e1ae5086904d53b41c747188216789f59a7,19,Arbitrum Citizens Retrofunding Round 1,0x70fff734a2fb0dda5c6d6c0f3b19c53d34cd11a238605ad0aa940b832fd3d549,STIP Inclusion Group (AIP 10: STIP Backfund for successful projects),3209.274876304688,80,455.68850059364922
0x3ac78e1ae5086904d53b41c747188216789f59a7,19,Arbitrum Citizens Retrofunding Round 1,0x7e5abd21db2f38fadc94d6d90553196c3fcbaf679d0d7ec03b02201897afd8b3,Larva,4764.221484375,301,998.60837196333341
0x3ac78e1ae5086904d53b41c747188216789f59a7,19,Arbitrum Citizens Retrofunding Round 1,0x7f5deb295ab52ecbe73aa874b0de5dafc3fd9c1ffaf6fb95bad2c6bd2a81a4c6,Arbitrum Cipher Sessions,2248.1408340468752,178,191.87722915919039
0x3ac78e1ae5086904d53b41c747188216789f59a7,19,Arbitrum Citizens Retrofunding Round 1,0x906f58ce6e389cd4087887ecefc4c39cd954571eeded169e1eaaa5532ce1e8ac,DeFi Teddy - Founder of Biteye,4764.221484375,330,420.74136091729633
0x3ac78e1ae5086904d53b41c747188216789f59a7,19,Arbitrum Citizens Retrofunding Round 1,0x9d3d33990c5574ffd3ce7157aaacf148519e4ee6e0fba454c7d2ebf4dad781a5,thinkDecade,4764.221484375,329,343.9016736038775
0x3ac78e1ae5086904d53b41c747188216789f59a7,19,Arbitrum Citizens Retrofunding Round 1,0x0d18ce47a78d7f794ca4406c4a924765c1bf4890e237da3ba556077b472c8833,Nathan VDH,3720.9522637265627,232,258.23155692054024
0x3ac78e1ae5086904d53b41c747188216789f59a7,19,Arbitrum Citizens Retrofunding Round 1,0x0d9679f4df28200eaf76b6469c8f413119bdf9e980334786132da1b682b74d69,Andy,4764.221484375,257,396.85341322959175
0x3ac78e1ae5086904d53b41c747188216789f59a7,19,Arbitrum Citizens Retrofunding Round 1,0x0f4685a4f417e8007b567a8376f1bd56e9d0e00f532523c8b2d41194e2aa16cf,limes.eth,4764.221484375,193,323.43804524448387
0x3ac78e1ae5086904d53b41c747188216789f59a7,19,Arbitrum Citizens Retrofunding Round 1,0x21f42aae0464e6505f7513fa07a7ee1b20e82175cd003111202f0785cc789347,Arbitrum STIP Dashboard by Raho,4764.221484375,362,472.84357782850748
0x3ac78e1ae5086904d53b41c747188216789f59a7,19,Arbitrum Citizens Retrofunding Round 1,0x2302fbcd46dea70dd2d5459c50fbeb1623d11c3be6f43a0736ac8bb25d955718,Burns - STIP Data Monitoring,4764.221484375,283,336.602353619719
0x3ac78e1ae5086904d53b41c747188216789f59a7,19,Arbitrum Citizens Retrofunding Round 1,0x2584a3c6b53df44250c1abfa67da07c7a87c56ec4a1a5cc47abe5316978c08a5,Carl Zielinski | Princeton Blockchain Club,3796.703385328125,154,262.627137349411
0x3ac78e1ae5086904d53b41c747188216789f59a7,19,Arbitrum Citizens Retrofunding Round 1,0x34eb8364c9d4e4fcd2e2debf7b010c0b6eeb32023760adbe335903a4444e6686,Gonzalo Vazquez,3.1443861796875003,20,305.3565166676417
0x3ac78e1ae5086904d53b41c747188216789f59a7,19,Arbitrum Citizens Retrofunding Round 1,0xcf8babf556b10293d76b086772bbc0c5bf0eb361b37de5aa9b7ee4f0377783c8,Arbitrum Thailand : Co-Working Space,4764.221484375,198,232.72877472956498
0x3ac78e1ae5086904d53b41c747188216789f59a7,19,Arbitrum Citizens Retrofunding Round 1,0xe25b781ae0bd55f9f2abd7737c33a7b4bd0fc85e2fff5036e639269d1af6fd78,Jackie Chen | Princeton Blockchain Club,51.1677387421875,21,21.538511644932441
0x3ac78e1ae5086904d53b41c747188216789f59a7,19,Arbitrum Citizens Retrofunding Round 1,0x341a266f634a38b58640fcefd48c8abbd22709e7cf09206b30cfc65986dac97d,0xngmi's work,3381.5491251796875,142,337.00632111165214
0x3ac78e1ae5086904d53b41c747188216789f59a7,19,Arbitrum Citizens Retrofunding Round 1,0x19421516f9974759f06214c22ba0eadfade7a5bde8322d3cebbfb847fb1062d1,João Criptonita.eth,0.0,1,40.493637084960938
0x36f548e082b09b0cec5b3f5a7b78953c75de5e74,19,SheFi GG19 Round,0xc69bf47c22d910faf27c45665e840386abf0262581f6919c115cb3208c3f1baa,love4u academy,17.145622264648438,10,25.764814516529441
0x36f548e082b09b0cec5b3f5a7b78953c75de5e74,19,SheFi GG19 Round,0x55bcdb8e7fc19c534ba532d672f37d4d7971fe17fcc4bdb3d264d8b9099fb881,Block&Change Amplify - Hands-on Content for Developers,253.56865591503907,28,79.08245762437582
0x36f548e082b09b0cec5b3f5a7b78953c75de5e74,19,SheFi GG19 Round,0x5a3d84e2afcbdca6845f1e41be2e9a2fd8fbb44ede1dc1e3354305fac630f7ad,GM OG Podcast and Empowerment Incubator,327.00730831835938,19,443.33368994854391
0x36f548e082b09b0cec5b3f5a7b78953c75de5e74,19,SheFi GG19 Round,0x9f03cbf4e259477eb86dae5215614b3e65585280ad769a9a7fe11b79f5725206,SheNodes,721.21237792968748,70,369.01372682143119
0x36f548e082b09b0cec5b3f5a7b78953c75de5e74,19,SheFi GG19 Round,0xdef0631fdfc918fb35d3c7ba8a17a26576115d31bc1e78ff1dead9a0eae05b63,Immigrant Freedom Fund,80.237281085937511,27,36.960608432618756
0x36f548e082b09b0cec5b3f5a7b78953c75de5e74,19,SheFi GG19 Round,0x8c766545a20555a84be9866a2262c6bc320d2c09b14b793724eb467bff9d6859,Interactive Nail Art Products,18.23705699658203,11,17.90213540289551
0x36f548e082b09b0cec5b3f5a7b78953c75de5e74,19,SheFi GG19 Round,0xa5ab7dc13609ac94fe00a21b0e134a01243dc9667ed79be5c676d3f5ae69bee1,GreenPill Japan,122.48109410253906,28,42.135000981390476
0x36f548e082b09b0cec5b3f5a7b78953c75de5e74,19,SheFi GG19 Round,0x2b520e40b469e15e525827a0fa2fa9f98721679b08e6dd91bce858afc3897cc7,Givepact,721.21237792968748,29,320.094035519287
0x36f548e082b09b0cec5b3f5a7b78953c75de5e74,19,SheFi GG19 Round,0x576748e675869c3fe2326367c0f510f36223edda3c072b89e8efdd1f069fd79e,PledgePost,489.3666388378906,41,205.67736776173115
0x36f548e082b09b0cec5b3f5a7b78953c75de5e74,19,SheFi GG19 Round,0xed197f3b9c21b82bdb7e03b99962bb476f7d294f8090f60c9b1eda42a6d23ad4,Coinsub,68.765196194335942,18,45.653319163247943
0x36f548e082b09b0cec5b3f5a7b78953c75de5e74,19,SheFi GG19 Round,0xebaa90887548fca29dc0095cbf80cb1927e3078c83598a13b8e3bde0c5079ec8,verza,284.2201819770508,42,69.555921535938978
0x36f548e082b09b0cec5b3f5a7b78953c75de5e74,19,SheFi GG19 Round,0x055814ac1eb7171da6b1667ace6a6c62489a1a164d76fcf0b0e44d1470ae69ba,Laurel Designs,117.27394073388672,34,36.097703587263823
0x36f548e082b09b0cec5b3f5a7b78953c75de5e74,19,SheFi GG19 Round,0x3500c9aed0a67a5875f9d678923e90bf2b2783ee9d8a8b2bccc22200868be663,MyJam,242.72162175097657,42,68.6063000841823
0x36f548e082b09b0cec5b3f5a7b78953c75de5e74,19,SheFi GG19 Round,0xecfc10dad8ffdca65291437887437b308684f0633aef7aa9b3a888c19934eb51,The Deep,265.52154905859373,44,58.671272629606392
0x36f548e082b09b0cec5b3f5a7b78953c75de5e74,19,SheFi GG19 Round,0x1457306a335eeed0058c40cc4f37f7c3fe4d07d3b5e278dcbfe21f3fe27a981e,Purple Pages,523.67711569726566,27,391.07606423459947
0x36f548e082b09b0cec5b3f5a7b78953c75de5e74,19,SheFi GG19 Round,0x37b657d40de9bbed3b71e9cf58b74ec24b849e3fd2330259310575b9836c369c,Cryptogirl,86.117566007324214,23,32.786637442186475
0x36f548e082b09b0cec5b3f5a7b78953c75de5e74,19,SheFi GG19 Round,0xeacc840786b8d8bcf929c5f695b6df63dbe5a1db14ccdaf8a896f05550fa2926,ETHAccra,186.63053107812502,23,74.415243223309517
0x36f548e082b09b0cec5b3f5a7b78953c75de5e74,19,SheFi GG19 Round,0xa6dba6efb0e4ef22812c682c7097928396900fbeb7818ddf43957859b36ec4f2,ensō collective,43.936258063476565,13,33.991102423518896
0x36f548e082b09b0cec5b3f5a7b78953c75de5e74,19,SheFi GG19 Round,0xd625bcb2733e82a3e3111cc0b6ad8f5c90190bd50e6a9cd0de88ae94c64ac650,Menopausey | Exploring How Web3 Technologies Can Support People Navigating Perimenopause,182.38980229589845,27,74.400995665229857
0x36f548e082b09b0cec5b3f5a7b78953c75de5e74,19,SheFi GG19 Round,0x9565ee7ee9e185ff81b1d4b3fc7cb4f7b4f4a4a160cfbf1012046a6bc87a8711,Mostrodarte: Onboarding Indie Artists into Web3,19.131360345214844,11,16.436314381659031
0x36f548e082b09b0cec5b3f5a7b78953c75de5e74,19,SheFi GG19 Round,0x679fbaafd5b803ab86c8ab6032cb90a81e464cd190bc8b6ff87559c4d12a0693,Fact-of-Existing/F-o-E_GAME,14.626187024414062,10,16.986127873882651
0x36f548e082b09b0cec5b3f5a7b78953c75de5e74,19,SheFi GG19 Round,0xdb8fe9c1575ba1c9f91bfbaa18c2f165a1bc8d9a9987f9c9c8546f8c775dff2a,DAOnboarding,22.545098934082031,10,19.858982875943184
0x30c381033aa2830ceb0aa372c2e4d28f004b3db9,18,Global Chinese Community for Public Goods - GR18,0x4310f7265c524f30ae6f0713ec53e644a0413f0a975c8aa9b948a2e51052a4ae,Inferer,0.0,15,19.191426893463358
0x30c381033aa2830ceb0aa372c2e4d28f004b3db9,18,Global Chinese Community for Public Goods - GR18,0x8854dbd4338547cc2e0e197e1d40bf43a09e73b6ea0717515cab492a4626cf32,W3 Project Hub │ W3展報,163.061493109375,23,75.709540161769837
0x30c381033aa2830ceb0aa372c2e4d28f004b3db9,18,Global Chinese Community for Public Goods - GR18,0x97d1779d1e478d5f58246af8c595cbf8f00aae86706524fc21b051bb20c002a9,Dapp-Learning,224.27203826953127,144,352.4688126759138
0x30c381033aa2830ceb0aa372c2e4d28f004b3db9,18,Global Chinese Community for Public Goods - GR18,0xcc6d33fe291d0fafb19cf8b833dc27d2f469fac52e3cc1f050ca4a0d83d66c74,POAPin,47.5887619375,29,47.078172755832725
0x30c381033aa2830ceb0aa372c2e4d28f004b3db9,18,Global Chinese Community for Public Goods - GR18,0xce4d0a8d2181a6b48013eb41fea1fe1efe54f3fabfcce8b4c33a41cda47b6bab,Web3Matters Weekly（馬特週報）,459.64145589843753,32,116.6021351905074
0x30c381033aa2830ceb0aa372c2e4d28f004b3db9,18,Global Chinese Community for Public Goods - GR18,0x3ec0ea85c2b16d6ca1a16d5173177acf7815697592d5d14d27f638eb07535c0c,MoonDAO,20.220225003906251,14,27.748874732991681
0x30c381033aa2830ceb0aa372c2e4d28f004b3db9,18,Global Chinese Community for Public Goods - GR18,0xf1e35a0824e74801215041db0d1e0395a527e5164c2c926e50b76fda301917f4,Chaineye,375.58630548046875,61,235.85221911757253
0x30c381033aa2830ceb0aa372c2e4d28f004b3db9,18,Global Chinese Community for Public Goods - GR18,0x1d432dffeff242ecc0d30201ea9a3c48a2d78a85225bfcdb4198d53c8f64428a,ABCD,455.41745339453126,15,190.69309144257568
0x30c381033aa2830ceb0aa372c2e4d28f004b3db9,18,Global Chinese Community for Public Goods - GR18,0x3ae22dfa742ac79d9e2db57e5e165ca7cbaeab48dc1b075a4405e8eefed0137a,DeSci Asia,473.61315648828128,23,155.35866363882087
0x30c381033aa2830ceb0aa372c2e4d28f004b3db9,18,Global Chinese Community for Public Goods - GR18,0x3b6de705e7821cbc4cb1832d0e74ac1caf81bcab3b698bd8c054502438f5a373,Blocktrend（區塊勢）,2499.409765625,59,1625.6730975264218
0x30c381033aa2830ceb0aa372c2e4d28f004b3db9,18,Global Chinese Community for Public Goods - GR18,0x55622b2e8ce27343c92f73d6eede6d6df0b43d19dbf684ee9d88a67b892f0ae7,Herstory,0.0,7,6.1882410736288875
0x30c381033aa2830ceb0aa372c2e4d28f004b3db9,18,Global Chinese Community for Public Goods - GR18,0x90a64cfe9de33bb3422d18365aae4a29828085204f6ac636277f6d45f126fdfb,Nowhere Publishing (NFT books with open access content),1915.8475735468749,61,539.16266717552207
0x30c381033aa2830ceb0aa372c2e4d28f004b3db9,18,Global Chinese Community for Public Goods - GR18,0xdcf722a36ffb837f578db38c9d7798866861f1b2a35a276db0daa184bc93be2d,FABDAO,136.16784403124998,17,57.6224444413092
0x30c381033aa2830ceb0aa372c2e4d28f004b3db9,18,Global Chinese Community for Public Goods - GR18,0x7f325dd00decadffe8c038431045818de074424b672585340387819ec1ca5b7d,Branche,0.0,12,79.311065723886713
0x30c381033aa2830ceb0aa372c2e4d28f004b3db9,18,Global Chinese Community for Public Goods - GR18,0x957be7b3b8481ecbdbf166fc14aa604cb3cfda120f6ef8846bc4d60782f3098a,MetaMail,13.421830441406252,39,50.684563850751147
0x30c381033aa2830ceb0aa372c2e4d28f004b3db9,18,Global Chinese Community for Public Goods - GR18,0xe58b585c0d08430fb653a3e938affdc58d87eb597479f6daa80d839d4c6a7d57,DHK dao,240.16828437890624,34,262.67432724474929
0x30c381033aa2830ceb0aa372c2e4d28f004b3db9,18,Global Chinese Community for Public Goods - GR18,0xe85ae7069567808a5f50ff0362c6dc6bfbc811f4e4fadc94df725ece1c022533,Liker Land - Writing NFT - Open Content Culture Backed by Readers,281.45853370703128,34,103.87471875560004
0x30c381033aa2830ceb0aa372c2e4d28f004b3db9,18,Global Chinese Community for Public Goods - GR18,0xd3bd2111f80027d538cc252a13afacad8eb0b1565a58d0655eda3b718b88e767,Gitcoin China Ecosystem Development,14.296623859375,49,66.945019235601649
0x30c381033aa2830ceb0aa372c2e4d28f004b3db9,18,Global Chinese Community for Public Goods - GR18,0xefcdbf1d636187cb7e5e6554cd82b0edc5d8a316927987d8f0082687d59296a6,viaPrize,1708.9964213437502,12,1124.256524583092
0x30c381033aa2830ceb0aa372c2e4d28f004b3db9,18,Global Chinese Community for Public Goods - GR18,0x14b028b8fe9f0f57d8171a325599a20688960b946af53804eabb43bf95506504,Ourspace,0.0,10,7.7772393876221031
0x30c381033aa2830ceb0aa372c2e4d28f004b3db9,18,Global Chinese Community for Public Goods - GR18,0x939423c280a07289b359f22b84a816def6c1b8fd504da8f05e2d5eb5c539dc2b,Donate3,349.71741440625,33,174.50323696970008
0x30c381033aa2830ceb0aa372c2e4d28f004b3db9,18,Global Chinese Community for Public Goods - GR18,0x02910d98dbc02736cbe18db7ab319483974c79a94172a0d91ad791fb09392ecb,MyFirstLayer2,13.546800929687498,21,46.2464097046759
0x30c381033aa2830ceb0aa372c2e4d28f004b3db9,18,Global Chinese Community for Public Goods - GR18,0xa0891490c55054d8f7e31881d8aa1ee12e6d9965e0343340f39bf760c462c132,登链社区(Upchain),90.7285744921875,16,65.414650192251429
0x30c381033aa2830ceb0aa372c2e4d28f004b3db9,18,Global Chinese Community for Public Goods - GR18,0xf887e76e0b125cc6a2d66a9e8055c8848be018b2e63dab4809bd4ffda8a6ba85,Tradao,0.0,5,31.820681800832972
0x30c381033aa2830ceb0aa372c2e4d28f004b3db9,18,Global Chinese Community for Public Goods - GR18,0xda215fef8040df1a316efc08c116a2b2626f99cd156a55f9ad09d693a11bd02a,Zuzapp,63.460013949218748,15,130.09412192343734
0x30c381033aa2830ceb0aa372c2e4d28f004b3db9,18,Global Chinese Community for Public Goods - GR18,0x66b1188587d0f8b9a37f5dccf2d4eb9bf16c5487b612d5d0a5d79d108eb8bd8c,Strategic Finance ($StratFi),0.0,8,7.9198538565542549
0x30c381033aa2830ceb0aa372c2e4d28f004b3db9,18,Global Chinese Community for Public Goods - GR18,0x6e5a9c9f01f4884ff397a8e3e3cfce0a086395f9a9d2fd9a1cb9b11edbead016,GasLockR,0.0,12,26.237751116743311
0x30c381033aa2830ceb0aa372c2e4d28f004b3db9,18,Global Chinese Community for Public Goods - GR18,0xbcee43c3c57fa110010daec575e9ed3cf70f474dda1e73ceac2321263b6b3e3d,Data2.cash,102.075894828125,22,131.05584890185855
0x30c381033aa2830ceb0aa372c2e4d28f004b3db9,18,Global Chinese Community for Public Goods - GR18,0xda3e3b12fa4f8bcd665713e81fab552c88b36d12359ab3d70bb899b6d386e568,EIP Fun,243.042605609375,21,156.05770521401428
0x30c381033aa2830ceb0aa372c2e4d28f004b3db9,18,Global Chinese Community for Public Goods - GR18,0xef8ef54b91771769242b7e259d9d358672df29661ae2ba68c6fc9765c1fe7885,DeCert.me,18.8455496328125,15,42.940170457353815
0x30c381033aa2830ceb0aa372c2e4d28f004b3db9,18,Global Chinese Community for Public Goods - GR18,0x788a3dd7fbf163e012df90e52732a67eaeca67bc6d5ac01cef87bf0bc861b1db,橙皮书,0.0,8,109.84890647768043
0x30c381033aa2830ceb0aa372c2e4d28f004b3db9,18,Global Chinese Community for Public Goods - GR18,0x30eba0af57dc6a0436a81baf07be80cee4612ee249c2e41813f71beadf0be84a,B Labs,40.4404500078125,14,40.840060263639316
0x30c381033aa2830ceb0aa372c2e4d28f004b3db9,18,Global Chinese Community for Public Goods - GR18,0x0737158421936b084c9d466fa2e6577101528bd53d07494e44bb4dbe34179ab5,DeSpace QF: Public Goods Funding in Space,2499.409765625,30,287.52597781061195
0x30c381033aa2830ceb0aa372c2e4d28f004b3db9,18,Global Chinese Community for Public Goods - GR18,0xa06603617f8125c3e4b220d0d75d2366f2bcb8e5f358873240a1c1eb75c5593e,4Seas DeSoc,83.505280269531241,15,126.09735126583837
0x30c381033aa2830ceb0aa372c2e4d28f004b3db9,18,Global Chinese Community for Public Goods - GR18,0x861c5ca641ab4856d8e7478180b99896a04c9749a40f170b6b182be1dd03b4d9,Replicare,0.0,17,202.92027849867009
0x30c381033aa2830ceb0aa372c2e4d28f004b3db9,18,Global Chinese Community for Public Goods - GR18,0x0da3353f922620b4fa3a7b0e7e4e81d93217c60919a93f48dd430d94cfd02a05,WTF Academy,0.0,13,21.180117716779932
0x30c381033aa2830ceb0aa372c2e4d28f004b3db9,18,Global Chinese Community for Public Goods - GR18,0xc5faa5745bf23d94fde96bdda0abe63ba787f7056a2bfc42db3b8d494be5c491,Hildr,0.0,5,6.7214555346872658
0x30c381033aa2830ceb0aa372c2e4d28f004b3db9,18,Global Chinese Community for Public Goods - GR18,0xdb2b5491d431430a5c9d2cd6e3d82bdd118104d697562ea785a61dbc21cc89a1,Cash4PR,0.0,4,3.9260364079382271
0x30c381033aa2830ceb0aa372c2e4d28f004b3db9,18,Global Chinese Community for Public Goods - GR18,0xfc0c3dddb48449ff6993ed6e9a7226cf1aa0f55748fb8472187172632810712a,Muchiangmai,0.0,3,99.539936950197443
0x30c381033aa2830ceb0aa372c2e4d28f004b3db9,18,Global Chinese Community for Public Goods - GR18,0xe42004443354acb2d512dedea378312e492c209e65baaaba3cb57504a6cdb820,RWA-Wallet,0.0,8,8.8883567058946937
0x2871742b184633f8dc8546c6301cbc209945033e,18,Web3 Community and Education ,0xa7dd525670693abe05929074e748b1c9da2ac5e012ac889387914cd88bc19208,Hopium,33.0025018125,50,59.416475104259007
0x2871742b184633f8dc8546c6301cbc209945033e,18,Web3 Community and Education ,0xa944162381e700ba23772fff94c9778fbef896309a8945c47303f0d5166c87ae,Take Up Space,372.77825910937497,47,114.38602475668085
0x2871742b184633f8dc8546c6301cbc209945033e,18,Web3 Community and Education ,0xaf05bde5fb06c9408a8d6410040ed2d6ce9577eb8b4b91054bf2f84fab78487d,BanklessUA,1170.8387574843748,127,216.73418239315288
0x2871742b184633f8dc8546c6301cbc209945033e,18,Web3 Community and Education ,0xb0e1185791e949aa3a25cc6206a65e9043355b8042e0ccdc347f55029fedc316,Empowering women and girls through education and digital skills access,1166.0883973749999,102,176.03433561753263
0x2871742b184633f8dc8546c6301cbc209945033e,18,Web3 Community and Education ,0xb20820ebe82d049b5be3d54b36e5251338a33e5bf325540601187abd31389f2a,Empowering Regenerative Entrepreneurship in Altos Mirandinos,223.51694409375,51,72.138908256984
0x2871742b184633f8dc8546c6301cbc209945033e,18,Web3 Community and Education ,0xb2db60cd646c646266c29f360eed419bf9b06504e07d36e350aeaf511cd88758,CryptoConexión: A Community of Communities Fostering Connection and Growth in Latin American Web3 Education,409.53104521874997,60,100.88176368320637
0x2871742b184633f8dc8546c6301cbc209945033e,18,Web3 Community and Education ,0xb3389eb50cacaa1bde284f538e0e908cdad24653cc992be32aaa780430c94dfd,ReFi Lagos,275.27086739062497,59,113.01817726830268
0x2871742b184633f8dc8546c6301cbc209945033e,18,Web3 Community and Education ,0xb3f29ba7f49ecfcc6a5ada3494f3fdc50eedcb08ab1ff647e3d31fa6ad57dc9f,EtherScore,15001.137187499999,3584,6916.5244703011267
0x2871742b184633f8dc8546c6301cbc209945033e,18,Web3 Community and Education ,0xb5a30ed4936627d0ff4b3f92e98c1249ee7984ee1fd2ed3e8983a369e037edb5,KudasaiJP,15001.137187499999,1387,18931.590016546412
0x2871742b184633f8dc8546c6301cbc209945033e,18,Web3 Community and Education ,0xbac939134dcb13b61a5d417f994a575417c11b78cd2b48551ef1995912f4759e,The Noun Square,3865.2930153125,159,544.91236444455353
0x2871742b184633f8dc8546c6301cbc209945033e,18,Web3 Community and Education ,0xbb13a4be78f790d95e48128b50ae064ad85eb400d9a06fc0a65b4cc3a709d163,Mycelia : Bridging Web3 to Indigenous Public Goods,1626.873327984375,110,676.17104569834191
0x2871742b184633f8dc8546c6301cbc209945033e,18,Web3 Community and Education ,0xbcd5f5e9faaa6dbf078590404ce8574929249c465cb095b8b80e383c30b012e1,Ethereum Edmonton,71.255401640625,35,35.586209952572972
0x2871742b184633f8dc8546c6301cbc209945033e,18,Web3 Community and Education ,0xc401c980df990c4153febcf89b1b78428be1e1f5020d1c72d21b9c818f5ab2a5,DeFinomics Labs,317.0240325625,59,240.479300797193
0x2871742b184633f8dc8546c6301cbc209945033e,18,Web3 Community and Education ,0xcb203bdadc39e3a404a64e02458741dfd80899b617fde243d87a7a7d7bcd9d32,DAOstewards,216.51641340625,50,79.148103030926
0x2871742b184633f8dc8546c6301cbc209945033e,18,Web3 Community and Education ,0xcefce998b4003cbba7d4efd2c5485af8e39ff0fdc71a947209a6af9d2935f8f4,Decentralized Library,272.770677859375,124,162.96161936919452
0x2871742b184633f8dc8546c6301cbc209945033e,18,Web3 Community and Education ,0xd3bd2111f80027d538cc252a13afacad8eb0b1565a58d0655eda3b718b88e767,Gitcoin China Ecosystem Development,3231.494969140625,533,682.71616766097941
0x2871742b184633f8dc8546c6301cbc209945033e,18,Web3 Community and Education ,0xd87efcca365c8d54b67f79f420e780357f4c04d99dc46c826ded0b5304df7554,Bankless Africa,3798.037916921875,133,507.42478518642019
0x2871742b184633f8dc8546c6301cbc209945033e,18,Web3 Community and Education ,0xda81fa8d6c91cabf87211c663f1e45551d6300438f3f28d81db71ad877c6b84d,Antisat,157.261921515625,39,72.259163755432382
0x2871742b184633f8dc8546c6301cbc209945033e,18,Web3 Community and Education ,0xdd4197864ab59f2b755b2ead91e7236cff8a3c1c6227d28b65877c22196010fb,MetricsDAO,1436.10886675,115,541.80772273205
0x2871742b184633f8dc8546c6301cbc209945033e,18,Web3 Community and Education ,0xe0ae4e6d028f6a0ba758a65d0ea7dea7c26c3918f29e16f67733d4c835c2a2a6,Web3Arabs,723.304831390625,106,1334.9229472808984
0x2871742b184633f8dc8546c6301cbc209945033e,18,Web3 Community and Education ,0xe0f08b3b36137e01398e52e0db42d175732fede1624f364ffd3109acba81bef0,Crypto Sapiens,599.295430640625,57,198.13506019823035
0x2871742b184633f8dc8546c6301cbc209945033e,18,Web3 Community and Education ,0xe4cf78755728b69c71149848d68bd9b5b854c64ff7eef760dc2055cfc36ae7c0,ReFi Cape Town,99.257524390625,62,81.815587202876486
0x2871742b184633f8dc8546c6301cbc209945033e,18,Web3 Community and Education ,0xe58b585c0d08430fb653a3e938affdc58d87eb597479f6daa80d839d4c6a7d57,DHK dao,1336.3513044531251,91,374.85353908415345
0x2871742b184633f8dc8546c6301cbc209945033e,18,Web3 Community and Education ,0xe7baa25e0311b28ef5cdfa4f5c04b19b3db80b235d493d0d266c0b4ee6a305cf,Help fund Taptive's Writing Cohorts,66.255022578125,45,39.578422565802612
0x2871742b184633f8dc8546c6301cbc209945033e,18,Web3 Community and Education ,0xea7c1b4cdd39331639264a57b2dbc0dcfb93b09700d1d8403197d262908c9a0d,ODTU Blockchain,784.059437,159,562.06715434707075
0x2871742b184633f8dc8546c6301cbc209945033e,18,Web3 Community and Education ,0xeeead05389bb88e3451cfa60fd9243b25205f767417681684bc2b77f9be584d9,VENTUREᕽ,254.51929428125,34,224.262899643134
0x2871742b184633f8dc8546c6301cbc209945033e,18,Web3 Community and Education ,0xf185cb5e2fb4d77eccd69a49d040f434c34c071e346e4a71e8d5e87807349dfe,Green Digital Guardians,779.309076890625,104,166.61321951809805
0x2871742b184633f8dc8546c6301cbc209945033e,18,Web3 Community and Education ,0xf21384f9b80d56774c7f50a7e6e59a4d77c0a528f5fa7fc24285982558696705,ReFi Lisboa — a regenerative startup society in a top web3 city,256.769464859375,58,80.8880552228984
0x2871742b184633f8dc8546c6301cbc209945033e,18,Web3 Community and Education ,0xf3edfeb33fd218d2f11058be7269760d1d1a09a951bc542b7a593e2bc787ada1,LearnWeb3,997.07558506250007,141,213.90783872010434
0x2871742b184633f8dc8546c6301cbc209945033e,18,Web3 Community and Education ,0xf44b50ada1837f5e950d9e002be80c24113e589ae897b04c3e6a52950fb6058f,Mercadonft,6.250473828125,25,32.7029590428574
0x2871742b184633f8dc8546c6301cbc209945033e,18,Web3 Community and Education ,0xf752b34beeef0a1bb9e1eb97f0d5def20e0d3324dd5a7390cafce92edf51ae76,0x Salon,8.0006065,34,39.983983219808579
0x2871742b184633f8dc8546c6301cbc209945033e,18,Web3 Community and Education ,0xfd0cf02e2c2b30ff1f1c0dec4cf916bbe39b81202dde29e5891a038db56ef64b,Ethereum Colombia DAO,2984.9762813593752,600,902.31346922353623
0x2871742b184633f8dc8546c6301cbc209945033e,18,Web3 Community and Education ,0x43cb6da816b75e1bbbf8ad51cb2b29bee78f36a915901311430041da3758885c,ReFi DAO — Unlocking a Global Regen CoordiNATION,3478.263675875,149,471.9844762849134
0x2871742b184633f8dc8546c6301cbc209945033e,18,Web3 Community and Education ,0x447862670113d11b49d4af58debc0f5e99489c6789143d9c1de6fec7b8070fc8,hiromiouchi.eth,720.55462290625,97,177.04896916653888
0x2871742b184633f8dc8546c6301cbc209945033e,18,Web3 Community and Education ,0x457ec30327c665492be165353e1d2e1bfcca298a3ca9ee6e2b69acee9ca4940c,ZachXBT,15001.137187499999,1632,2197.263033797848
0x2871742b184633f8dc8546c6301cbc209945033e,18,Web3 Community and Education ,0x4b5b70fe4200db23bd71d3b28868605ca944a5a5c9e64aebd24ba7d0a65dd874,STEAM Venezuela and Web 3,119.759078546875,40,44.593873419100419
0x2871742b184633f8dc8546c6301cbc209945033e,18,Web3 Community and Education ,0x4c37e15b91561695efc7b49db720fba8fafeb0046073b36bd31e90ff541a6e36,0xBlob,2229.1689860625,101,2038.7142434418893
0x2871742b184633f8dc8546c6301cbc209945033e,18,Web3 Community and Education ,0x4c3a5495e0d5a47ac4c53d26b72f70097321cf1a0fed6626311de7a9c8fbb6b6,"Nurstar's Educational Formats (Stark Cafe, Starknet Daily Recap, Hablando de Starknet",1741.3820085156249,189,413.45018038722992
0x2871742b184633f8dc8546c6301cbc209945033e,18,Web3 Community and Education ,0x4dff827d68973a39950735a7a4ffceb136497a5cd7ff6b36486834b1a8b01b4e,Proof of Integrity,1825.8884146718749,117,207.46065770923087
0x2871742b184633f8dc8546c6301cbc209945033e,18,Web3 Community and Education ,0x4f564b17d99abb615da3a34d2c4b700677324624e5559bf6a7a39c3cfdcd4cd0,Blockchain na Escola,380.77886560937503,57,95.243912747802824
0x2871742b184633f8dc8546c6301cbc209945033e,18,Web3 Community and Education ,0x50f7ca3dfa2359dc2fd5b42fe2a8c43c9306f1880bfb6fbd5e1c4dc26cd1a5c4,Unitap,3685.2793690625,417,734.71294538522852
0x2871742b184633f8dc8546c6301cbc209945033e,18,Web3 Community and Education ,0x570adbec529743717bc86516eeda992ddae6c549f4d01d6e3ad809885850c58d,Optimism is BOS | Build days with Optimism and Blockchain Operating Systeam,863.815483046875,103,232.40432622316075
0x2871742b184633f8dc8546c6301cbc209945033e,18,Web3 Community and Education ,0x59f5eef0a05923c7863af775640e6f9fcdaba56e5cfd726cb8a899fc6b765d33,Cryptonikas,722.054736625,75,256.73196352491868
0x2871742b184633f8dc8546c6301cbc209945033e,18,Web3 Community and Education ,0x5ec2771b7abb81241a53d78cc36e4db68dfd88ff5683826d41d1178c4944851d,ResearchHub Foundation - Peer Review,610.046245625,76,175.30403913888222
0x2871742b184633f8dc8546c6301cbc209945033e,18,Web3 Community and Education ,0x5f6ad2b0947502a91d2c963b3ca25b74bb7c1536968213fe12e30115481d10ae,Dot.alert(),154.51171303125,52,51.290186120430008
0x2871742b184633f8dc8546c6301cbc209945033e,18,Web3 Community and Education ,0x676954e3b9f241db0eedd8e77043d18f43923fa613725217b05848f1fd0910a0,BanklessDAO,9880.2489895937488,346,897.22956902344959
0x2871742b184633f8dc8546c6301cbc209945033e,18,Web3 Community and Education ,0x7145dbd032390b7aaa8e2c0e1491d2f434bb3c9af6b718d78448ba1271f2a5c9,Impactopia - Uniting Collective Organizations through Media and Education,204.51550365625002,62,72.007335199599765
0x2871742b184633f8dc8546c6301cbc209945033e,18,Web3 Community and Education ,0x731a5d6fe8e6f5d8101042ec9c7d134e89310952838e6c06641c29e735ea3e25,MrCrypto Arabic,500.03790625,172,1013.2005421380491
0x2871742b184633f8dc8546c6301cbc209945033e,18,Web3 Community and Education ,0x754006b0d2b97cf65701ff53264422e9d3adcda14aafcac04c60edfbd3252596,Rifai Sicilia,649.299221265625,86,214.59783709584735
0x2871742b184633f8dc8546c6301cbc209945033e,18,Web3 Community and Education ,0x7d33e1df4ed9c9c4eb2bcebd9d26486ba58824b9e98687e4ed7cd2da61fd4c38,EmprendeDAO,92.50701265625,43,53.765417347287439
0x2871742b184633f8dc8546c6301cbc209945033e,18,Web3 Community and Education ,0x7fb41bab4e46183b02cb55d2f1d7137e69e1bc87ed4d94329f772901c59a9a00,Week in Ethereum News,1540.61678915625,85,326.13094898089548
0x2871742b184633f8dc8546c6301cbc209945033e,18,Web3 Community and Education ,0x80cd4885e00183db7333fba136ead1ab331c98fa9327956d20610e074d2c11c5,yAcademy Auditing Fellowships,4177.81670671875,765,1990.111668517904
0x2871742b184633f8dc8546c6301cbc209945033e,18,Web3 Community and Education ,0x8427d56c001d898a2afc097dfffbe471b26dfcc4bf8a9fac386266a5ed1ef37b,Ethereum News Podcast,669.0507185625,86,248.26062825016925
0x2871742b184633f8dc8546c6301cbc209945033e,18,Web3 Community and Education ,0x8b7c1dbe473f41b875cd3f336ebfc5236db9a5f2c8774cf6402bec903d766654,Web3bridge,833.81320867187492,117,230.26608902993394
0x2871742b184633f8dc8546c6301cbc209945033e,18,Web3 Community and Education ,0x8bfe67b54245c58626dd8ee433fbcec4448e6c1ab1dd6e7c0b009987b6a4c656,akiyaDAO,517.289214015625,57,459.77892732256805
0x2871742b184633f8dc8546c6301cbc209945033e,18,Web3 Community and Education ,0x906ffc3130897f433c5fb1a01a30d2581eaa606ff00f6c80348ccc65af9a1a8e,Mechanism Institute,628.797667109375,67,199.16008139536643
0x2871742b184633f8dc8546c6301cbc209945033e,18,Web3 Community and Education ,0x91ad604137e206fbdd50b8e81bc4c20d2e7a5f25b54bf71b4f49d51b0ce9d20c,"Tulum’s Tomorrow, Accelerating the Regenaissance with ReFi Tulum",69.255250015625009,48,39.336235988161206
0x2871742b184633f8dc8546c6301cbc209945033e,18,Web3 Community and Education ,0x92980c994e3e4fda7f66cefa230b7220913c8175833bd98f39dd424049a1388f,Metagov,1307.0990869375,75,204.32149909119835
0x2871742b184633f8dc8546c6301cbc209945033e,18,Web3 Community and Education ,0x9490e005aa96241bdce1cbfaf2dd0fcfc2290bf35fe90a7655f63c184a291fcd,Valucop Global,41.253127265625,25,19.419916088201717
0x2871742b184633f8dc8546c6301cbc209945033e,18,Web3 Community and Education ,0x97109f1cd87660b3c925a5e0c82399678353b2cc11b3296186b13c0dba8efcd7,Impact Academy: making impact knowledge accessible,281.271322265625,78,89.544141481022962
0x2871742b184633f8dc8546c6301cbc209945033e,18,Web3 Community and Education ,0x98c7a34999fb53dc2127bcd50a4dd25a932b5aaec3ae1f91b466ec680cb4408c,Fork DAO,1277.3468315156249,79,316.24405530921649
0x2871742b184633f8dc8546c6301cbc209945033e,18,Web3 Community and Education ,0x991e3c35f0bbe1b8ab6d33f32d48b3db41a75ebafae401e43ecfbbb3afeb209d,Women in Blockchain Farsi: Empowering and Educating the Farsi-Speaking Community,1297.59836671875,114,454.44830857144916
0x2871742b184633f8dc8546c6301cbc209945033e,18,Web3 Community and Education ,0x9c9f6f054c70be233af788cafeb5073d41df5667a572819ce21b60f5424caff5,TaterDAO,152.0115235,55,95.931374024923571
0x2871742b184633f8dc8546c6301cbc209945033e,18,Web3 Community and Education ,0xa049a60510e0962906b3c4ad74e81c6c8f864cc147e736bd9979acd30b55dff3,Follow The Black Hare,1442.3593405781251,72,660.42262080029832
0x2871742b184633f8dc8546c6301cbc209945033e,18,Web3 Community and Education ,0xa42e657cc21b0784270b109f7c5a10e8342681ed7b19fc2477f0fde6b9bda25c,ReFi Tanzania,183.26389264062502,49,82.7847163616425
0x2871742b184633f8dc8546c6301cbc209945033e,18,Web3 Community and Education ,0xa5f1ff7e24ebb5cf402a2097e44ea371a30a9c5ddf1e559f76980cfa2060bc75,ETHMiami,197.51497296875002,78,139.66471635298876
0x2871742b184633f8dc8546c6301cbc209945033e,18,Web3 Community and Education ,0xadbe153724eec36bc07d2979e7cd3c3927b13d6a6706dd1f54fdd8ea894b5874,L2 Planet,420.53187915625,127,236.2061904954644
0x2871742b184633f8dc8546c6301cbc209945033e,18,Web3 Community and Education ,0xb04c6afb542c6ed2857bf13a669610dce53d2c12fa6552ffcb1f1027190d1854,OpenUX: Open Source Web3 UX-Insights,3511.76621559375,126,3926.9262352089609
0x2871742b184633f8dc8546c6301cbc209945033e,18,Web3 Community and Education ,0xb5ee5642dd21e955a8c5f787987c4024fc55d6328385af110b9205e69284a4e7,ReFi Japan,1376.1043180000001,136,292.08146993673654
0x2871742b184633f8dc8546c6301cbc209945033e,18,Web3 Community and Education ,0xba927d4ea0232b5b78753d2511651273761ebb02aca274b0444b5fc2be8e7c93,Web3 Education with No-Code workflows,80.50610290625,42,42.734424406986363
0x2871742b184633f8dc8546c6301cbc209945033e,18,Web3 Community and Education ,0xbbe54a921e60a65006dac1d8809996349d66e93ed587b629e33a447b1e7e8501,DeSci Landscape Analysis,197.0149350625,34,46.163190933035366
0x2871742b184633f8dc8546c6301cbc209945033e,18,Web3 Community and Education ,0xbf915fd79f0253c357b156ca363e4a038eb5d8dfd2a71956dea682013c629905,Token Engineering Commons,4645.6021680156255,126,659.66100778090549
0x2871742b184633f8dc8546c6301cbc209945033e,18,Web3 Community and Education ,0xbfb327f2a19c57f2cde8b321d2fa47f15f70addaa06814ab62465ca90060f1a9,DAO TOKYO,900.818288109375,97,270.02139081558926
0x2871742b184633f8dc8546c6301cbc209945033e,18,Web3 Community and Education ,0xc431422ba96e83ffa8c1ff6fd97780fe9a057207c9fbfaaac0a5f4d319768200,404 DAO,464.035177,43,872.54838688997552
0x2871742b184633f8dc8546c6301cbc209945033e,18,Web3 Community and Education ,0xd2d215965c0c1f1348ae93a782c2d44423a9d27990ff7fb105926466f010ed77,The Stack Report,15.501175093750001,27,13.311135519750678
0x2871742b184633f8dc8546c6301cbc209945033e,18,Web3 Community and Education ,0xd571a23e3a2bf02d28395219158ed5390946bf406b288e3cf946dfc3c935caa5,OpenSense,576.79372485937506,67,459.83819558622781
0x2871742b184633f8dc8546c6301cbc209945033e,18,Web3 Community and Education ,0xdce910ac23823b6f29196e90eda26ad6fb42e7726a49a7affe24b4780eaf6c80,Zero Knowledge Podcast,789.809872921875,79,304.67629074151409
0x2871742b184633f8dc8546c6301cbc209945033e,18,Web3 Community and Education ,0xde981f13759839fb36eedacd78d497e7e1dcc7035d5262722d416c5d2c6bca78,Web3 Women- Season 2,232.51762640625,71,97.321343437955875
0x2871742b184633f8dc8546c6301cbc209945033e,18,Web3 Community and Education ,0xfb0f96e6c85c0e50a243799d52f232234f70897ab25b60cb269e6c21142d10b0,DeSci Toronto,77.755894421875013,50,53.030493736940116
0x2871742b184633f8dc8546c6301cbc209945033e,18,Web3 Community and Education ,0x02bbb649cae9b3141d1a783931f3f0bb76f10d54d863ff7135b55f8d4ab9e88b,LexDAO,4092.5602437031253,110,447.89856842600057
0x2871742b184633f8dc8546c6301cbc209945033e,18,Web3 Community and Education ,0x0306c0d8bb677b66373c261850a870140fa7dbeb4c5cdccbfebe5c2660aa22dc,Boring Security,1056.5800959062499,99,858.0277921771376
0x2871742b184633f8dc8546c6301cbc209945033e,18,Web3 Community and Education ,0x066a8e716dcc876939a23a6b0c26d06028e2ce71528e59134ecdf3941741c6fc,OptiChads,338.025624625,88,156.2283909885191
0x2871742b184633f8dc8546c6301cbc209945033e,18,Web3 Community and Education ,0x083205b4769e1c414e6344eb0db7d01f1b6626010e4bb5e852b4c281d16e2d25,Encriptados,62.754757234374992,36,29.74713095356492
0x2871742b184633f8dc8546c6301cbc209945033e,18,Web3 Community and Education ,0x09ff7f5c0990d73d5d8735ab666e5934e3538e58189c7212c0637ba5edea37ae,Psychedelic Puppet Show,1686.127819875,65,2616.2339541492511
0x2871742b184633f8dc8546c6301cbc209945033e,18,Web3 Community and Education ,0x133a262b7ecddcc68d5182e9cdabd2fff75bc57065fb6e83135d40b8b6be5ab1,State of Web3 Grant Programs,121.50921121875,54,81.035180247945391
0x2871742b184633f8dc8546c6301cbc209945033e,18,Web3 Community and Education ,0x15094a5456b6b691b1fe273683e43da20a254e06449ffc4fdb11f2ade1c32342,Fractal Visions,1424.60799490625,120,251.68336008649567
0x2871742b184633f8dc8546c6301cbc209945033e,18,Web3 Community and Education ,0x19d244c8a88b255cd7686b5195792db8d8a74a8b63a3ca74b5e031c2ab3438b9,web3bsb,32.002426,34,34.469011129567662
0x2871742b184633f8dc8546c6301cbc209945033e,18,Web3 Community and Education ,0x1cc5f7e3823e7928ff4eae98663847a121815ea2061f47a0cf6b128b6c9ffdfb,"Colledge Global: Building minds, connecting communities in Crypto",60.50458665625,33,42.069686251263192
0x2871742b184633f8dc8546c6301cbc209945033e,18,Web3 Community and Education ,0x1d428c9c0406b6e8e122405eae7279619476f9ba15d1908e88fa862968be0742,DeSci Africa,1010.3265895781251,90,251.16861508888906
0x2871742b184633f8dc8546c6301cbc209945033e,18,Web3 Community and Education ,0x1ef537a99ddf6b11379768c49717ffe833ce78a1af4784f5ca25e9978a9c2ba1,Biteye,2840.2153075,1116,1586.007568821984
0x2871742b184633f8dc8546c6301cbc209945033e,18,Web3 Community and Education ,0x21d38235f2f0a3ff72689cf46def66c68ecfae91407bd7a5b07ae8badf056370,ReFi Phangan,86.006519875000009,51,63.964818623939209
0x2871742b184633f8dc8546c6301cbc209945033e,18,Web3 Community and Education ,0x22f4b06c8da8736b9c813c8601f0aaaac869d4028f0b0f46e7c0110f8d9f2758,A Free Youtube content library for developers looking to create web3 games,51.0038664375,36,36.715372008711711
0x2871742b184633f8dc8546c6301cbc209945033e,18,Web3 Community and Education ,0x29c7846924f3b461b036f260af5e881ef1cfd3481615d0cf1c46dc4944b2144e,"ReFi Medellín - Join the movement towards a more sustainable and equitable future in Medellín, Colombia",673.301040765625,83,122.80668430004516
0x2871742b184633f8dc8546c6301cbc209945033e,18,Web3 Community and Education ,0x2bdbdc8d4b745370695a1ac4c9423e8cd7b64e33ee9768fba3885a58496ee7c5,EIPsInsight,542.291109328125,842,247.26344150619116
0x2871742b184633f8dc8546c6301cbc209945033e,18,Web3 Community and Education ,0x2fce8ad4435b6e6bc72744211cddb665f68a148debe4d4980dfa90f3cdfe4c28,UNCHAIN,624.54734490624992,60,712.52553593178527
0x2871742b184633f8dc8546c6301cbc209945033e,18,Web3 Community and Education ,0x30178a91027c4ae97a5b5630d1a626245f42dcf1ce7ad503e0070db93f03514b,JobStash,4841.86704621875,917,5757.4530119014416
0x2871742b184633f8dc8546c6301cbc209945033e,18,Web3 Community and Education ,0x3179401e6a413536985ffe95c2649fa8548d90995c52c7cc1056a37108f49d65,Crypto Altruism – Accessible Web3 Education for Nonprofits and Changemakers,1338.101437125,103,173.26958702571937
0x2871742b184633f8dc8546c6301cbc209945033e,18,Web3 Community and Education ,0x33c5c1554c1fba988895c3db260136ccff746649d3e4f6b507fe9bc3e1455211,GreenPill Network,8677.6578250625,206,647.50301159508308
0x2871742b184633f8dc8546c6301cbc209945033e,18,Web3 Community and Education ,0x36d9dd8b8f458caae2a2a9ca42c60c3997f1420f06f34908f3dd8a7670267ba3,Gravity DAO,1103.5836590937502,137,261.53427327724421
0x2871742b184633f8dc8546c6301cbc209945033e,18,Web3 Community and Education ,0x36e2bab52321bbf3211b5e544bf961cc1f7a7553061c822bda2317ef3cebbc9c,Rhino Review - Ethereum Staking Journal,970.82359498437506,111,346.92132707298515
0x2871742b184633f8dc8546c6301cbc209945033e,18,Web3 Community and Education ,0x3d7775c1332136dc23e46b0c7660793d50084d99a114f35f03d714d055423758,Solow,726.805096734375,83,145.11378320178483
0x2871742b184633f8dc8546c6301cbc209945033e,18,Web3 Community and Education ,0x3e7aa592cdf6d8ccaa88176246ee6502799fe85db2ae81a1e6929c33b55ca345,BlockX2: Mentoring Young Girls onto Blockchain,456.53460840624996,66,113.42408861333752
0x2871742b184633f8dc8546c6301cbc209945033e,18,Web3 Community and Education ,0x4169866e1c2d5118bb6ba15116723a4de4ff71e5929680ebc96ae9f3e15471cb,Asilo Digital,412.281253703125,62,101.26549802438603
0x2871742b184633f8dc8546c6301cbc209945033e,18,Web3 Community and Education ,0x5511ccf73496756a197a4fac7b7b00c61fbccadc855540f5bbcd94f04f62eec9,Ethereum Lima,1615.1224371874998,94,272.37954588162029
0x2871742b184633f8dc8546c6301cbc209945033e,18,Web3 Community and Education ,0x55e6a9679c7f4d5e6cf5913bb4b90ec71193a894c2496b89cc0bf00fe4286aab,Regens Unite: bridging the gap between web3 and local regens,2138.9121439843752,107,291.63455686622729
0x2871742b184633f8dc8546c6301cbc209945033e,18,Web3 Community and Education ,0x5abaa3c226fb15300ae09fe85e9b08886065581aef790f18e60af44f5ba24d57,Bankless Academy,4326.0779459218747,214,398.0240636392009
0x2871742b184633f8dc8546c6301cbc209945033e,18,Web3 Community and Education ,0x608fdbd8adf2d06cc6ce2b2a2cefd2b9a9d2b20c53ad9f524acb94f3e40a9a3d,DeFi Africa,1410.8569524843749,105,252.6063448210225
0x2871742b184633f8dc8546c6301cbc209945033e,18,Web3 Community and Education ,0x6b763c23f49489c2a0bee1a76f4498a4cd9cdcae485f41ad4b33ba1276548ce1,DWeb Curriculum for Creators,64.254870953125,35,23.963941079888173
0x2871742b184633f8dc8546c6301cbc209945033e,18,Web3 Community and Education ,0x6f0e2cefd498ee12dce51b414ffd400e5742f87411be0149629c4ad31504d60a,Bankless Publishing,1562.118419125,94,227.94249456373291
0x2871742b184633f8dc8546c6301cbc209945033e,18,Web3 Community and Education ,0x70d59317f7bfd1fb5b9a757c3f30f52f536ad7eb219504a5dc8e8414a2fcb66b,Natives in Tech,682.80176098437494,61,248.57398548533456
0x2871742b184633f8dc8546c6301cbc209945033e,18,Web3 Community and Education ,0x7583f4952bbb4ae1e7ee81b57a468610113035394f3ace219b10467db69366e9,Salman Needs A Job,331.275112890625,59,186.89773763771882
0x2871742b184633f8dc8546c6301cbc209945033e,18,Web3 Community and Education ,0x7869df8d56a24fe7e51b81c3c1e2ad2315683d5ccf23d4d25f59a9553c455db8,GreenPill Video Project,463.285120140625,53,146.84096666341429
0x2871742b184633f8dc8546c6301cbc209945033e,18,Web3 Community and Education ,0x80625233234c5d33f48fbf1c3f52f241a6f1ef5f505f41bbfd90c1b376efcc5a,Hunting Alpha Media: Bringing Quality DeFi Content to the Masses!,42.253203078125,36,695.43235887246919
0x2871742b184633f8dc8546c6301cbc209945033e,18,Web3 Community and Education ,0x84390b956342a8d85018306d7a9de2f4411e79add9bc63a07b9d103d71af4b1f,The Tapestry,2306.67486153125,68,1025.9690766632302
0x2871742b184633f8dc8546c6301cbc209945033e,18,Web3 Community and Education ,0x947bff2b8a38e1a12db44f3d1852621737dff61591a29422259f897fafb4612e,Andino - Talent in technology,78.255932328125,32,40.887283083786315
0x2871742b184633f8dc8546c6301cbc209945033e,18,Web3 Community and Education ,0x9b95b82685faef7cc640e59c45761262e519f0ddf2d35969a1cc2c45839cd0f4,Bspeak,711.0539026875,85,338.68688566791752
0x2871742b184633f8dc8546c6301cbc209945033e,18,Web3 Community and Education ,0xa06603617f8125c3e4b220d0d75d2366f2bcb8e5f358873240a1c1eb75c5593e,4Seas DeSoc,97.0073538125,36,69.130216828289122
0x2871742b184633f8dc8546c6301cbc209945033e,18,Web3 Community and Education ,0xa1baa6cadb5a6e29852db497a9c32f18a2dc9d17af911e3f5482c372869c2364,RadicalxChange Foundation,1008.326437953125,101,339.338976638599
0x2871742b184633f8dc8546c6301cbc209945033e,18,Web3 Community and Education ,0xa263d36093b814713c642f4fa91ad02fea6ae3c6710347ddff9575c16764dc0a,Send vulnerable children to school,1517.1150075624998,126,306.137806274437
0x2871742b184633f8dc8546c6301cbc209945033e,18,Web3 Community and Education ,0xa2d41c7253484370ddffdde774f9a9dcde5fd25f40894df339c241057dd9220d,International Media Nodes,255.51937009374998,48,90.297867579618469
0x2871742b184633f8dc8546c6301cbc209945033e,18,Web3 Community and Education ,0xa3d3795aeb01daaccfb4866f2f669a4bea5ecd39c19f9bd1ce75bb1be58cc234,Kairos Research,1807.8870500468749,126,193.73619409322055
0x2871742b184633f8dc8546c6301cbc209945033e,18,Web3 Community and Education ,0xc05edb8647212bbdbb2db8c6ebe528d30d58dfc9dd20087cb466cd89b522cb74,Decentralizing Journalism to Restore Public Trust,803.0608774375,48,228.38543194483282
0x2871742b184633f8dc8546c6301cbc209945033e,18,Web3 Community and Education ,0xd24291afb9bf723f7f177b6875792feac0be8924e6e2ed4cf2a48e5598a7582f,ReFiMiami,136.0103105,54,197.45456600896796
0x2871742b184633f8dc8546c6301cbc209945033e,18,Web3 Community and Education ,0xd9140c4a44df5df58d1658b82b515c9b9e6dec15c995ab8a7f86836445098dd3,Blockravers,239.26813814062498,54,90.5422379249685
0x2871742b184633f8dc8546c6301cbc209945033e,18,Web3 Community and Education ,0xdcf722a36ffb837f578db38c9d7798866861f1b2a35a276db0daa184bc93be2d,FABDAO,1212.3419037031249,95,285.88041180497748
0x2871742b184633f8dc8546c6301cbc209945033e,18,Web3 Community and Education ,0xe2024438254605a191c6ec3eb576b18f3a935c6c5cd19313b8b616f7e9f8337a,Criptec,149.76135292187502,41,73.835092122291826
0x2871742b184633f8dc8546c6301cbc209945033e,18,Web3 Community and Education ,0xe2c2826f16d68804bd86b19178950e6f0ca891df3d3a7cc767a9549003346bae,Earthist - Decentralize the Seeds,173.763172421875,64,88.936875029092334
0x2871742b184633f8dc8546c6301cbc209945033e,18,Web3 Community and Education ,0xe8abed71f63ae554019e36c3f0cab555e525e9b8f75c3de90b34606b0fb8be80,OrchestraDAO,65.50496571875,39,77.555684877184831
0x2871742b184633f8dc8546c6301cbc209945033e,18,Web3 Community and Education ,0xeddcb82d2b047920fb51edd0dcdcf5e5dae9c472289a137f368dd139e28dbcb4,OpenCivics,222.766887234375,60,93.974024726052448
0x2871742b184633f8dc8546c6301cbc209945033e,18,Web3 Community and Education ,0xf7774b7f783dd5bf76e50f84d233f248f0e1ff28c0be68732f8fb97a44fd9e2d,Revolte.,724.804945109375,95,886.64663181404831
0x2871742b184633f8dc8546c6301cbc209945033e,18,Web3 Community and Education ,0xfa3473ce9ea642308bebca94dd4a8dd82ec8a1cf4a8a6cfe82b5629f32a4cfb9,RADAR,1366.853616734375,87,225.50432675296906
0x2871742b184633f8dc8546c6301cbc209945033e,18,Web3 Community and Education ,0x035174377e547e4739f68afdfec9d08f5d75ff4c92d31963bb6540a273dbbc1a,The Red Guild,1398.105985875,73,1130.4717338348273
0x2871742b184633f8dc8546c6301cbc209945033e,18,Web3 Community and Education ,0x0e4fc49956119a596ddd7e107b5e33ac7c7bf6046f0713b349887c9d44a0dfd6,ENS DAO Newsletter:  Providing news and core ENS development to the global Ethereum community.,1494.61330178125,162,212.64405261840272
0x2871742b184633f8dc8546c6301cbc209945033e,18,Web3 Community and Education ,0x0f95f3b933e4c08f252fd35f4fa66b5048880b3a90b56cdca22b1446af01685c,Upgrading Ethereum Book,2388.4310592031252,106,565.16947038040962
0x2871742b184633f8dc8546c6301cbc209945033e,18,Web3 Community and Education ,0x136c45276e744b34aa2721949a5297dda9994f14fe6a2c5244fe4c34f49c64ca,OpenData Community,1184.8398188593751,101,324.47224231667133
0x2871742b184633f8dc8546c6301cbc209945033e,18,Web3 Community and Education ,0x223643e42087612efe1d1eb4b87949615f6d0ecae3ce7d99e8a81a0d67ece684,Dream DAO,1113.3343982656252,107,202.65930832267986
0x2871742b184633f8dc8546c6301cbc209945033e,18,Web3 Community and Education ,0x27cef051844910bc94a845739e26c8c6bf8c6905f5b656a0d253bc3086099d16,Decentralized Autonomous Education,191.51451809374998,61,164.37109676059117
0x2871742b184633f8dc8546c6301cbc209945033e,18,Web3 Community and Education ,0x2b6168e96f201e2fa28c49377fec060608b24440d61f4060dd23a5661f409410,WAGMI LATAM,426.28231507812495,60,117.79678295049598
0x2871742b184633f8dc8546c6301cbc209945033e,18,Web3 Community and Education ,0x2cc07080b20e6b058ecb4acb9010cea612a256466941b984f63479a9e0afe036,FTW DAO,467.785461296875,59,379.9116138342979
0x2871742b184633f8dc8546c6301cbc209945033e,18,Web3 Community and Education ,0x3b6de705e7821cbc4cb1832d0e74ac1caf81bcab3b698bd8c054502438f5a373,Blocktrend（區塊勢）,5734.1846899218754,166,1810.9691613880896
0x2871742b184633f8dc8546c6301cbc209945033e,18,Web3 Community and Education ,0x44e17a5350a326b97a80fbabfd74b306428337ada1e5896a4f3411f974a50829,ReFi Costa Rica: Regenerating our Optimism,434.03290262499996,67,143.8037630360086
0x2871742b184633f8dc8546c6301cbc209945033e,18,Web3 Community and Education ,0x453fc926e94e7e4e5233a0d881d8b5f3868309e11fff5d8867eacd7e7185f90b,Web3Matters Weekly（馬特週報）,780.5591716562501,70,134.24771025820519
0x2871742b184633f8dc8546c6301cbc209945033e,18,Web3 Community and Education ,0x52636321f4f19d11f0710423510525c6e411c2dce841855256606721ca4dde49,DIVE INTO CRYPTO,101.257676015625,40,212.34753968003133
0x2871742b184633f8dc8546c6301cbc209945033e,18,Web3 Community and Education ,0x55d654ab1587268b6a19f7de28b946e1c87d84f314b78edc8eecb09188aeacf7,Venture Miner Academy,77.0058375625,36,72.181776106892357
0x2871742b184633f8dc8546c6301cbc209945033e,18,Web3 Community and Education ,0x5f424d4d0534023e926118c668eb36eabbc1db36150511e623ac678ffc931c24,Kyiv Tech,273.02069681250003,64,98.78021633995013
0x2871742b184633f8dc8546c6301cbc209945033e,18,Web3 Community and Education ,0x61acf9eb416a29aca5bc518732b2c9e17cf20c0968b8a1a3788d5e139b47a57c,The Solidity Guild,193.0146318125,52,76.613651380150259
0x2871742b184633f8dc8546c6301cbc209945033e,18,Web3 Community and Education ,0x6d28939e513b4cd39c858f1bb8f1803a224135ac3344c14b910e92085df41692,Play4Change,228.01728525000001,45,76.430405525814422
0x2871742b184633f8dc8546c6301cbc209945033e,18,Web3 Community and Education ,0x7be7001a8389d69bdb401bea5b3b715a92f3d8a9450c47e72cc067aac1656434,VoiceDeck: A Marketplace for Journalism Impact Certificates,537.04071131250009,74,498.74797239759937
0x2871742b184633f8dc8546c6301cbc209945033e,18,Web3 Community and Education ,0x845990d259184102e71d5ffaf08abf292702aa83280b70d6c0e180959389c18e,Sixdegree Lab,583.54423659375,71,172.36444862219287
0x2871742b184633f8dc8546c6301cbc209945033e,18,Web3 Community and Education ,0x8854dbd4338547cc2e0e197e1d40bf43a09e73b6ea0717515cab492a4626cf32,W3 Project Hub │ W3展報,584.0442745,63,209.35275015162551
0x2871742b184633f8dc8546c6301cbc209945033e,18,Web3 Community and Education ,0xa758e455e207da08554cd61d984e2b03eb3690c21984d92e7c1e8c9924a9a688,Bankless Japan Launch Proposal  in Gitcoin,1385.60503821875,120,345.03341396569522
0x2871742b184633f8dc8546c6301cbc209945033e,18,Web3 Community and Education ,0xaeade557a07b7a81b07b9762a71203a84901036763935c67a7d1c5fb3207d7ae,T2 LATAM,207.265712140625,68,88.975837896578014
0x2871742b184633f8dc8546c6301cbc209945033e,18,Web3 Community and Education ,0xb47d5ec919b5820364d424d8002fb14c52a43a7730f35bc4465b0307a5b03c4c,BitKE Africa Web3 Tour,210.265939578125,55,102.0010734497082
0x2871742b184633f8dc8546c6301cbc209945033e,18,Web3 Community and Education ,0xbc44ea9d28535b7bdf3a4bfe0f0282079114bb7e24d460610eaf36741aed4d94,FrontierDAO - XKind community cohort,324.274582203125,70,92.8788830455851
0x2871742b184633f8dc8546c6301cbc209945033e,18,Web3 Community and Education ,0xc271e6417d9bb7848d38c1f911d6a00ca8d1f4a821ea9b88bddaadd68c3ddd6a,Ethereum Mexico,419.53180334375,63,103.0285230551126
0x2871742b184633f8dc8546c6301cbc209945033e,18,Web3 Community and Education ,0xcb88cd311dc9d46b62b3ce8c9f3f6920fb5f6479f413a078275c5a0eb53e5ed0,Cryptoversidad,141.260708515625,50,55.629157214050792
0x2871742b184633f8dc8546c6301cbc209945033e,18,Web3 Community and Education ,0xce0c404b1e5ad79de5653bcc793b2d75e7c3a2cf7dc04cf1b8cf30d9a58de8ef,The Turn: A Festival Of Regenerative Play,264.0200145,63,80.701382012546674
0x2871742b184633f8dc8546c6301cbc209945033e,18,Web3 Community and Education ,0xecfc10dad8ffdca65291437887437b308684f0633aef7aa9b3a888c19934eb51,The Deep,19.0014404375,32,19.555247556625545
0x2871742b184633f8dc8546c6301cbc209945033e,18,Web3 Community and Education ,0xf47ae0dd25ee8c6d03a44d5dc522db36823e5341b5f57f713abb21886bc6208b,AceTCG,1048.829508359375,94,513.71377525022035
0x2871742b184633f8dc8546c6301cbc209945033e,18,Web3 Community and Education ,0x05556c3de8fc70011b8731c7fd4f925b627efed300b8a04486aac3780c72bb7d,Modular Crypto,137.260405265625,55,75.0082223528043
0x2871742b184633f8dc8546c6301cbc209945033e,18,Web3 Community and Education ,0x0590666222d36275454dafe41c55dc3e6df27e2e60776429a983c66a2ae515f8,500K by 2030,236.26791070312498,69,134.49006381430445
0x2871742b184633f8dc8546c6301cbc209945033e,18,Web3 Community and Education ,0x0bb60fd335b6c29178681fdd2b17521acf3bd3b09bd2b8904a58f3520178a6a5,Cloud Scouts,347.77636379687505,56,82.906481698479183
0x2871742b184633f8dc8546c6301cbc209945033e,18,Web3 Community and Education ,0x0bc38014b8d746279009d2548385acc8601602c140bd4f141a6d71f5a5b54c2e,PositiveBlockchain,102.50777078125,44,48.071568029907212
0x2871742b184633f8dc8546c6301cbc209945033e,18,Web3 Community and Education ,0x13e993000777f20fa2c2beb7b09b028cfe6dad148785c8557f43f66bf08be325,Eden Creators,28.252141703124998,32,21.062544858756155
0x2871742b184633f8dc8546c6301cbc209945033e,18,Web3 Community and Education ,0x1f62802f88f507a0f9bcd181bf1b58dba4560910fd1a82f7ce5f6a046d5634d4,Urbanika & the Climate Positive Traveling School,7261.3004556093747,156,1154.356528918699
0x2871742b184633f8dc8546c6301cbc209945033e,18,Web3 Community and Education ,0x2a1dd35b83e07044c6563f57cab3ceb25e48467da5a94c2cf52b6cd862045b59,Trish,913.56925471875,71,624.55054410008961
0x2871742b184633f8dc8546c6301cbc209945033e,18,Web3 Community and Education ,0x33bb1d1d9602c2f6804077ec9e894a90aef779c95afa37d9c7eef4c7a0e62016,mxweb3 crypto hub,926.82025923437493,60,291.05976239286611
0x2871742b184633f8dc8546c6301cbc209945033e,18,Web3 Community and Education ,0x3ebd2f4179a9d4b670f1770745c797e38bb6705037a0cf31ed2cc173b71ef833,Trusted Seed,294.772345734375,63,264.44770307091312
0x2871742b184633f8dc8546c6301cbc209945033e,18,Web3 Community and Education ,0x569371647059d75d546d3a3bc6b350b484f29643b7b740235dcdbe0b0e9e235a,Evolving Space - Nexus Program,33.752558671875,35,56.2620110927528
0x2871742b184633f8dc8546c6301cbc209945033e,18,Web3 Community and Education ,0x579ab08cf9564b84316540af2e97c022a74d9e0f1f804857143d91b8bf59a356,Crowdmuse,191.264499140625,53,77.30209101908622
0x2871742b184633f8dc8546c6301cbc209945033e,18,Web3 Community and Education ,0x5d79092725d85663a135c9841b6c8445f20132ee25951593602f9faebfe34545,40acres DAO,600.04548749999992,70,209.6829739485147
0x2871742b184633f8dc8546c6301cbc209945033e,18,Web3 Community and Education ,0x5fbc40264dc7988fe4a95c448392e1baeb2212f27cae0f30b66c19f94cb40e6e,Impactopia,128.759760859375,46,50.353550435833313
0x2871742b184633f8dc8546c6301cbc209945033e,18,Web3 Community and Education ,0x616c175905e3114c210b950a8de26c54e01655fc3358543c6760a018ff81d132,Man of Crypto,253.769237421875,56,472.60705468740707
0x2871742b184633f8dc8546c6301cbc209945033e,18,Web3 Community and Education ,0x63811cd20ec27c2c0d92923d764431eee5cd6125a9c3d22963b297c849e981e9,Kingfisher's Corner™,126.259571328125,47,58.617906876490451
0x2871742b184633f8dc8546c6301cbc209945033e,18,Web3 Community and Education ,0x66d91c6b49f77db2dc4a09d17f37b146c792372df148e8783ab9a138b634efd5,Regens Unite London,279.771208546875,48,76.504176374499366
0x2871742b184633f8dc8546c6301cbc209945033e,18,Web3 Community and Education ,0x67c4fb7f5d8a0a59430dc443a938e84cdb6be7a629d5205527479ad1e4028ac5,Mafia Creativa,29.50223646875,45,59.564699791346357
0x2871742b184633f8dc8546c6301cbc209945033e,18,Web3 Community and Education ,0x7070896a2d3c53dcbfeb35f42e97849253e54abcd99c90b0fdf028505bad493d,Bankless Turkish,900.06823124999994,94,132.57334654857186
0x2871742b184633f8dc8546c6301cbc209945033e,18,Web3 Community and Education ,0x874e353908cafb80579f071c109136672b0c2db297dbc29b777e9d6c486777f5,ELI5 💡 DAO,825.56258321875,70,263.54695236901534
0x2871742b184633f8dc8546c6301cbc209945033e,18,Web3 Community and Education ,0xa19c019ccb129b858919260f93b99fb5205d6fe2c064f084d6f5e464364efbbc,ETHAccra,1766.8839417343752,72,506.11000430232161
0x2871742b184633f8dc8546c6301cbc209945033e,18,Web3 Community and Education ,0xa6252947f5811bc913b42345b0ca8494142196ec23b76c6706bca620705d4c76,Epicenter,169.0128123125,56,243.07639505583575
0x2871742b184633f8dc8546c6301cbc209945033e,18,Web3 Community and Education ,0xc5c127b7e0caba2474270b0e3e06daf3bd7d7801ec1c6d21e5077891a290d429,MetaFest,2132.66167015625,84,618.34262389570722
0x2871742b184633f8dc8546c6301cbc209945033e,18,Web3 Community and Education ,0xc9a26f0f41bb8b2c2c83f9d3ea3d338706f84b0e21714f3d8fa39300cd5116b2,MKT Community,362.02744412500005,64,109.54953872944679
0x2871742b184633f8dc8546c6301cbc209945033e,18,Web3 Community and Education ,0xe2e9b444eb139fbd6a7831fa1d3cad2a739464909742293a26713d918d539bd3,ETH Venezuela Community Projects,678.051400875,78,138.39273506835718
0x2871742b184633f8dc8546c6301cbc209945033e,18,Web3 Community and Education ,0xf9669f304fb5afab4c7e2d2fe6c14a40bb831a708845204b41f6f0fd9c4bfce4,Rocket Fuel,3280.4986839531252,130,837.55252413437483
0x2871742b184633f8dc8546c6301cbc209945033e,18,Web3 Community and Education ,0x048d17acee1935bc9186fd62bc990d58e508d07425d2c42589f47c516474da5e,ETHChile: An emerging and growing community,192.014556,41,51.515354756706074
0x2871742b184633f8dc8546c6301cbc209945033e,18,Web3 Community and Education ,0x17a0d602bf4bdf5019c3282bc89d799cb3ebaa677299a8986b5ac4462fcb71e5,Web3 Grant Proposal: Empowering LGBTQIA+ Communities with Choice,280.271246453125,55,87.6371664172948
0x2871742b184633f8dc8546c6301cbc209945033e,18,Web3 Community and Education ,0x2dccbd59138e257fbc2b32e43904d1f02ca749d03e5f9d5b59249a47bd753c37,MetaCulture: A Cult DAO Community Initiative,519.78940354687506,85,1039.6758439634905
0x2871742b184633f8dc8546c6301cbc209945033e,18,Web3 Community and Education ,0x3cb2dd5a15ea8fbbf51a06096ed80c1e39ea5f2614cee8567d2d1c3825f23bb7,Cripto Cantina in Costa Rica,599.04541168750006,51,704.558773151366
0x2871742b184633f8dc8546c6301cbc209945033e,18,Web3 Community and Education ,0x3e94a88a54876eb64e1f0b18eedf559a289502728a6743836df44613ba94ee91,Tokenized Impact Bonds(TIBs),191.51451809374998,52,117.15898469541935
0x2871742b184633f8dc8546c6301cbc209945033e,18,Web3 Community and Education ,0x404348b13451abe20ebd106f96834dd0d130ab9caaa4f1aaf245a83d617f8c4c,Help the Internet Archive Fight On,233.0176643125,47,86.47452799088569
0x2871742b184633f8dc8546c6301cbc209945033e,18,Web3 Community and Education ,0x4c1030cb86a017a67d74cb57a2b3d2094385c26a0b17217aa26aad340e1a23cc,ReFi Paramaribo | Innovators Buzz: An innovative community rooted in regeneration & technology,53.50405596875,46,39.31422062125057
0x2871742b184633f8dc8546c6301cbc209945033e,18,Web3 Community and Education ,0x54a0ccdae396d87cb83ca97bee4f384b2db784e8dfd37b3010d8a5894ead31f2,Kamusi DAO,155.51178884375003,62,75.558079457932763
0x2871742b184633f8dc8546c6301cbc209945033e,18,Web3 Community and Education ,0x58e66501c588833533a2b085cc0426394f5af032a4441146c87360832a6d63e4,BanklessMagyar,117.0088700625,37,93.954673052623548
0x2871742b184633f8dc8546c6301cbc209945033e,18,Web3 Community and Education ,0x5ec4c256d3e43833327fcaab86954241915656a2225060f2334216320ee4aa09,Nexus Nodes,21.751648921875,37,32.607373824783281
0x2871742b184633f8dc8546c6301cbc209945033e,18,Web3 Community and Education ,0x5fddc9c9b2a324f5a608b8eaede1b22927122a2121d38a0d73694082bf3aff59,DAZE,397.28011651562497,42,782.27334374605925
0x2871742b184633f8dc8546c6301cbc209945033e,18,Web3 Community and Education ,0x7d8ba62b105e643db505b91962df395987b168adba6b5fb2861d0756ca96a458,Web3 Talks:,341.775908921875,39,229.50807960496968
0x2871742b184633f8dc8546c6301cbc209945033e,18,Web3 Community and Education ,0x835b5700a37d15266b2c7440498d2562c7ce0dff74ef9f2fdca205036904833b,Ethereum Cat Herders,1372.10401475,74,372.27426080484656
0x2871742b184633f8dc8546c6301cbc209945033e,18,Web3 Community and Education ,0x85998372129b0983082b5f9b9b685d7824652a8976143b1f141aa07f5317557c,La Dream Machine's GR18,514.038967625,78,124.95362755621318
0x2871742b184633f8dc8546c6301cbc209945033e,18,Web3 Community and Education ,0x867662707b85868c594ecad790ae38aa894a5f23fd504329223cd395b82ca15f,Curiosi3,248.768858359375,47,76.851375315429323
0x2871742b184633f8dc8546c6301cbc209945033e,18,Web3 Community and Education ,0x97d1779d1e478d5f58246af8c595cbf8f00aae86706524fc21b051bb20c002a9,Dapp-Learning,129.50981771875,44,41.130399690799095
0x2871742b184633f8dc8546c6301cbc209945033e,18,Web3 Community and Education ,0xa51649f0b2a2c3a580adef4a04f4cbff41572a16be04001fcaa4aba27e227f15,Proof of Vibes,229.51739896875,51,61.484930530878046
0x2871742b184633f8dc8546c6301cbc209945033e,18,Web3 Community and Education ,0xefcb4a53c28f2fa2afac8c6ce181cedfcb642f40d1b5357046cbeff26d2a5982,Defy Foundation,2652.9511116093749,68,942.6177088558652
0x2871742b184633f8dc8546c6301cbc209945033e,18,Web3 Community and Education ,0xfd5a2d3ae52626808a3ace853a6b74950d73caa6e99c5a8a05d2e76f84147f77,Pidgin Parlour,252.01910475,47,187.79157440745985
0x2871742b184633f8dc8546c6301cbc209945033e,18,Web3 Community and Education ,0x194b93ab9933586e531e3dcf1cd7ffe061d247986505c664e6e0aee2028005dc,Holistic Framework fostering Integral Coordination through Cyclical Growth,256.769464859375,64,137.06863671119572
0x2871742b184633f8dc8546c6301cbc209945033e,18,Web3 Community and Education ,0x2b001d92a8e91e5f0ee1c6a024d7a0adbfbf490cb2f2a1822ffa3fb79c708ff1,UNIFIED LATAM: Uniting and growing the community,49.50375271875,40,34.950525931988523
0x2871742b184633f8dc8546c6301cbc209945033e,18,Web3 Community and Education ,0x3347327b0e57acc6643a7c326b2a91197ca07fd525f2f4205b598ef93f20bc73,Checky,162.51231953125,54,53.779748378878139
0x2871742b184633f8dc8546c6301cbc209945033e,18,Web3 Community and Education ,0x417f984ee25f3c0cecf2ea30ba7e8a97c8e83fd29293847a6f3078e5aac96480,Ethereum Dominicana,645.54893696875,79,158.97745272631073
0x2871742b184633f8dc8546c6301cbc209945033e,18,Web3 Community and Education ,0x4d2fdbf07fdba0e8423650952abea23ad7ce7a317de308458eb4d45ded05611b,DeFi Toronto,240.51823290624998,63,101.82942117096172
0x2871742b184633f8dc8546c6301cbc209945033e,18,Web3 Community and Education ,0x70922139aeae9f2e67608870719425b8832bb545510b4ae77f6e4688d52a8e4f,DAO Suisse,262.51990078125,53,154.37248794697007
0x2871742b184633f8dc8546c6301cbc209945033e,18,Web3 Community and Education ,0x757a365c73eb60c71d682b2f7098a9fb11f4bb2dbd90ebf6926d5d69d727b850,Ethelo-Allo integration,0.750056859375,30,177.37635654893165
0x2871742b184633f8dc8546c6301cbc209945033e,18,Web3 Community and Education ,0x93187b6b53a8c3ec1483a5502f58a96c3eaac75895ae82b39d5ebe91f8fc585a,Ethereum Uruguay,772.55856515625,69,166.95885276952686
0x2871742b184633f8dc8546c6301cbc209945033e,18,Web3 Community and Education ,0xac56b0a692b89d8d883a46ad57ff2684c42e804fd2495b8e26343c79ad42f3b2,Ethereum Bolivia 2023 Hackaton at 3600 m,285.27162551562503,38,78.615515651017631
0x2871742b184633f8dc8546c6301cbc209945033e,18,Web3 Community and Education ,0xde0a83fcd7c60e13be831a8f35cebaca359b8ac83b333398ad25fbaeef398235,Green Pill Boston,206.51565528125,45,72.28373727523649
0x2871742b184633f8dc8546c6301cbc209945033e,18,Web3 Community and Education ,0xe81c51a29968b307121901b2463c6996c408496588a57ccf0c606a27a6c27c6b,ForkinWisdom: Revolutionizing Web3 with Immersive Scrollable Stories,598.54537378125,47,312.21833723245436
0x2871742b184633f8dc8546c6301cbc209945033e,18,Web3 Community and Education ,0xf60ba958e3a28700385eff3d147af31a120a8584e35e7649c0ced4e13a94a0a0,Women Biz Academy,204.51550365625002,45,68.140132990851271
0x2871742b184633f8dc8546c6301cbc209945033e,18,Web3 Community and Education ,0x1276b36dc17d2c7395b8b1a78612a132840131efedb454a0838e889a83050b21,web3 Warri Nigeria,392.779775359375,60,253.95922616587268
0x2871742b184633f8dc8546c6301cbc209945033e,18,Web3 Community and Education ,0x5bab729d10cee90325b1d6c7b141be71479cc907a4aee6d79f2810a19ba42f43,dOrg Hot Seat Podcast,297.272535265625,51,149.05838485653294
0x2871742b184633f8dc8546c6301cbc209945033e,18,Web3 Community and Education ,0xdeab75ab91697aaa63d04e19f009cbb8bd1f4b0eed4d42024f0ca24f87d9004c,BUIDL Asia x KryptoPlanet,35.50269134375,39,33.884952228236216
0x2871742b184633f8dc8546c6301cbc209945033e,18,Web3 Community and Education ,0x0ba24d30bb476404f6982bb4868cb351afb593fda0b490cf6b9393790d8fc38a,Borderless,353.776818671875,68,122.03587588688606
0x2871742b184633f8dc8546c6301cbc209945033e,18,Web3 Community and Education ,0x271a2eedd33140b953cbdbb97291810939b411af8eecf315ebb4a51db61c6b10,ReFi Mexico Local Node ✨🌱,556.04215175,59,124.50713202331463
0x2871742b184633f8dc8546c6301cbc209945033e,18,Web3 Community and Education ,0x5cbf045b52137a6ce1c403b34472aa50a6df14188b658c4b5255d0feca8edf79,Afroblocks,587.294520890625,59,160.0095656135818
0x2871742b184633f8dc8546c6301cbc209945033e,18,Web3 Community and Education ,0x1c9bbe7892aadd230f1ed02d56c8401ee0930709c2bda5ee6606fbbf9eadc092,PDX DAO: Urban Experimentalism for Web3,351.776667046875,51,384.65828990340015
0x2871742b184633f8dc8546c6301cbc209945033e,18,Web3 Community and Education ,0xdd5c4c7003d128b687fcd00b3050669114f37fa563e7feb7245e0afff46d0de5,Global Events,477.786219421875,75,122.13177598812399
0x2871742b184633f8dc8546c6301cbc209945033e,18,Web3 Community and Education ,0xfe59b646759b6cd905908e95f8df2974c9523aa3b7501dfda135eebcaf56e73f,DirectEd- p2p on-chain scholarships for coding bootcamps in East Africa,311.02357768750005,53,148.56846908221269
0x2871742b184633f8dc8546c6301cbc209945033e,18,Web3 Community and Education ,0x4223211d0af48c4612beb9b679f888d5cc190208660f37884c42bf365ac6028f,IEF Comprehensive Evaluation Framework for Public Goods Projects,103.757865546875,51,58.983104620685481
0x2871742b184633f8dc8546c6301cbc209945033e,18,Web3 Community and Education ,0xcb6d3efe111ba1050377c8effa5b9477eb8ae590a736cf3f9d1bbba2387d78fb,Wise Crowds DAO,187.264195890625,45,49.572556910057756
0x2871742b184633f8dc8546c6301cbc209945033e,18,Web3 Community and Education ,0xf7f5ee1fdad08362a533a0f061e9327448739e06eac0e2e2153ccb582a4d5435,Wild Sherpas DAO,597.54529796875011,59,232.01696519114921
0x2871742b184633f8dc8546c6301cbc209945033e,18,Web3 Community and Education ,0x1b9d52bd361ae765d45bf04e96fbc3787101bd1f0e2ea59c9dcf1d830cf88581,"ReFi Hong Kong, a top community in Asia to connect ESG and ReFi",65.754984671875,54,60.012921951336466
0x2871742b184633f8dc8546c6301cbc209945033e,18,Web3 Community and Education ,0x38a7d0a7c459ca60a1f9769a0e2e8c9c9655399f5ca32e101f82711903ce5884,Khalon Bridge,21.0015920625,24,22.192306809476577
0x2871742b184633f8dc8546c6301cbc209945033e,18,Web3 Community and Education ,0x48a59acfa4d6bfea1d9f6f1d3baacb338c96c7718b335873dd6bf65659b04444,Bankless Malayalam,248.268820453125,54,83.76937997920686
0x2871742b184633f8dc8546c6301cbc209945033e,18,Web3 Community and Education ,0x4ac01165df8bde587755d68b578644b8e68d9b4bb53c98dac92b61b857e55ea9,Dragverse,0.0,55,173.38117569146925
0x2871742b184633f8dc8546c6301cbc209945033e,18,Web3 Community and Education ,0xe00d0d3cb0f1a3fe27dbba9319d63191b3ecd87fafd2e462709a78bf67506d7a,MUTUAL,193.51466971874999,42,77.6477207145399
0x2871742b184633f8dc8546c6301cbc209945033e,18,Web3 Community and Education ,0x3448c0ccdb4e24c23df5985c4c8ab8d1026c9439a5892d3785f10b4a34c44c16,Nación Bankless,468.03548025,67,245.1226257674607
0x2871742b184633f8dc8546c6301cbc209945033e,18,Web3 Community and Education ,0x299f05888df89d8b93d3fcebba921b4817ea61587b7b70b8e2ab519a916e4d3a,Ethereum Guatemala,811.06148393749993,69,462.00698677459513
0x2871742b184633f8dc8546c6301cbc209945033e,18,Web3 Community and Education ,0x89e4adf91b08be431df1e0314211a281d1d43b5c8d77da9456962bd437eea7ce,RemittDAO Inclusionary Outreach,147.0111444375,30,118.20927388195196
0x2871742b184633f8dc8546c6301cbc209945033e,18,Web3 Community and Education ,0xd056d69a245241948593f7359f070fccf7995498ba89bc52183651313692437f,CryptoMx,110.758396234375,40,45.979128154056525
0x2871742b184633f8dc8546c6301cbc209945033e,18,Web3 Community and Education ,0xa1d30c891bd1bba9b70d10c69a92c04388b5c1aed2273b2f13f072d56bb6f110,Academy Ventures,113.758623671875,40,372.13267413603535
0x2871742b184633f8dc8546c6301cbc209945033e,18,Web3 Community and Education ,0xaf1ede008f086d349f59f4e1b0e6adac6321cc99573d24b5fef3b1ee65af4f5d,Digital Commons For Emerging Economies,62.254719328124992,40,49.313690090293676
0x2871742b184633f8dc8546c6301cbc209945033e,18,Web3 Community and Education ,0x00652899139c0749c5ce92eb826b44afc2f08409c58abc9267efb33aa6fe118d,MetaGame,0.0,2,3.5062496662139893
0x2871742b184633f8dc8546c6301cbc209945033e,18,Web3 Community and Education ,0xeabdab6218a41ef9cf6a7ae64665625fac56e7571520a07ce6eb86753a8f4d98,Historia de Honduras,43.753316796875,34,87.794181444889546
0x2871742b184633f8dc8546c6301cbc209945033e,18,Web3 Community and Education ,0x49fd9097e9f5e67cc4b74c22972fc61f7656f6c9e63e93a3e6ce8fa2d82fb39e,LexDAO,0.0,3,2.9631717875599861
0x2871742b184633f8dc8546c6301cbc209945033e,18,Web3 Community and Education ,0x430648d63a8bf810a02677060da01c18595aaf29b5cafec1dc2852f561fa039b,ArtGumi : Community of Web3 Creative Minds,0.0,1,2.5064902305603027
0x2871742b184633f8dc8546c6301cbc209945033e,18,Web3 Community and Education ,0x879e795187621603d93ee43c53b405b9b4cd2d74abe369dfe54d722edcea96f2,AQKU,0.0,1,1.6560183763504028
0x2871742b184633f8dc8546c6301cbc209945033e,18,Web3 Community and Education ,0x0dae7b32c9bd9d38ddb9c6d455da6082c95be22445480aacbfeaa3da252ec0aa,Ether Alpha,0.0,1,0.20194229483604431
0x2871742b184633f8dc8546c6301cbc209945033e,18,Web3 Community and Education ,0x144ca93bee31903d11626a8fea85c36e0d6c7b3c0f1ea2d18ade33cc7412d86d,DID Shield,0.0,1,1.0200595855712891
0x222ea76664ed77d18d4416d2b2e77937b76f0a35,18,Ethereum Infrastructure,0xaa09ef03fe5e4d9a0aa3d49a203ea8d1d89969e19cfe8af2135ecec38f035ae0,Stereum - Ethereum Node Installer & Manager,1168.83916628125,1114,1442.6298181024167
0x222ea76664ed77d18d4416d2b2e77937b76f0a35,18,Ethereum Infrastructure,0xb205bb4c4084ee326905a21f6b6acf5977471b4ad29641c931ef98217cca886c,Topia Shared DA,1224.37539003125,1356,3099.9246477418346
0x222ea76664ed77d18d4416d2b2e77937b76f0a35,18,Ethereum Infrastructure,0xb510aeabc101c97d8612650059a43a1b4ed1c8c86e96d61143506b3649b9f4d0,"Blockscout - Decentralized, Open-source Block Explorer Built for L1s, L2s and All Chains",9258.48353009375,2296,3688.0491947336122
0x222ea76664ed77d18d4416d2b2e77937b76f0a35,18,Ethereum Infrastructure,0xb965779deedb4e9c97878be6d8270712a796ccc507157845917ade8e2dd51a10,L2BEAT,19834.365625000002,6040,13163.328962003347
0x222ea76664ed77d18d4416d2b2e77937b76f0a35,18,Ethereum Infrastructure,0xcedfb9ec17d6bb6a62026f04cd86b71ff3c5b0985fbfd501a27f78676402ab8e,Ethereum Attestation Service,8089.4460201562506,2134,3972.8268081028946
0x222ea76664ed77d18d4416d2b2e77937b76f0a35,18,Ethereum Infrastructure,0xd58734b9d2756b4828cfddcee7254b2a3a8e58ea8df9a041a632894565f5c837,Armiarma v2,1076.0143351562501,1251,1164.3519543642178
0x222ea76664ed77d18d4416d2b2e77937b76f0a35,18,Ethereum Infrastructure,0xda3e3b12fa4f8bcd665713e81fab552c88b36d12359ab3d70bb899b6d386e568,EIP Fun,222.5415823125,828,676.00205007474869
0x222ea76664ed77d18d4416d2b2e77937b76f0a35,18,Ethereum Infrastructure,0xe0acd0898fada5b0a3f1a6a918858f39fdb7f8408f62a0f583afb70fe488022b,ethers.js,6809.33606271875,2135,3991.7281362572685
0x222ea76664ed77d18d4416d2b2e77937b76f0a35,18,Ethereum Infrastructure,0xf9232d7ef9ed63d584a6d35561d189c73dccf11bd03d9992b2700faee0d77b46,Ethscriptions,8423.45673728125,2925,7376.6144102187827
0x222ea76664ed77d18d4416d2b2e77937b76f0a35,18,Ethereum Infrastructure,0xfb5b07f162ab081bf8608d275e9d595a331e0b36b2e445a9a67a2baad6195444,TrueBlocks and the Unchained Index,2690.333353375,1541,2408.1330320604829
0x222ea76664ed77d18d4416d2b2e77937b76f0a35,18,Ethereum Infrastructure,0xfea4b1dccc14b6b2d06d08ec300222497194f0f95437d5c4de8fa2e22f552f58,beaconcha.in,4508.5496502187507,1602,2983.4966879747808
0x222ea76664ed77d18d4416d2b2e77937b76f0a35,18,Ethereum Infrastructure,0x429927c3a14cbe156749adb31371f385749150ac3604513b24d0ddfb6e7b8b90,Ethereum on ARM,2226.40754140625,1259,1959.794191531837
0x222ea76664ed77d18d4416d2b2e77937b76f0a35,18,Ethereum Infrastructure,0x4ead9a89e6e36b62255601f4ef011f33a32400ba5ea5122a7c8b1ce8639a2bae,eth-wizard: An Ethereum validator installation wizard,2319.23237253125,1515,1830.1199982013786
0x222ea76664ed77d18d4416d2b2e77937b76f0a35,18,Ethereum Infrastructure,0x50f3dbb23d121a397941e827ce2f10a0aea7f5cf311de6e3abcfe3847c56c405,wagmi,8238.0054186875,2056,4659.8605802664533
0x222ea76664ed77d18d4416d2b2e77937b76f0a35,18,Ethereum Infrastructure,0x58ee2f1c57f90eb5ef717e2b002a8e5cf10883a212dd70906dfcd3536f2b9c02,Protocol Guild,19834.365625000002,4037,8102.9183022223879
0x222ea76664ed77d18d4416d2b2e77937b76f0a35,18,Ethereum Infrastructure,0x68bf035f1ecb5914aede9bcae5512d0f3efa2c9f4cd7e3c7a69c7cb5836418b4,Lighthouse by Sigma Prime,13154.746313468748,3356,6178.5269204666838
0x222ea76664ed77d18d4416d2b2e77937b76f0a35,18,Ethereum Infrastructure,0x6912f9b68921b6f227dfd5b321f38a531d73fe560c6d1055c01ed1c6b00d5ee1,Somer Esat Ethereum Staking Guides (Ubuntu),871.918712875,949,1098.6061379011953
0x222ea76664ed77d18d4416d2b2e77937b76f0a35,18,Ethereum Infrastructure,0x6ebed815eef2ae11dd17e86ec396d6c081f5271f1a5163b85ce804e70bc4860e,Candide Labs,3302.6202202187496,1628,2289.1802249262109
0x222ea76664ed77d18d4416d2b2e77937b76f0a35,18,Ethereum Infrastructure,0x6ffa8985591680ba3e4098698f2ae51eeae32537258f49a924fd4f9c4b202b98,The Forus,1335.84452484375,1279,1490.0426231411984
0x222ea76664ed77d18d4416d2b2e77937b76f0a35,18,Ethereum Infrastructure,0x76eabce511626d1d54bdae4770c3dc172bffca39ba53d82c27defe44ddb94cfa,EthStaker,19834.365625000002,4999,8663.60600765422
0x222ea76664ed77d18d4416d2b2e77937b76f0a35,18,Ethereum Infrastructure,0x99b81016d61f8b9115282b1055649d4876f38619759064b783478047ca61b714,NiceNode: Run a node — just press start,4044.62383825,2023,3004.7718165670522
0x222ea76664ed77d18d4416d2b2e77937b76f0a35,18,Ethereum Infrastructure,0x9cf538295b69125db2e7036df4bee5d9f40ce2966577064a1af58f60985d98a4,"PLUME: Pseudonymously Linked Unique Message Entities, aka Verifiably Deterministic Signatures on Ethereum",463.7274683125,910,844.93265470443293
0x222ea76664ed77d18d4416d2b2e77937b76f0a35,18,Ethereum Infrastructure,0x9f8d75e7d8ed9328784e6dad56ed0d1fad1417831a16b7e5e417b43eeca511c4,Baseline Protocol,3970.4433108125004,2083,3070.0361893486697
0x222ea76664ed77d18d4416d2b2e77937b76f0a35,18,Ethereum Infrastructure,0xa7421049dfb7dcacaa3c423aaa31fbfeae4e091825a8c937423a7e3b3fd79888,eth.limo,14286.49521603125,3327,5849.6356683049817
0x222ea76664ed77d18d4416d2b2e77937b76f0a35,18,Ethereum Infrastructure,0x0b154245baf1b3cc9a3ffd436e99f32ce3f00d81200627858c86a2ff7960ed4b,Iron Wallet,19834.365625000002,4105,6551.1200413438492
0x222ea76664ed77d18d4416d2b2e77937b76f0a35,18,Ethereum Infrastructure,0x1e27e4bf37e4fca9592fe64f1d0cbb721ec21b2cf98953c10817c278d95c3e2d,Parallelized Monte Carlo methods for algorithmic mechanism design,278.27614971875,805,716.37683390791062
0x222ea76664ed77d18d4416d2b2e77937b76f0a35,18,Ethereum Infrastructure,0x237895756d838c8210b90f5f20b7c95c721e83ff348aec57901c167e65a44163,INTMAX,19834.365625000002,7635,21394.721680681454
0x222ea76664ed77d18d4416d2b2e77937b76f0a35,18,Ethereum Infrastructure,0x30110c8ff69b31ae1173c17e3b20c79fbc8d6cfeb41145038235d6788b73f705,Ethereum Staking Guides by CoinCashew,1205.9294300000001,1047,1143.2628688563345
0x222ea76664ed77d18d4416d2b2e77937b76f0a35,18,Ethereum Infrastructure,0x3532b7116e113d629a3d0a0364840f52c9d93f6b81b2ecc61b2cb228c39ee9fb,IZAR,0.0,769,1134.0725693587447
0x222ea76664ed77d18d4416d2b2e77937b76f0a35,18,Ethereum Infrastructure,0x76b1bbde22213defc762bd2f7a873c204a11212e1a47b63e36664e868601dae4,TurtleShell,0.0,1,0.0098985899239778519
0x222ea76664ed77d18d4416d2b2e77937b76f0a35,18,Ethereum Infrastructure,0xea96b09ee421de1b71442b5790ca30066fd56cd3afd418ca4bf10f23890920d3,Meg's Meme Factory,0.0,1,1.1545202732086182
0x10be322de44389ded49c0b2b73d8c3a1e3b6d871,18,ReFi DAO Local Node ,0xcfd1e49a2e024f545f678aef0144b8083c98f0a8f94df3c23b82f7c242bc6835,ReFi Denver,0.0,56,258.24480413820129
0x10be322de44389ded49c0b2b73d8c3a1e3b6d871,18,ReFi DAO Local Node ,0xd24291afb9bf723f7f177b6875792feac0be8924e6e2ed4cf2a48e5598a7582f,ReFiMiami,0.0,36,327.88923594541848
0x10be322de44389ded49c0b2b73d8c3a1e3b6d871,18,ReFi DAO Local Node ,0xf21384f9b80d56774c7f50a7e6e59a4d77c0a528f5fa7fc24285982558696705,ReFi Lisboa — a regenerative startup society in a top web3 city,0.0,59,103.16138887032866
0x10be322de44389ded49c0b2b73d8c3a1e3b6d871,18,ReFi DAO Local Node ,0x4c1030cb86a017a67d74cb57a2b3d2094385c26a0b17217aa26aad340e1a23cc,ReFi Paramaribo | Innovators Buzz: An innovative community rooted in regeneration & technology,0.0,44,70.761439736932516
0x10be322de44389ded49c0b2b73d8c3a1e3b6d871,18,ReFi DAO Local Node ,0x65bf6588b2a87d3c294c73145e6e86926e47db31bea76a4a85518f023d53940e,ReFi Wien!,0.0,53,1823.505179823027
0x10be322de44389ded49c0b2b73d8c3a1e3b6d871,18,ReFi DAO Local Node ,0x8be854e21ebffbd947ef468073a89f79758f289e43cb035673cc6eabac2faca4,ReFi Prague,0.0,46,94.8600986469537
0x10be322de44389ded49c0b2b73d8c3a1e3b6d871,18,ReFi DAO Local Node ,0x91ad604137e206fbdd50b8e81bc4c20d2e7a5f25b54bf71b4f49d51b0ce9d20c,"Tulum’s Tomorrow, Accelerating the Regenaissance with ReFi Tulum",0.0,48,93.922360352706164
0x10be322de44389ded49c0b2b73d8c3a1e3b6d871,18,ReFi DAO Local Node ,0xa8ecd338deb4c832899b306d8d0448d73e302bd032ad57afc1bc4d18d551fb82,ReFi Toronto - Pioneering Regenerative Finance in Canada's Urban Hub,0.0,47,110.54480441473424
0x10be322de44389ded49c0b2b73d8c3a1e3b6d871,18,ReFi DAO Local Node ,0xb3389eb50cacaa1bde284f538e0e908cdad24653cc992be32aaa780430c94dfd,ReFi Lagos,0.0,70,163.3146201428026
0x10be322de44389ded49c0b2b73d8c3a1e3b6d871,18,ReFi DAO Local Node ,0x271a2eedd33140b953cbdbb97291810939b411af8eecf315ebb4a51db61c6b10,ReFi Mexico Local Node ✨🌱,0.0,69,286.77146895893384
0x10be322de44389ded49c0b2b73d8c3a1e3b6d871,18,ReFi DAO Local Node ,0x624689a82c41caf2c060fee60af83606e6f413d43f8d719de6b4fec25d3542a4,ReFi London — Convening Leaders of Change.,0.0,47,129.86764215677977
0x10be322de44389ded49c0b2b73d8c3a1e3b6d871,18,ReFi DAO Local Node ,0x76fa071186564ba6d9703fd048d8694cbcf3058e3c91b29a64df555a94906f20,ReFi Knowledge Graph 2.0— A New Digital Brain for the Regenerative Economy,0.0,94,214.3029695507139
0x10be322de44389ded49c0b2b73d8c3a1e3b6d871,18,ReFi DAO Local Node ,0x93299bd5ad89ecda52a168d34a42ff99013e7f462786c6da41d653368007955e,ReFi Geneva,0.0,53,92.70805368386209
0x10be322de44389ded49c0b2b73d8c3a1e3b6d871,18,ReFi DAO Local Node ,0xa42e657cc21b0784270b109f7c5a10e8342681ed7b19fc2477f0fde6b9bda25c,ReFi Tanzania,0.0,62,99.343381188809872
0x10be322de44389ded49c0b2b73d8c3a1e3b6d871,18,ReFi DAO Local Node ,0x0ed4bf369ae8765e5b429ca09149d71fbf6181912c34af190688446a67e226ad,Refi Madrid,0.0,45,415.53125044913031
0x10be322de44389ded49c0b2b73d8c3a1e3b6d871,18,ReFi DAO Local Node ,0x1329681ed5354400dc4282887585356e72aabce52064d7ce89519cc83646d08d,refi node ile-ife Nigeria,0.0,23,33.365336708258837
0x10be322de44389ded49c0b2b73d8c3a1e3b6d871,18,ReFi DAO Local Node ,0x21d38235f2f0a3ff72689cf46def66c68ecfae91407bd7a5b07ae8badf056370,ReFi Phangan,0.0,68,415.38507082685828
0x10be322de44389ded49c0b2b73d8c3a1e3b6d871,18,ReFi DAO Local Node ,0x21f84243ff8368ff645cf76a8e3a9ef479b09a9914c908aad479b610c11723ec,ReFi Istanbul,0.0,58,78.562387772049988
0x10be322de44389ded49c0b2b73d8c3a1e3b6d871,18,ReFi DAO Local Node ,0x33ed71434dcd25dffd6cca6e3d4944a65028b9bc3e289059223486f8830c7484,ReFi Saravena,0.0,23,20.125439342111349
0x10be322de44389ded49c0b2b73d8c3a1e3b6d871,18,ReFi DAO Local Node ,0x44e17a5350a326b97a80fbabfd74b306428337ada1e5896a4f3411f974a50829,ReFi Costa Rica: Regenerating our Optimism,0.0,63,132.89560554362833
0x10be322de44389ded49c0b2b73d8c3a1e3b6d871,18,ReFi DAO Local Node ,0x8bbca0820cf531f243953324f0116d758b946deeff664ab7fd18a0d5d39d025d,ReFI Pinda,0.0,43,92.064855944365263
0x10be322de44389ded49c0b2b73d8c3a1e3b6d871,18,ReFi DAO Local Node ,0xd223340d8eb1f2357a644262608b9528922cc98466ce6e2b7afff4bb9edc3bcc,ReFi Barcelona,0.0,44,74.402877505868673
0x10be322de44389ded49c0b2b73d8c3a1e3b6d871,18,ReFi DAO Local Node ,0xd3014b95a4be3070eab0fce22416fab8e3dae9352bed044c590c88d8d3462bd8,ReFi Guadalajara,0.0,28,42.241733776172623
0x10be322de44389ded49c0b2b73d8c3a1e3b6d871,18,ReFi DAO Local Node ,0x29c7846924f3b461b036f260af5e881ef1cfd3481615d0cf1c46dc4944b2144e,"ReFi Medellín - Join the movement towards a more sustainable and equitable future in Medellín, Colombia",0.0,109,1228.2706956191373
0x10be322de44389ded49c0b2b73d8c3a1e3b6d871,18,ReFi DAO Local Node ,0x69e9838ae8d36ea99dd63d98f2c1789e80c31a75be5232981b22b73396095bb8,Hamar Social Labs | Refi Raipur,0.0,34,39.167019510641694
0x10be322de44389ded49c0b2b73d8c3a1e3b6d871,18,ReFi DAO Local Node ,0xb20820ebe82d049b5be3d54b36e5251338a33e5bf325540601187abd31389f2a,Empowering Regenerative Entrepreneurship in Altos Mirandinos,0.0,46,75.714299004524946
0x10be322de44389ded49c0b2b73d8c3a1e3b6d871,18,ReFi DAO Local Node ,0xf09f6c24d0eb21b006065813ec7be78d8ef97ea4c99705cdd8d964345992ad8d,ReFi Cohort Node Rio de Janeiro,0.0,3,3.1776053309440613
0x10be322de44389ded49c0b2b73d8c3a1e3b6d871,18,ReFi DAO Local Node ,0x1b9d52bd361ae765d45bf04e96fbc3787101bd1f0e2ea59c9dcf1d830cf88581,"ReFi Hong Kong, a top community in Asia to connect ESG and ReFi",0.0,51,83.911487808451056
0x10be322de44389ded49c0b2b73d8c3a1e3b6d871,18,ReFi DAO Local Node ,0xdfae30281c446790522416bccb5326613f9402acacd9a0e15e5abe74255b8f6d,ReFi Amsterdam,0.0,35,115.05617969878949
0x10be322de44389ded49c0b2b73d8c3a1e3b6d871,18,ReFi DAO Local Node ,0xcd9267de83095cda6b87388ee68675f66d88a6ab934e5b10133e2b6dcea77156,Porto web3 Club,0.0,25,32.563894036225975
0x10be322de44389ded49c0b2b73d8c3a1e3b6d871,18,ReFi DAO Local Node ,0xe4cf78755728b69c71149848d68bd9b5b854c64ff7eef760dc2055cfc36ae7c0,ReFi Cape Town,0.0,31,38.066023671999574
0x0f0b9d9f72c1660905c57864e79ceb409ada0c9e,19,Token Engineering,0xbecb2d4f81a360d47b4354f84195d8c57cc1db1da364bd18654b22a2513974d2,cadEVM,0.0,98,252.57172277267091
0x0f0b9d9f72c1660905c57864e79ceb409ada0c9e,19,Token Engineering,0xe61a206a3312eb4e3f8b4ff9a7c85cd0af0021eff0f2e66947305360efb3f7a7,EVMcrispr,0.0,97,165.15547532681376
0x0f0b9d9f72c1660905c57864e79ceb409ada0c9e,19,Token Engineering,0xe774b4f543259518e0595eae2ed5969cd7e2898c129ddfc8518e00439dfe7f20,cadCAD: Computer Aided Design for Complex Systems,0.0,81,159.29918762017041
0x0f0b9d9f72c1660905c57864e79ceb409ada0c9e,19,Token Engineering,0xf1f4942df7878a8626d441ae1b9e40f9dd6e67b66bd88138c9285451d871412f,Index Wallets,0.0,74,126.84232903923839
0x0f0b9d9f72c1660905c57864e79ceb409ada0c9e,19,Token Engineering,0xf58f91ee28cf5b6623debfb5322b89c47c9f88ef279541425b4251514a33ddac,tokensight,0.0,31,185.12455413769931
0x0f0b9d9f72c1660905c57864e79ceb409ada0c9e,19,Token Engineering,0xf9758fb44bb9addc5af1ccebbcbf7dacd36584055b934852344bcbda74bf82d9,Breadchain Cooperative,0.0,83,373.12733594223391
0x0f0b9d9f72c1660905c57864e79ceb409ada0c9e,19,Token Engineering,0x6f0dada1385d326e6e4076f304dad4db7cd0e2f383a32d13b7c6c29f6614afd9,Commons Stack,0.0,257,1379.9935289849964
0x0f0b9d9f72c1660905c57864e79ceb409ada0c9e,19,Token Engineering,0x906ffc3130897f433c5fb1a01a30d2581eaa606ff00f6c80348ccc65af9a1a8e,Mechanism Institute,0.0,85,129.77624152321368
0x0f0b9d9f72c1660905c57864e79ceb409ada0c9e,19,Token Engineering,0xe857fa6dc8c1012e168c45c7abdaf298273b0cee34bee3120f128e0e3ac03135,PlaceCred: Exploring SourceCred for Place-based Reputation,0.0,74,351.49090649466962
0x0f0b9d9f72c1660905c57864e79ceb409ada0c9e,19,Token Engineering,0xf8b22d1f3e6a6d9258fc85e8df59e414e500b665aeea5550b0db20459e98eaf4,EIP-7265 Alliance - securing the future of ethereum,0.0,95,127.60400232579559
0x0f0b9d9f72c1660905c57864e79ceb409ada0c9e,19,Token Engineering,0x118a917101c9e0fbb0bf0f3701e00138995d3250e7f47712abb8efbf0ba3a33b,Bonding Curve Research Group (BCRG),0.0,101,289.685849734582
0x0f0b9d9f72c1660905c57864e79ceb409ada0c9e,19,Token Engineering,0x209ff798fadac95c5f5e86d462eeaded209d51d9fa009bd7d88e2e2fc1400847,SymVal,0.0,92,446.11644920415711
0x0f0b9d9f72c1660905c57864e79ceb409ada0c9e,19,Token Engineering,0x2166293b13f56182f7932f2f03139a34bfc67d5b6b85ef36a21037d8a99926bf,KaliBerger,0.0,64,74.743028533644974
0x0f0b9d9f72c1660905c57864e79ceb409ada0c9e,19,Token Engineering,0x30d5d4d7f07e0f98db9680829acc778e43088011fdba43e1fd00243b9c20336b,TE Career Builder for Womxn in Web 3,0.0,20,42.556119305081666
0x0f0b9d9f72c1660905c57864e79ceb409ada0c9e,19,Token Engineering,0x915b81dbeff8550b4b7d170a82548f307a4d913e651b4d346f2796bf6ce2608b,TurtleShell,0.0,104,115.35678777191788
0x0f0b9d9f72c1660905c57864e79ceb409ada0c9e,19,Token Engineering,0x92980c994e3e4fda7f66cefa230b7220913c8175833bd98f39dd424049a1388f,Metagov,0.0,110,150.98035540711135
0x0f0b9d9f72c1660905c57864e79ceb409ada0c9e,19,Token Engineering,0xa70a72244acf6c77533c8a8c0fecc07a07ecefa938e0bf631af808c98533668a,Ecofrontiers: Crypto Natural Capital Aggregator,0.0,22,86.181924936361611
0x0f0b9d9f72c1660905c57864e79ceb409ada0c9e,19,Token Engineering,0x7a7bba183fb942fef3a8f2c97d939367c8d82328a2a5d42b9f7ba2e358ff3423,LunCo - collaborative systems engineering,0.0,83,510.90698208007962
0x0f0b9d9f72c1660905c57864e79ceb409ada0c9e,19,Token Engineering,0x086b7e3593fbd2ca102ec240b5ccdd1f69a85f923845160cf875314e24f37fd6,Public Nouns Operations,0.0,74,79.978652994148433
0x0f0b9d9f72c1660905c57864e79ceb409ada0c9e,19,Token Engineering,0x38e5d8780df0c247dd03c973dc973562cdf815def6f4ac5a04b68d712273b331,Token Engineering Governance Education,0.0,27,33.443529710173607